# Blender 4.2.1 LTS
# www.blender.org
mtllib Lion.mtl
o Model
v 0.060067 0.853370 0.276739
v 0.184865 0.697190 0.293182
v 0.112931 0.645768 -0.363436
v 0.007610 0.557502 -0.549645
v 0.009951 0.371673 -0.661326
v 0.037955 0.415314 0.410354
v -0.018367 0.273879 0.296159
v 0.111052 0.273933 -0.050635
v -0.139899 0.796084 0.444200
v -0.117928 0.013124 -0.426551
v 0.032127 0.864255 0.454807
v 0.151645 0.791099 0.374055
v 0.021426 0.890203 0.433959
v 0.041856 0.907709 0.371998
v 0.023562 0.870947 0.452426
v 0.059787 0.820658 0.425733
v 0.091887 0.874272 0.453948
v 0.030188 0.900385 0.405422
v 0.048855 0.901308 0.333402
v 0.008341 0.899921 0.455515
v 0.041351 0.813081 0.419848
v -0.004909 0.921656 0.412809
v -0.002416 0.902010 0.424932
v 0.145735 0.823739 0.355401
v 0.010733 0.916302 0.362894
v 0.118056 0.836455 0.444316
v 0.137816 0.782194 0.405815
v 0.142126 0.774878 0.381574
v 0.122950 0.802786 0.441663
v 0.072713 0.892306 0.359081
v 0.027781 0.897298 0.328281
v 0.043789 0.863207 0.416530
v 0.106783 0.789321 0.415717
v 0.058644 0.889552 0.407651
v 0.098588 0.762511 0.433898
v 0.081802 0.876872 0.415877
v 0.041058 0.876874 0.284371
v 0.070559 0.857635 0.423593
v 0.132993 0.747015 0.395240
v 0.124779 0.846859 0.368950
v 0.062399 0.872637 0.288314
v 0.086587 0.858249 0.396754
v 0.094133 0.863441 0.355294
v 0.149554 0.807898 0.324198
v 0.059050 0.839875 0.440433
v 0.069691 0.874124 0.383431
v 0.012373 0.849920 0.466650
v 0.103923 0.864725 0.289824
v 0.125810 0.826204 0.310721
v 0.168832 0.772390 0.300079
v 0.064607 0.801059 0.443352
v 0.050968 0.809885 0.467967
v 0.087594 0.878301 0.320700
v 0.138352 0.814393 0.344117
v 0.025449 0.914054 0.305003
v 0.172144 0.765138 0.337918
v 0.032015 0.805726 0.489850
v 0.106859 0.829491 0.394788
v 0.156513 0.770911 0.349243
v 0.005469 0.900136 0.289477
v 0.077062 0.833326 0.402745
v 0.034262 0.907234 0.275184
v 0.045448 0.822765 0.440479
v 0.060014 0.831185 0.463175
v 0.065977 0.803102 0.428421
v 0.066126 0.662834 0.513576
v -0.007711 0.732206 0.509780
v 0.170750 0.727662 0.362985
v 0.092661 0.594559 0.457969
v 0.147297 0.558451 0.388662
v 0.024782 0.725370 0.493325
v 0.182485 0.561735 0.380458
v 0.068796 0.582397 0.500109
v 0.164495 0.629679 0.403697
v 0.099904 0.698121 0.483479
v 0.188051 0.724845 0.326101
v 0.036889 0.586758 0.502195
v 0.097067 0.726597 0.493021
v 0.187194 0.694391 0.339676
v 0.087128 0.606452 0.429507
v 0.120767 0.563506 0.420248
v 0.110925 0.723005 0.424637
v 0.105987 0.547283 0.423815
v 0.134609 0.631852 0.423960
v 0.170607 0.680087 0.399368
v 0.150572 0.590107 0.411969
v 0.152444 0.615061 0.397774
v 0.096969 0.635380 0.450888
v 0.063698 0.783910 0.483224
v 0.108897 0.712274 0.465686
v 0.100036 0.669509 0.437395
v 0.087269 0.759154 0.490661
v 0.082014 0.573803 0.472742
v 0.019944 0.641322 0.499712
v 0.174667 0.625632 0.387239
v 0.060534 0.752975 0.498215
v 0.093628 0.674266 0.496407
v 0.121678 0.660724 0.406480
v -0.022575 0.643296 0.495294
v 0.087284 0.742456 0.430492
v 0.138252 0.735970 0.380771
v 0.150810 0.578776 0.390184
v 0.038053 0.557699 0.452520
v 0.039199 0.749584 0.485121
v 0.079952 0.577201 0.443901
v 0.146326 0.722067 0.416547
v 0.130722 0.569556 0.430527
v 0.166481 0.689858 0.357148
v 0.059052 0.551025 0.471183
v 0.083410 0.754474 0.456515
v 0.020020 0.794168 0.475329
v 0.161887 0.704165 0.393896
v 0.037323 0.556931 0.492373
v 0.164833 0.654632 0.345219
v 0.092524 0.716058 0.442301
v 0.086828 0.629683 0.487076
v 0.027062 0.533463 0.458628
v 0.075032 0.626666 0.510771
v 0.017835 0.591054 0.508221
v 0.094870 0.770326 0.407435
v 0.188787 0.625182 0.367892
v 0.005505 0.581384 0.497692
v 0.051890 0.619959 0.521050
v 0.193091 0.582633 0.353674
v 0.133363 0.696470 0.412183
v 0.151066 0.528780 0.403688
v 0.063001 0.715666 0.504977
v 0.036512 0.665458 0.514163
v 0.114247 0.616360 0.434189
v 0.058709 0.815504 0.153407
v 0.107802 0.798033 0.135835
v 0.019004 0.837391 0.137469
v 0.154521 0.685639 0.102691
v 0.186833 0.734120 0.256529
v 0.146044 0.747002 0.168160
v 0.024446 0.891609 0.236763
v 0.122427 0.782801 0.154921
v 0.132648 0.777150 0.193427
v 0.132022 0.728736 0.133271
v 0.014218 0.896331 0.246928
v -0.001904 0.801987 0.133463
v 0.111966 0.774090 0.126387
v 0.183830 0.732472 0.237318
v 0.110631 0.753812 0.121234
v 0.048896 0.799736 0.129773
v 0.075103 0.788884 0.153593
v 0.133608 0.792308 0.270817
v 0.100322 0.831754 0.264446
v 0.021197 0.877689 0.203972
v 0.057628 0.771414 0.117736
v 0.133952 0.735412 0.071854
v 0.110051 0.832219 0.245583
v -0.008610 0.853606 0.208584
v 0.142043 0.772871 0.236214
v 0.153697 0.804697 0.293956
v 0.121938 0.807700 0.276011
v 0.076188 0.859106 0.235918
v 0.177580 0.733332 0.281541
v 0.066230 0.790673 0.102321
v 0.061742 0.862673 0.198698
v 0.080734 0.779426 0.137696
v 0.048867 0.869712 0.172001
v 0.153154 0.727179 0.149073
v 0.125355 0.769552 0.085034
v 0.149934 0.746576 0.215876
v 0.083100 0.827333 0.242503
v 0.062468 0.850848 0.151273
v 0.061312 0.760361 0.074233
v 0.170010 0.718164 0.161815
v 0.034378 0.767191 0.085750
v 0.104105 0.760988 0.069430
v 0.149762 0.753965 0.193522
v 0.034281 0.854428 0.208951
v 0.054454 0.754341 0.090346
v 0.102906 0.804892 0.204179
v 0.156291 0.811661 0.231010
v 0.121539 0.737045 0.084957
v 0.085865 0.809254 0.183579
v 0.138702 0.803159 0.240331
v 0.083331 0.852697 0.195740
v 0.170304 0.765254 0.199564
v 0.121558 0.711157 0.060677
v 0.008527 0.849405 0.144484
v 0.128700 0.792131 0.173229
v 0.161226 0.710395 0.232055
v 0.163989 0.697862 0.215011
v 0.012965 0.778504 0.106611
v 0.089370 0.741730 0.074276
v 0.163372 0.717957 0.188982
v 0.158599 0.793693 0.194000
v 0.158677 0.701423 0.110024
v 0.000058 0.836462 0.172341
v 0.039954 0.844410 0.187859
v 0.183100 0.669570 0.158809
v 0.048269 0.867499 0.246857
v -0.001044 0.741019 0.061822
v 0.078853 0.760768 0.092677
v 0.045655 0.731700 0.053861
v 0.051358 0.707415 0.026536
v 0.061134 0.725682 0.009584
v 0.116579 0.653193 0.033097
v 0.062318 0.679039 -0.005244
v 0.012811 0.635643 -0.113262
v 0.142737 0.686908 0.071121
v 0.046058 0.673032 -0.000346
v 0.018660 0.709097 0.023979
v 0.094887 0.660201 0.011157
v 0.037503 0.703458 0.003135
v 0.100332 0.700387 0.045404
v 0.019894 0.674662 -0.017143
v 0.038048 0.631401 -0.155018
v 0.100068 0.686659 0.025587
v 0.062037 0.633686 -0.055929
v 0.132879 0.672874 0.058539
v 0.071906 0.617555 -0.126630
v 0.043960 0.633685 -0.095550
v 0.016776 0.732489 0.032366
v 0.082860 0.754704 0.052381
v 0.011942 0.676311 -0.064938
v 0.076188 0.661324 -0.010599
v 0.081145 0.641625 -0.048499
v 0.038650 0.656036 -0.071513
v 0.084899 0.717184 0.023877
v 0.033377 0.660707 -0.038670
v 0.011600 0.630511 -0.156159
v 0.140619 0.490036 0.344148
v 0.185505 0.532821 0.354849
v 0.181683 0.621987 0.186587
v 0.194304 0.513796 0.143151
v 0.174595 0.605946 0.316791
v 0.195372 0.697467 0.266004
v 0.190094 0.598237 0.333002
v 0.205891 0.546151 0.327627
v 0.189376 0.588426 0.184014
v 0.202061 0.520662 0.246055
v 0.186319 0.649305 0.124062
v 0.200902 0.564809 0.196565
v 0.200425 0.521421 0.231406
v 0.216020 0.477913 0.216475
v 0.190997 0.634337 0.314434
v 0.213568 0.518439 0.203406
v 0.166418 0.516666 0.338726
v 0.181458 0.655192 0.192419
v 0.186265 0.574495 0.223333
v 0.176858 0.628043 0.269431
v 0.199005 0.573709 0.159212
v 0.189918 0.610188 0.116340
v 0.169764 0.671614 0.256264
v 0.190088 0.624299 0.229733
v 0.187936 0.580203 0.275351
v 0.188079 0.607343 0.273033
v 0.181318 0.516793 0.263594
v 0.186938 0.496749 0.317422
v 0.197175 0.589763 0.148243
v 0.180208 0.500225 0.288029
v 0.201517 0.502266 0.173726
v 0.196860 0.666056 0.215081
v 0.190655 0.528966 0.166049
v 0.210208 0.467368 0.128384
v 0.198719 0.549684 0.123955
v 0.195576 0.551806 0.297997
v 0.204015 0.457224 0.209218
v 0.191368 0.482791 0.269393
v 0.200491 0.518488 0.124126
v 0.169724 0.641093 0.085306
v 0.195936 0.551528 0.248864
v 0.181643 0.643786 0.291948
v 0.144204 0.681804 0.086544
v 0.193179 0.609950 0.161478
v 0.204770 0.452526 0.169503
v 0.184564 0.505822 0.078983
v 0.188109 0.395685 0.071098
v 0.178246 0.585997 0.094146
v 0.179552 0.582492 0.070672
v 0.142142 0.618494 0.033613
v 0.146742 0.555358 -0.017083
v 0.176323 0.521120 0.050062
v 0.135399 0.588621 0.029402
v 0.188235 0.462288 0.071871
v 0.150938 0.585538 -0.001139
v 0.175479 0.472062 0.053301
v 0.119857 0.614780 0.005082
v 0.118636 0.619849 -0.013584
v 0.131979 0.572829 -0.075874
v 0.101274 0.624955 -0.019841
v 0.126137 0.579491 -0.012355
v 0.158165 0.631580 0.060651
v 0.151149 0.458342 0.017392
v 0.162212 0.504054 -0.063057
v 0.165930 0.419639 0.051962
v 0.159597 0.584455 0.063708
v 0.201640 0.436370 0.098967
v 0.169633 0.408693 0.028620
v 0.193968 0.490964 0.117983
v 0.204465 0.496551 0.099067
v 0.152519 0.387250 0.018753
v 0.093272 0.603446 -0.076665
v 0.106898 0.597945 -0.022928
v 0.165773 0.543221 0.010568
v 0.155577 0.392061 -0.045389
v 0.157779 0.472058 -0.025615
v 0.152547 0.566578 0.033449
v 0.173295 0.528500 0.081330
v 0.150319 0.539648 -0.089322
v 0.159609 0.483545 0.009307
v 0.178841 0.434558 0.048117
v 0.158454 0.419679 -0.022559
v 0.166006 0.436806 -0.080233
v 0.110636 0.586105 -0.139663
v 0.158508 0.467942 -0.071706
v 0.157902 0.519008 0.026176
v 0.028520 0.638562 -0.222043
v 0.079351 0.664415 -0.339885
v 0.124996 0.568407 -0.398395
v 0.093543 0.666736 -0.368168
v 0.034373 0.643721 -0.271149
v 0.109999 0.615588 -0.329558
v 0.006454 0.644669 -0.264042
v 0.044984 0.663935 -0.405457
v 0.121104 0.605950 -0.401807
v 0.046374 0.665918 -0.366649
v 0.095876 0.596933 -0.210963
v 0.100092 0.593290 -0.263747
v 0.119314 0.534679 -0.357091
v 0.096752 0.666202 -0.421461
v 0.062013 0.621884 -0.200671
v 0.104882 0.582036 -0.324707
v 0.023232 0.666258 -0.371042
v 0.046308 0.654424 -0.319035
v 0.090128 0.637277 -0.302265
v 0.100860 0.552102 -0.281360
v 0.084087 0.622587 -0.268601
v 0.062013 0.567818 -0.598161
v 0.052487 0.549183 -0.607124
v 0.116986 0.503511 -0.558302
v 0.039493 0.557898 -0.567093
v 0.044688 0.659286 -0.497269
v 0.015639 0.670622 -0.441916
v 0.070998 0.593590 -0.571497
v 0.096499 0.649589 -0.481469
v 0.115688 0.585792 -0.523071
v 0.140588 0.532267 -0.516269
v 0.135332 0.587626 -0.443745
v 0.136531 0.586179 -0.478376
v 0.018689 0.633026 -0.593157
v 0.036808 0.641389 -0.584513
v 0.037774 0.512989 -0.625104
v 0.020486 0.528148 -0.616140
v 0.044955 0.596702 -0.634386
v 0.068133 0.588957 -0.607933
v 0.140899 0.452396 -0.533335
v 0.023937 0.660119 -0.530829
v 0.068244 0.638296 -0.532265
v 0.046272 0.455333 -0.536106
v 0.106579 0.558037 -0.549393
v 0.044013 0.557778 -0.546855
v 0.103045 0.626814 -0.511296
v 0.089618 0.591783 -0.544595
v 0.010902 0.501549 -0.543318
v 0.036455 0.489441 -0.523080
v 0.154417 0.529126 -0.436600
v 0.018580 0.545093 -0.558659
v 0.058086 0.659621 -0.444111
v 0.060837 0.504483 -0.549086
v 0.087132 0.535308 -0.550655
v 0.042805 0.518518 -0.571799
v 0.123602 0.626736 -0.477786
v 0.159137 0.458441 -0.166898
v 0.095772 0.379848 -0.289217
v 0.099497 0.355965 -0.255783
v 0.161379 0.398834 -0.137678
v 0.112976 0.526019 -0.264492
v 0.144698 0.498104 -0.192042
v 0.065056 0.396197 -0.324468
v 0.134014 0.375421 -0.209249
v 0.138674 0.471703 -0.236196
v 0.070198 0.354535 -0.281392
v 0.124720 0.549276 -0.223410
v 0.127827 0.560276 -0.190689
v 0.027420 0.351289 -0.339086
v 0.148726 0.418873 -0.203752
v 0.108490 0.464445 -0.302910
v 0.101758 0.406235 -0.295260
v 0.105844 0.510313 -0.327667
v 0.148383 0.526164 -0.158877
v 0.158173 0.499796 -0.123417
v 0.030214 0.321863 -0.280042
v 0.126049 0.459754 -0.268038
v 0.125711 0.404238 -0.249737
v 0.110097 0.480219 -0.337135
v 0.148839 0.360104 -0.122206
v 0.091362 0.325757 -0.208587
v 0.165075 0.446192 -0.130154
v 0.161708 0.374082 -0.515334
v 0.154477 0.451363 -0.408078
v 0.135580 0.507618 -0.391210
v 0.060843 0.391496 -0.543811
v 0.040671 0.413716 -0.519813
v 0.099830 0.355576 -0.377679
v 0.153983 0.459490 -0.509082
v 0.094308 0.311645 -0.428105
v 0.159475 0.284832 -0.516316
v 0.125348 0.415293 -0.575210
v 0.031173 0.391040 -0.487952
v 0.135305 0.273101 -0.485797
v 0.138065 0.226747 -0.559542
v 0.151756 0.366803 -0.433011
v 0.095247 0.447344 -0.563963
v 0.074640 0.348033 -0.422087
v 0.030859 0.388840 -0.452947
v 0.132114 0.325927 -0.418457
v 0.084900 0.384979 -0.566899
v 0.136743 0.463260 -0.560396
v 0.106602 0.414545 -0.346924
v 0.148455 0.326742 -0.488300
v 0.060336 0.366301 -0.534921
v 0.162990 0.444627 -0.439533
v 0.155405 0.469558 -0.485792
v 0.112133 0.297130 -0.452523
v 0.072604 0.403482 -0.334450
v 0.078746 0.347171 -0.571656
v 0.008172 0.438866 -0.473881
v 0.146310 0.315216 -0.469500
v 0.140016 0.429222 -0.386826
v 0.093102 0.296457 -0.475608
v 0.151002 0.412273 -0.571240
v 0.069062 0.388716 -0.378212
v 0.107554 0.268339 -0.487770
v 0.112392 0.357846 -0.369677
v 0.031533 0.461339 -0.516342
v 0.118985 0.242082 -0.532934
v 0.046570 0.413389 -0.375837
v 0.104565 0.372720 -0.327027
v 0.162888 0.402204 -0.481647
v 0.088751 0.275993 -0.532828
v 0.012153 0.457385 -0.481970
v 0.000386 0.338085 -0.347854
v 0.052877 0.363833 -0.438808
v 0.064410 0.342662 -0.497568
v 0.062805 0.445175 -0.550555
v 0.018026 0.408957 -0.418403
v 0.061181 0.529346 -0.662591
v 0.035302 0.476613 -0.708109
v 0.054745 0.465241 -0.687387
v 0.025389 0.528476 -0.689917
v 0.057629 0.446759 -0.665582
v 0.021700 0.590602 -0.644076
v 0.004489 0.439474 -0.679517
v 0.048616 0.392237 -0.697219
v 0.020094 0.447398 -0.709241
v 0.050117 0.484937 -0.643767
v 0.159378 0.207729 -0.596794
v 0.126858 0.240222 -0.717239
v 0.024694 0.412797 -0.648161
v 0.159836 0.171588 -0.696711
v 0.151947 0.187543 -0.717862
v 0.158194 0.270567 -0.654985
v 0.044792 0.422123 -0.649224
v 0.016709 0.336672 -0.703546
v 0.154201 0.247487 -0.719307
v 0.140358 0.376524 -0.599398
v 0.166082 0.232192 -0.687473
v 0.118200 0.351737 -0.625665
v 0.157663 0.348212 -0.585917
v 0.109567 0.399629 -0.578973
v 0.139834 0.282494 -0.682185
v 0.054405 0.385968 -0.676369
v 0.037679 0.324393 -0.694729
v 0.121541 0.211551 -0.581969
v 0.106560 0.166926 -0.662384
v 0.032688 0.398196 -0.711952
v 0.095328 0.220094 -0.673456
v 0.157245 0.245929 -0.556852
v 0.136244 0.317116 -0.653104
v 0.101243 0.255729 -0.594397
v 0.107419 0.157555 -0.694596
v 0.071198 0.321337 -0.549451
v 0.165937 0.324614 -0.552127
v 0.099998 0.277267 -0.620573
v 0.175516 0.235067 -0.667207
v 0.095019 0.208639 -0.649533
v 0.085407 0.294639 -0.577436
v 0.117459 0.207584 -0.702401
v 0.175718 0.189129 -0.677489
v 0.163615 0.306500 -0.608424
v 0.164986 0.259815 -0.606411
v 0.013145 0.248865 -0.693824
v 0.153854 0.293889 -0.557569
v 0.096954 0.331816 -0.618517
v 0.000620 0.253222 -0.716470
v 0.100154 0.232417 -0.627541
v 0.037867 0.349611 -0.658462
v 0.116280 0.296790 -0.653819
v 0.027253 0.293985 -0.665685
v 0.153111 0.309939 -0.631832
v 0.065247 0.507571 0.438062
v 0.024515 0.443917 0.444086
v 0.121684 0.457402 0.417504
v 0.049048 0.463414 0.444025
v 0.108483 0.510000 0.418961
v 0.015206 0.543227 0.487366
v 0.008435 0.433201 0.433539
v 0.095455 0.477226 0.441631
v 0.136155 0.506954 0.408239
v 0.101679 0.436820 0.406931
v 0.087970 0.462052 0.422375
v 0.124727 0.471143 0.405916
v -0.003899 0.508783 0.457561
v -0.008599 0.508192 0.484102
v 0.031441 0.499711 0.460583
v 0.090952 0.397084 0.389481
v 0.104438 0.523631 0.447853
v 0.000040 0.411508 0.407009
v 0.223617 0.071965 0.307466
v 0.219106 0.039099 0.333879
v 0.224168 0.024880 0.310436
v 0.019144 0.400056 0.379418
v 0.044031 0.387909 0.360069
v 0.169400 0.465446 0.298532
v 0.080312 0.266790 0.225295
v 0.102925 0.208659 0.249559
v 0.183111 0.409220 0.200112
v 0.129545 0.432703 0.384317
v -0.009234 0.320291 0.352978
v 0.010844 0.341385 0.344431
v 0.190889 0.398633 0.170336
v -0.025706 0.390799 0.376357
v 0.092272 0.380667 0.328482
v 0.129787 0.248817 0.259435
v 0.187380 0.435468 0.290291
v 0.154495 0.417562 0.313980
v 0.191861 0.260434 0.199879
v 0.006226 0.285755 0.335674
v 0.163289 0.270180 0.249920
v 0.055222 0.258369 0.224540
v 0.143924 0.355972 0.295123
v 0.192756 0.405999 0.240814
v 0.090542 0.309381 0.316863
v -0.011904 0.284778 0.217232
v 0.171705 0.238962 0.232325
v 0.171831 0.379929 0.285962
v -0.023175 0.287199 0.320502
v 0.046716 0.278465 0.304165
v 0.073539 0.329114 0.337599
v 0.114125 0.333471 0.298867
v 0.178223 0.361474 0.264507
v 0.144726 0.461972 0.364414
v 0.135390 0.425430 0.351937
v 0.202242 0.390413 0.212855
v 0.131744 0.382878 0.343163
v 0.102961 0.410092 0.363835
v 0.078972 0.302485 0.269931
v 0.047533 0.341346 0.334941
v 0.188508 0.375966 0.188835
v 0.068977 0.447944 0.400470
v 0.066633 0.410623 0.380410
v 0.202647 0.468937 0.228598
v 0.175710 0.355251 0.238363
v 0.017152 0.264831 0.318905
v 0.116571 0.287605 0.232766
v 0.139398 0.325680 0.272045
v 0.156196 0.410881 0.340103
v 0.113498 0.321581 0.274109
v 0.183166 0.349586 0.206012
v 0.023681 0.347997 0.369580
v 0.189463 0.445464 0.260253
v 0.096058 0.286243 0.257896
v 0.125680 0.467850 0.376199
v 0.002955 0.353320 0.374479
v 0.073752 0.394177 0.340337
v 0.037894 0.238188 0.215012
v 0.148171 0.322823 0.239889
v 0.154006 0.469598 0.323902
v 0.162833 0.332360 0.233206
v 0.007600 0.267580 0.283395
v 0.040236 0.274367 0.268772
v 0.057625 0.287860 0.247367
v 0.050490 0.382668 0.338735
v 0.127891 0.339971 0.307409
v 0.039802 0.428027 0.384754
v 0.125503 0.435364 0.370049
v 0.018267 0.268134 0.234828
v 0.116757 0.295380 0.235348
v 0.197103 0.431901 0.200087
v 0.026766 0.303523 0.340873
v 0.182938 0.319881 0.217723
v 0.138994 0.223154 0.106169
v 0.206754 0.429079 0.127326
v 0.133897 0.323092 -0.030246
v 0.191552 0.417967 0.161313
v 0.027669 0.256022 0.108645
v 0.106397 0.272124 -0.009792
v 0.093009 0.289594 0.086466
v 0.162201 0.226836 0.145333
v 0.012023 0.262766 0.078404
v 0.141060 0.273540 0.054215
v 0.133447 0.326341 0.070368
v 0.160191 0.360573 0.076724
v 0.125159 0.244571 0.116624
v -0.002186 0.261300 0.108746
v 0.088201 0.282284 -0.036993
v 0.103026 0.194692 0.146505
v 0.050069 0.284230 0.127909
v 0.193865 0.374551 0.141808
v 0.059854 0.296193 0.099857
v 0.069897 0.293581 0.030616
v 0.064704 0.287126 -0.022967
v 0.160103 0.311452 0.077902
v 0.187218 0.393045 0.118854
v 0.026607 0.234491 0.141475
v 0.192496 0.394388 0.090870
v 0.137067 0.235156 0.061897
v 0.003319 0.237920 0.149702
v 0.120579 0.293650 0.049957
v 0.034968 0.231607 0.190966
v 0.061831 0.256671 0.203304
v 0.126070 0.254428 0.060762
v -0.014507 0.253159 0.203159
v 0.159513 0.276788 0.102969
v 0.151070 0.255014 0.081610
v 0.046027 0.269904 -0.062544
v 0.057575 0.260295 0.161029
v 0.145963 0.238075 0.120671
v 0.181800 0.353374 0.124120
v -0.003071 0.229336 0.197251
v 0.167623 0.380148 0.051311
v 0.119530 0.293796 0.009714
v 0.190652 0.312072 0.173857
v 0.085855 0.225256 0.140962
v 0.018952 0.269994 -0.018123
v 0.092468 0.287668 0.052077
v 0.143644 0.358202 0.000747
v 0.172673 0.308664 0.123313
v 0.132002 0.329146 0.011917
v 0.102415 0.261455 0.041370
v 0.104857 0.276766 0.012822
v 0.033633 0.280473 0.032306
v 0.080251 0.281053 0.127209
v 0.166517 0.300781 0.088302
v 0.130997 0.346140 -0.047826
v 0.185709 0.281204 0.141998
v 0.119987 0.278983 0.094407
v -0.000341 0.279225 0.042910
v 0.168965 0.391865 0.109071
v 0.176310 0.225588 0.176296
v 0.057633 0.289033 0.067543
v 0.187679 0.031953 0.362319
v 0.180729 0.069096 0.372295
v 0.081422 0.055280 0.316613
v 0.145270 0.095989 0.378200
v 0.160888 0.086769 0.386624
v 0.172777 0.199772 0.219270
v 0.148651 0.130621 0.276282
v 0.066151 0.100422 0.302613
v 0.169678 0.088253 0.353921
v 0.092602 0.141003 0.273715
v 0.123858 0.144985 0.289122
v 0.141280 0.084477 0.334768
v 0.159625 0.108159 0.285923
v 0.205855 0.075793 0.324049
v 0.161459 0.041555 0.380268
v 0.056277 0.080104 0.283036
v 0.130497 0.031371 0.375490
v 0.049430 0.067123 0.303091
v 0.138402 0.019951 0.329020
v 0.112755 0.107787 0.310310
v 0.153128 0.183208 0.256851
v 0.120307 0.080945 0.339955
v 0.107029 0.090133 0.385419
v 0.081665 0.112646 0.266547
v 0.101563 0.082655 0.337444
v 0.101617 0.053487 0.396926
v 0.086886 0.066388 0.383540
v 0.176119 0.084022 0.279466
v 0.091142 0.032899 0.369026
v 0.125001 0.188304 0.273571
v 0.210776 0.077522 0.363343
v 0.201213 0.092859 0.348897
v 0.171140 0.082893 0.321079
v 0.189272 0.018983 0.316106
v 0.081193 0.052604 0.280352
v 0.094517 0.021046 0.297957
v 0.131397 0.045988 0.390234
v 0.116704 0.140792 0.172320
v 0.087832 0.161927 0.234516
v 0.069516 0.218994 0.199491
v 0.101345 0.048713 0.255026
v 0.171662 0.018698 0.283344
v 0.217409 0.034241 0.286739
v 0.107261 0.109630 0.202859
v 0.159730 0.150852 0.188940
v 0.156339 0.088070 0.230406
v 0.172258 0.138753 0.235768
v 0.180510 0.056704 0.267126
v 0.129169 0.055925 0.223779
v 0.092848 0.121082 0.216327
v 0.141749 0.112892 0.196906
v 0.086362 0.182133 0.170845
v 0.128947 0.015492 0.295481
v 0.133687 0.024554 0.257881
v 0.085783 0.074226 0.255247
v 0.136527 0.182904 0.143011
v 0.171861 0.098155 0.256803
v 0.117443 0.298436 -0.033368
v 0.109042 0.298157 -0.114564
v 0.060361 0.291119 -0.177997
v 0.117802 0.331321 -0.161558
v 0.019474 0.282724 -0.208261
v 0.096007 0.304256 -0.129089
v 0.066327 0.288723 -0.079157
v 0.019361 0.265017 -0.072823
v 0.124428 0.320369 -0.082508
v 0.069644 0.328036 -0.245507
v 0.019042 0.268223 -0.152200
v 0.111106 0.311231 -0.159738
v 0.104035 0.084568 -0.706282
v 0.209982 0.077567 -0.642792
v 0.232578 0.021714 -0.639038
v 0.131479 0.110111 -0.634100
v 0.221447 0.047031 -0.623798
v 0.150682 0.143633 -0.633163
v 0.187030 0.127991 -0.691893
v 0.230346 0.066335 -0.671742
v 0.105263 0.062396 -0.685708
v 0.139246 0.019672 -0.653137
v 0.134528 0.082392 -0.634702
v 0.136905 0.176823 -0.611971
v 0.202961 0.074063 -0.707481
v 0.172531 0.060408 -0.725513
v 0.205706 0.024663 -0.608236
v 0.197218 0.087754 -0.663366
v 0.167596 0.111011 -0.725899
v 0.163232 0.015303 -0.609004
v 0.118769 0.135446 -0.638018
v 0.115317 0.043902 -0.593546
v 0.104850 0.023360 -0.619199
v 0.106726 0.123445 -0.679982
v 0.180070 0.104673 -0.712967
v 0.127136 0.170096 -0.712823
v 0.118004 0.089150 -0.719701
v 0.156061 0.138346 -0.725987
v 0.205910 0.037934 -0.705827
v 0.167227 0.016554 -0.667566
v 0.238266 0.028294 -0.665804
v 0.180355 0.024316 -0.707160
v 0.127346 0.123900 -0.722710
v 0.113580 0.053968 -0.717637
v 0.155712 0.081986 -0.730112
v 0.142626 0.032523 -0.712251
v 0.145170 0.046728 -0.593363
v 0.104676 0.021657 -0.656540
v 0.207556 0.015738 -0.668145
v 0.173307 0.159827 -0.647903
v 0.115482 0.070935 -0.658211
v 0.164212 0.089701 -0.640571
v 0.209389 0.053261 -0.608366
v 0.174674 0.072912 -0.611313
v 0.138188 0.020391 -0.690685
v 0.106211 0.028835 -0.697405
v 0.145158 0.074540 -0.614425
v 0.162436 0.025458 -0.591899
v 0.235734 0.053434 -0.637023
v 0.118085 0.182571 -0.619914
v 0.185667 0.116603 -0.660500
v -0.096030 0.860404 0.264086
v -0.069557 0.918651 0.343835
v -0.077161 0.827098 0.430287
v -0.116674 0.849640 0.322535
v -0.000503 0.916020 0.395968
v -0.038255 0.905383 0.392534
v -0.119201 0.876518 0.262303
v -0.081149 0.881763 0.318325
v -0.068043 0.882444 0.434829
v -0.021526 0.911883 0.423091
v -0.090476 0.886280 0.370427
v -0.116595 0.814928 0.433147
v -0.122687 0.812778 0.353344
v -0.035001 0.913910 0.399439
v -0.043432 0.914510 0.317810
v -0.080464 0.880421 0.409471
v -0.042968 0.921705 0.355949
v -0.092714 0.898399 0.336242
v -0.050929 0.903390 0.435571
v -0.010059 0.882352 0.465757
v -0.150210 0.761559 0.356454
v -0.016911 0.897600 0.286753
v -0.113092 0.888617 0.354111
v -0.035794 0.884875 0.458288
v -0.115388 0.859205 0.371410
v -0.111144 0.878848 0.384891
v -0.109402 0.857010 0.350659
v -0.137865 0.817043 0.327894
v -0.037012 0.893128 0.302605
v -0.117470 0.861101 0.313423
v -0.134937 0.841967 0.327969
v -0.100029 0.844670 0.389027
v -0.071785 0.904764 0.388102
v -0.146442 0.809685 0.287226
v -0.084344 0.812771 0.481172
v -0.019786 0.918294 0.341247
v -0.107609 0.887743 0.301839
v -0.019500 0.843426 0.459562
v -0.153599 0.787459 0.300906
v -0.068113 0.853028 0.235491
v -0.107012 0.845939 0.306099
v -0.011448 0.903393 0.324802
v -0.060727 0.840108 0.440229
v -0.061001 0.905449 0.317864
v -0.009555 0.900735 0.354771
v -0.033521 0.814397 0.470561
v -0.096396 0.831935 0.293791
v -0.096478 0.867130 0.303712
v -0.078694 0.877607 0.255623
v -0.152031 0.768827 0.312882
v -0.198000 0.695726 0.583835
v -0.188011 0.687379 0.572475
v -0.166413 0.720686 0.571098
v -0.161789 0.692722 0.583568
v -0.164475 0.668448 0.586794
v -0.146887 0.772981 0.471367
v -0.109454 0.786019 0.493758
v -0.080195 0.625049 0.545983
v -0.124389 0.684793 0.576129
v -0.120665 0.719977 0.541626
v -0.145172 0.753068 0.529012
v -0.164226 0.640232 0.374774
v -0.219456 0.692059 0.556757
v -0.019730 0.677541 0.515301
v -0.164708 0.659919 0.355044
v -0.029109 0.772364 0.506292
v -0.221448 0.685832 0.523521
v -0.128911 0.616152 0.562425
v -0.060736 0.660726 0.515931
v -0.182837 0.606585 0.328231
v -0.132960 0.627926 0.577759
v -0.194724 0.705843 0.467664
v -0.176865 0.655902 0.339515
v -0.216990 0.676660 0.473668
v -0.124112 0.560453 0.554974
v -0.157301 0.783552 0.409154
v -0.221649 0.624550 0.500965
v -0.142408 0.755105 0.438447
v -0.188708 0.646255 0.557002
v -0.179079 0.582291 0.346838
v -0.224330 0.647679 0.496216
v 0.009220 0.687133 0.513928
v -0.142549 0.586084 0.458122
v -0.109601 0.583787 0.485909
v -0.063124 0.627624 0.509479
v -0.170088 0.714033 0.433775
v -0.081266 0.609415 0.501023
v -0.034813 0.624860 0.483426
v -0.037988 0.745833 0.522685
v -0.151129 0.599585 0.407881
v -0.167041 0.749825 0.387391
v -0.173920 0.631429 0.544639
v -0.081718 0.583629 0.473788
v -0.081620 0.595892 0.538949
v -0.141292 0.593290 0.565743
v -0.069665 0.723706 0.527024
v -0.170226 0.581147 0.553516
v -0.194936 0.593454 0.527695
v -0.027483 0.527271 0.492900
v -0.069644 0.791831 0.503052
v -0.153359 0.741295 0.325407
v -0.059549 0.761404 0.510024
v -0.203568 0.616377 0.494356
v -0.199143 0.563399 0.489993
v -0.032347 0.585236 0.491789
v -0.149300 0.523658 0.422374
v -0.095223 0.570427 0.462763
v -0.163753 0.612259 0.427257
v -0.154296 0.542633 0.389948
v -0.140529 0.600839 0.427449
v -0.168719 0.695435 0.321316
v -0.197872 0.723620 0.561371
v -0.159594 0.579691 0.390208
v -0.110174 0.674741 0.568187
v -0.102653 0.650612 0.555926
v -0.123712 0.573573 0.439285
v -0.205201 0.726793 0.521485
v -0.172440 0.697664 0.366591
v -0.162956 0.556500 0.538860
v -0.170220 0.566019 0.373052
v -0.154866 0.633793 0.397921
v -0.166531 0.641262 0.421700
v -0.172814 0.679351 0.433236
v -0.172982 0.560907 0.476900
v -0.166064 0.529532 0.378398
v -0.089635 0.704129 0.531980
v -0.090768 0.753474 0.495326
v -0.205505 0.676313 0.547990
v -0.142530 0.739353 0.547154
v -0.193261 0.622513 0.444889
v -0.186122 0.594483 0.448869
v 0.008105 0.877501 0.242743
v -0.131334 0.794256 0.263817
v -0.103351 0.785739 0.239627
v -0.066041 0.727856 0.082344
v -0.000619 0.874239 0.198559
v -0.042568 0.860884 0.202813
v -0.118879 0.763682 0.253035
v -0.004411 0.790022 0.107537
v -0.092364 0.720175 0.100961
v -0.119915 0.836949 0.258755
v -0.031706 0.775959 0.118893
v -0.114243 0.805458 0.242340
v -0.104207 0.724508 0.114409
v -0.064393 0.862719 0.211960
v -0.138840 0.733605 0.254700
v -0.149796 0.741347 0.281863
v -0.039401 0.884225 0.239891
v -0.080133 0.774400 0.124996
v -0.119947 0.761902 0.150368
v -0.144968 0.732472 0.215381
v -0.096923 0.683333 0.065893
v -0.046285 0.802731 0.133758
v -0.070239 0.807896 0.172187
v -0.126165 0.692645 0.170249
v -0.082793 0.826272 0.184825
v -0.140576 0.733259 0.169465
v -0.051950 0.757896 0.111709
v -0.099295 0.745023 0.128391
v -0.004384 0.766428 0.086168
v -0.087593 0.824078 0.220787
v -0.125667 0.787857 0.205945
v -0.019304 0.829728 0.201685
v -0.105653 0.794676 0.192604
v -0.054599 0.728972 0.053100
v -0.125648 0.837873 0.243907
v -0.021901 0.821989 0.147151
v -0.139223 0.738963 0.198533
v -0.002581 0.749214 0.076765
v -0.018211 0.660680 -0.082223
v -0.055581 0.684783 0.022884
v -0.060011 0.667503 -0.033888
v -0.020715 0.714706 0.031988
v -0.045290 0.688950 0.007316
v -0.043332 0.665358 -0.037531
v -0.033833 0.662256 -0.062142
v -0.056836 0.634697 -0.098548
v -0.001773 0.693257 -0.011652
v -0.092475 0.646426 0.001326
v -0.093233 0.701896 0.050276
v -0.018682 0.688424 -0.016481
v -0.014171 0.719759 0.000236
v -0.011577 0.667836 -0.044071
v -0.059424 0.703211 0.027914
v -0.023232 0.643508 -0.105975
v -0.020715 0.694795 0.027444
v -0.074202 0.645788 -0.025414
v -0.064769 0.620108 -0.194946
v -0.098450 0.679098 0.103984
v -0.160784 0.528562 0.310230
v -0.193620 0.620511 0.199465
v -0.182036 0.664163 0.259950
v -0.195071 0.463650 0.255697
v -0.201611 0.518505 0.250184
v -0.182017 0.560899 0.204342
v -0.188496 0.535116 0.184885
v -0.180233 0.545344 0.271557
v -0.175091 0.734992 0.289574
v -0.175219 0.660457 0.199381
v -0.167198 0.601529 0.157237
v -0.175219 0.626171 0.178901
v -0.168351 0.631560 0.245549
v -0.193118 0.564821 0.176058
v -0.176300 0.520844 0.158760
v -0.186127 0.530970 0.306431
v -0.149231 0.671718 0.144463
v -0.181548 0.578237 0.315931
v -0.179011 0.482081 0.281368
v -0.181893 0.495825 0.300015
v -0.150385 0.666522 0.173697
v -0.190463 0.527362 0.211952
v -0.166385 0.669401 0.181641
v -0.181546 0.713899 0.300463
v -0.197449 0.501813 0.198720
v -0.134790 0.615477 0.126465
v -0.188609 0.594313 0.237831
v -0.157173 0.595767 0.099805
v -0.186135 0.564814 0.286884
v -0.180987 0.590009 0.286406
v -0.157826 0.631653 0.142942
v -0.179346 0.478290 0.230289
v -0.169216 0.718853 0.219281
v -0.143602 0.526234 0.344764
v -0.181270 0.569405 0.247683
v -0.140675 0.695091 0.118008
v -0.199207 0.664530 0.293995
v -0.175789 0.491886 0.168382
v -0.155630 0.698766 0.255921
v -0.195432 0.635702 0.326881
v -0.192176 0.485267 0.125837
v -0.153304 0.539453 0.322648
v -0.157844 0.551193 0.147020
v -0.176609 0.482748 0.187275
v -0.127606 0.639718 0.109232
v -0.146479 0.654079 0.120181
v -0.176875 0.639812 0.240419
v -0.186748 0.581248 0.209282
v -0.195582 0.522081 0.230413
v -0.174190 0.674135 0.227638
v -0.196588 0.621282 0.299995
v -0.155994 0.560924 0.118420
v -0.177445 0.635376 0.274476
v -0.154037 0.542745 -0.010000
v -0.143193 0.422598 -0.088618
v -0.110783 0.618654 0.037729
v -0.152846 0.600934 0.074675
v -0.112549 0.645350 0.049028
v -0.187101 0.440740 0.105800
v -0.160924 0.488802 0.006699
v -0.148024 0.444797 0.008646
v -0.106928 0.615296 0.013935
v -0.110470 0.582342 -0.057767
v -0.173168 0.466091 0.091286
v -0.158630 0.561037 0.073943
v -0.094876 0.602020 -0.097018
v -0.174196 0.569375 0.098773
v -0.122841 0.571629 -0.126277
v -0.125071 0.432605 -0.030412
v -0.153282 0.462817 -0.012539
v -0.159837 0.556012 0.046638
v -0.178942 0.510153 0.105164
v -0.138984 0.476155 -0.024769
v -0.148892 0.489984 0.030748
v -0.144341 0.630387 0.075467
v -0.146948 0.448399 0.049049
v -0.134898 0.417268 0.021687
v -0.125975 0.583175 0.005401
v -0.113032 0.574243 -0.015463
v -0.136892 0.519580 -0.024978
v -0.166877 0.496464 0.085316
v -0.148725 0.555285 0.029845
v -0.130702 0.597642 0.033189
v -0.158973 0.433995 0.025652
v -0.130501 0.453546 -0.057838
v -0.142013 0.612327 0.050158
v -0.139016 0.490698 -0.050416
v -0.138633 0.525803 -0.064982
v -0.141605 0.536353 0.019211
v -0.145117 0.477008 -0.120562
v -0.091394 0.611831 -0.026742
v -0.153373 0.514619 -0.002191
v -0.150237 0.576860 0.013866
v -0.120237 0.389040 -0.021051
v -0.167769 0.489609 0.063933
v -0.142144 0.528942 -0.105593
v -0.026457 0.660726 -0.306420
v -0.047011 0.648109 -0.250188
v -0.097198 0.565227 -0.282377
v -0.001942 0.636191 -0.186271
v -0.072362 0.625908 -0.255131
v -0.008239 0.645043 -0.232566
v -0.115918 0.572748 -0.200128
v -0.096456 0.575206 -0.338031
v -0.030484 0.641892 -0.196205
v -0.046993 0.635666 -0.163261
v -0.006432 0.664962 -0.353032
v -0.033828 0.671182 -0.349345
v -0.065634 0.676811 -0.359661
v -0.051761 0.677156 -0.405120
v 0.013546 0.654906 -0.313463
v -0.010150 0.670913 -0.385763
v -0.095851 0.600846 -0.183437
v -0.102193 0.639138 -0.371263
v -0.108929 0.579757 -0.362208
v -0.064766 0.658690 -0.302052
v -0.089362 0.653537 -0.337069
v -0.082178 0.665862 -0.416774
v -0.126243 0.549761 -0.372652
v 0.016536 0.560624 -0.579771
v -0.054549 0.510617 -0.557033
v -0.018406 0.660566 -0.462991
v -0.052342 0.665736 -0.479481
v 0.001672 0.529730 -0.567323
v -0.040793 0.494578 -0.544588
v -0.104804 0.599000 -0.410757
v -0.149855 0.531848 -0.409707
v -0.060953 0.592595 -0.534090
v -0.128540 0.544915 -0.456794
v -0.020219 0.573462 -0.559163
v -0.079600 0.654542 -0.464442
v -0.067081 0.467162 -0.550628
v -0.000535 0.660722 -0.479181
v -0.027044 0.618971 -0.558918
v -0.107911 0.595174 -0.462918
v -0.068826 0.536630 -0.548222
v -0.117148 0.519252 -0.479855
v -0.004983 0.605580 -0.581787
v -0.011959 0.642902 -0.535577
v -0.068070 0.640424 -0.514309
v 0.000580 0.573749 -0.576247
v -0.080261 0.591154 -0.513315
v -0.012880 0.514620 -0.542002
v -0.000888 0.501052 -0.524299
v -0.133653 0.390045 -0.071216
v -0.119125 0.493598 -0.344730
v -0.083732 0.422546 -0.348460
v -0.090735 0.606005 -0.278564
v -0.095406 0.339433 -0.224636
v -0.082566 0.380849 -0.299588
v -0.079708 0.352746 -0.271948
v -0.104655 0.524630 -0.293823
v -0.157571 0.456220 -0.364464
v -0.148597 0.441416 -0.122470
v -0.124353 0.369528 -0.208989
v -0.108440 0.446620 -0.305288
v -0.126640 0.477329 -0.262941
v -0.099523 0.395530 -0.314463
v -0.121949 0.350971 -0.160854
v -0.107175 0.413073 -0.335555
v -0.129252 0.420061 -0.250134
v -0.098751 0.375408 -0.281959
v -0.102063 0.507045 -0.320805
v -0.002276 0.317284 -0.287124
v -0.137203 0.534527 -0.147973
v -0.141787 0.404504 -0.197223
v -0.113861 0.446857 -0.330814
v -0.112116 0.419835 -0.284977
v -0.138818 0.486216 -0.177054
v -0.141338 0.388017 -0.143497
v -0.151178 0.422159 -0.347246
v -0.124980 0.524142 -0.214295
v -0.026989 0.323376 -0.282531
v -0.148338 0.441607 -0.182078
v -0.018795 0.387378 -0.457104
v -0.113815 0.302280 -0.511921
v -0.090123 0.326410 -0.528036
v -0.025504 0.350804 -0.342854
v -0.166530 0.275174 -0.418197
v -0.043289 0.391215 -0.519166
v -0.138449 0.461486 -0.450838
v -0.039375 0.357090 -0.497126
v -0.074299 0.273964 -0.417320
v -0.179314 0.341441 -0.407733
v -0.096757 0.298389 -0.391165
v -0.160758 0.440705 -0.392652
v -0.109908 0.347082 -0.378026
v -0.007819 0.412514 -0.435393
v -0.121763 0.364420 -0.505083
v -0.039320 0.397684 -0.389759
v -0.032533 0.363774 -0.420704
v -0.046454 0.322720 -0.491091
v -0.166559 0.392644 -0.392571
v -0.035952 0.337089 -0.443841
v -0.147428 0.375552 -0.358394
v -0.052493 0.325995 -0.418227
v -0.138035 0.326808 -0.365006
v -0.073871 0.398080 -0.535080
v -0.083869 0.433016 -0.540926
v -0.076454 0.237395 -0.534384
v 0.010228 0.467024 -0.523676
v -0.114463 0.419795 -0.502416
v -0.101885 0.276977 -0.529399
v -0.152383 0.355836 -0.474543
v -0.170999 0.375876 -0.424055
v -0.080813 0.395689 -0.370364
v -0.138177 0.296817 -0.495472
v -0.117137 0.247433 -0.512599
v -0.076776 0.350837 -0.384641
v -0.156296 0.320958 -0.456898
v -0.137166 0.259861 -0.479248
v -0.011973 0.467245 -0.511062
v -0.048919 0.295232 -0.445742
v -0.154332 0.257727 -0.455527
v -0.113002 0.483238 -0.513400
v -0.136280 0.447221 -0.489281
v -0.094477 0.364282 -0.524904
v -0.105453 0.405938 -0.361057
v -0.155123 0.502331 -0.416756
v -0.055254 0.282115 -0.480958
v -0.017002 0.414324 -0.482677
v -0.120873 0.263220 -0.384543
v 0.004129 0.373348 -0.395948
v -0.037912 0.434138 -0.527261
v -0.059326 0.225900 -0.474580
v -0.153314 0.401131 -0.463758
v -0.056224 0.353747 -0.512205
v -0.058235 0.263785 -0.510867
v -0.069288 0.298627 -0.522621
v -0.155519 0.283258 -0.387262
v -0.037723 0.380458 -0.367787
v 0.003489 0.554183 -0.645913
v 0.005093 0.546729 -0.615060
v 0.003162 0.499172 -0.670392
v 0.011421 0.464580 -0.655023
v -0.057565 0.236518 -0.748504
v -0.010642 0.239261 -0.680263
v -0.025439 0.261244 -0.684495
v -0.050875 0.210482 -0.719027
v 0.003064 0.324123 -0.666192
v -0.003567 0.286606 -0.668632
v -0.036189 0.255213 -0.719106
v -0.012430 0.297240 -0.691508
v -0.063526 0.226562 -0.729447
v 0.001194 0.354885 -0.681781
v -0.061160 0.197644 -0.751016
v -0.037733 0.206556 -0.755075
v -0.092453 0.206206 -0.772628
v -0.018227 0.213516 -0.717289
v -0.014767 0.262885 -0.718508
v -0.113990 0.214957 -0.905633
v -0.125861 0.216423 -0.815951
v -0.097200 0.223158 -0.780517
v -0.098067 0.256000 -0.862420
v -0.120303 0.248157 -0.904639
v -0.109575 0.257463 -0.826365
v -0.109837 0.198942 -0.884725
v -0.124472 0.201485 -0.818561
v -0.067698 0.239520 -0.846641
v -0.086260 0.192416 -0.799641
v -0.065066 0.226541 -0.787041
v -0.088828 0.194624 -0.869260
v -0.131719 0.206273 -0.864754
v -0.139654 0.238567 -0.829383
v -0.073663 0.218016 -0.865326
v -0.120698 0.259631 -0.854310
v -0.090746 0.242492 -0.890240
v -0.085824 0.246521 -0.813609
v -0.072200 0.196026 -0.839500
v -0.141408 0.230091 -0.907733
v -0.140217 0.246445 -0.872792
v -0.146181 0.219581 -0.854019
v -0.109722 0.189031 -0.853040
v -0.058821 0.203047 -0.794385
v -0.110891 0.541339 0.445043
v -0.034541 0.498402 0.476644
v -0.051315 0.594633 0.483629
v -0.033103 0.456497 0.437348
v -0.074155 0.541691 0.464640
v -0.027194 0.416544 0.417932
v -0.051822 0.529488 0.487389
v -0.105312 0.520075 0.466274
v -0.065893 0.410884 0.413341
v -0.034588 0.419814 0.443702
v -0.131475 0.558625 0.515939
v -0.094787 0.451160 0.422091
v -0.045176 0.503047 0.449746
v -0.070154 0.502384 0.473369
v -0.131755 0.466628 0.438208
v -0.131883 0.476506 0.420864
v -0.024283 0.489335 0.461663
v -0.094843 0.470849 0.460849
v -0.105440 0.452884 0.408405
v -0.051083 0.405877 0.437649
v -0.069426 0.487964 0.446858
v -0.113693 0.477363 0.453670
v -0.131649 0.470950 0.393527
v -0.129144 0.514481 0.447245
v -0.096514 0.495332 0.468875
v -0.073941 0.459352 0.423525
v -0.145490 0.447017 0.286119
v -0.156088 0.357354 0.212644
v -0.084247 0.275996 0.301629
v -0.035338 0.258973 0.216433
v -0.048332 0.375709 0.370818
v -0.160413 0.467004 0.283678
v -0.091901 0.411384 0.391762
v -0.097774 0.326605 0.333485
v -0.191973 0.493224 0.269308
v -0.075838 0.261941 0.253667
v -0.190267 0.437755 0.146914
v -0.204955 0.418515 0.176480
v -0.078581 0.384741 0.362616
v -0.126611 0.339877 0.328200
v -0.189977 0.417003 0.195680
v -0.078641 0.278545 0.229299
v -0.023395 0.333277 0.367375
v -0.121209 0.419258 0.367372
v -0.157995 0.421778 0.271203
v -0.147495 0.430791 0.339165
v -0.098604 0.270811 0.272535
v -0.130133 0.392637 0.336715
v -0.136817 0.321649 0.277103
v -0.153820 0.430734 0.366136
v -0.065093 0.375223 0.328384
v -0.109971 0.335746 0.297104
v -0.058979 0.338875 0.331271
v -0.113923 0.415387 0.393171
v -0.139049 0.509545 0.372838
v -0.046352 0.345049 0.368092
v -0.107428 0.308043 0.323963
v -0.179674 0.351425 0.166494
v -0.140648 0.378760 0.262044
v -0.157621 0.498016 0.322670
v -0.076841 0.292811 0.329918
v -0.136705 0.464373 0.378352
v -0.109703 0.387395 0.323050
v -0.169557 0.404334 0.236962
v -0.127910 0.294325 0.270006
v -0.033680 0.275157 0.256604
v -0.142270 0.364826 0.293036
v -0.033907 0.296111 0.338812
v -0.152173 0.331565 0.242693
v -0.156642 0.438765 0.328403
v -0.115507 0.290943 0.198273
v -0.059003 0.307300 0.330107
v -0.131467 0.408287 0.305524
v -0.168134 0.437184 0.238404
v -0.142028 0.311159 0.198873
v -0.160611 0.344209 0.190291
v -0.174331 0.396188 0.203095
v -0.080294 0.393552 0.402382
v -0.153814 0.441543 0.311885
v -0.171645 0.440612 0.208100
v -0.112462 0.280149 0.228205
v -0.135244 0.429081 0.285355
v -0.107505 0.386996 0.359864
v -0.189867 0.464492 0.214134
v -0.067276 0.264509 0.287340
v -0.123867 0.293818 0.242233
v -0.014499 0.275583 0.251908
v -0.067800 0.295448 0.021654
v -0.132552 0.215033 0.158133
v -0.025412 0.291812 0.025055
v -0.052487 0.255176 0.184455
v -0.173515 0.243647 0.129486
v -0.159793 0.413502 0.092061
v -0.090281 0.280162 -0.023567
v -0.128528 0.292399 -0.011192
v -0.055289 0.284879 0.056249
v -0.106326 0.296030 -0.016047
v -0.166555 0.330116 0.101876
v -0.141519 0.275027 -0.005969
v -0.178737 0.281876 0.115389
v -0.175272 0.398799 0.138902
v -0.061015 0.227794 0.114547
v -0.171527 0.222509 0.113398
v -0.146650 0.303620 0.172974
v -0.060591 0.224352 0.072926
v -0.132972 0.274166 0.168261
v -0.075634 0.175789 0.111890
v -0.150020 0.312806 0.055810
v -0.148929 0.396612 0.044576
v -0.027573 0.260292 0.137507
v -0.156869 0.364514 0.067367
v -0.151952 0.269562 0.025411
v -0.190525 0.396148 0.147154
v -0.167192 0.325107 0.150167
v -0.060187 0.296224 -0.031470
v -0.054011 0.249816 0.158757
v -0.135558 0.367767 0.004517
v -0.163536 0.273143 0.158024
v -0.167310 0.405779 0.072151
v -0.134774 0.396937 -0.003026
v -0.115460 0.353370 -0.008361
v -0.176016 0.380160 0.116904
v -0.104923 0.275456 0.019211
v -0.076130 0.248564 0.195152
v -0.169773 0.285764 0.077408
v -0.151161 0.361184 0.028108
v -0.025316 0.275517 0.092702
v -0.134331 0.237251 0.021756
v -0.100668 0.268881 0.170523
v -0.049217 0.264882 0.086174
v -0.047495 0.281921 0.117590
v -0.114898 0.333376 -0.021885
v -0.140252 0.333944 -0.017692
v -0.137198 0.149455 0.055576
v -0.156452 0.235806 0.055393
v -0.086389 0.262059 0.143922
v -0.083387 0.178663 0.064317
v -0.169777 0.354005 0.094110
v -0.167140 0.361392 0.148918
v -0.148157 0.314735 0.004683
v -0.105967 0.316146 -0.055065
v -0.096407 0.234835 0.137548
v -0.170133 0.209693 0.092041
v -0.114498 0.187509 0.042962
v -0.095517 0.228773 0.042139
v -0.021510 0.238101 0.171412
v -0.092032 0.289235 -0.053944
v -0.106747 0.053128 0.089816
v -0.077531 0.150660 0.097663
v -0.105610 0.202427 0.153057
v -0.126804 0.071010 0.229272
v -0.136333 0.025661 0.086272
v -0.108306 0.016282 0.117829
v -0.167342 0.053619 0.243431
v -0.151828 0.092212 0.069333
v -0.133127 0.050326 0.244600
v -0.217411 0.030195 0.214854
v -0.082355 0.136131 0.140891
v -0.198993 0.068767 0.233895
v -0.181634 0.068131 0.183762
v -0.163472 0.013285 0.110119
v -0.207865 0.063379 0.205203
v -0.162748 0.162391 0.080393
v -0.215458 0.073523 0.179450
v -0.220844 0.015778 0.155598
v -0.095023 0.062512 0.148521
v -0.238772 0.066309 0.138486
v -0.165332 0.067784 0.195657
v -0.117037 0.126663 0.057914
v -0.127636 0.014004 0.160835
v -0.079921 0.103584 0.113826
v -0.142836 0.049839 0.077582
v -0.143127 0.154243 0.146808
v -0.235320 0.064457 0.197533
v -0.162514 0.132669 0.130136
v -0.213501 0.054701 0.112223
v -0.142874 0.119389 0.158169
v -0.124348 0.072168 0.191076
v -0.199660 0.067338 0.157955
v -0.171669 0.121850 0.106463
v -0.070629 0.086679 0.149248
v -0.097805 0.100566 0.078325
v -0.176556 0.041001 0.091695
v -0.176554 0.029448 0.233880
v -0.103262 0.084627 0.156503
v -0.234528 0.057399 0.162641
v -0.239010 0.024244 0.167101
v -0.211457 0.021580 0.103619
v -0.107845 0.024456 0.193590
v -0.100930 0.132447 0.151221
v -0.135509 0.022289 0.230335
v -0.191473 0.070469 0.112170
v -0.141316 0.080409 0.188181
v -0.163762 0.015879 0.176338
v -0.206407 0.017515 0.193679
v -0.090734 0.055887 0.125312
v -0.066272 0.068856 0.133213
v -0.163715 0.075133 0.223480
v -0.245264 0.039204 0.121683
v -0.125038 0.068696 0.055759
v -0.236484 0.020070 0.119124
v -0.078399 0.307954 -0.165324
v -0.028409 0.290197 -0.209879
v -0.120502 0.358727 -0.076912
v -0.041537 0.287321 -0.155798
v -0.006884 0.270501 -0.111765
v -0.091209 0.286420 -0.092248
v -0.042774 0.292161 -0.032176
v -0.103168 0.321613 -0.191382
v -0.105877 0.304777 -0.082178
v -0.104339 0.330429 -0.124380
v -0.052244 0.293737 -0.105688
v -0.099524 0.296142 -0.124883
v -0.088950 0.226742 -0.418251
v -0.193666 0.088770 -0.369599
v -0.191994 0.078455 -0.405876
v -0.114729 0.204902 -0.516659
v -0.121721 0.229863 -0.406254
v -0.182400 0.087920 -0.470857
v -0.215962 0.069162 -0.421366
v -0.074061 0.134666 -0.453524
v -0.229081 0.050672 -0.360176
v -0.218816 0.069489 -0.383172
v -0.147942 0.067188 -0.341587
v -0.172666 0.080632 -0.352681
v -0.156386 0.084125 -0.385668
v -0.186280 0.059765 -0.328492
v -0.123034 0.085177 -0.391363
v -0.214773 0.069243 -0.344737
v -0.101011 0.044581 -0.390790
v -0.238544 0.052057 -0.385922
v -0.113265 0.154540 -0.432905
v -0.070161 0.224028 -0.446570
v -0.132918 0.120662 -0.416708
v -0.138323 0.178465 -0.477934
v -0.214175 0.049232 -0.445978
v -0.119487 0.192968 -0.426848
v -0.053893 0.176732 -0.473391
v -0.144735 0.224788 -0.431355
v -0.079320 0.187759 -0.452525
v -0.137901 0.020639 -0.470800
v -0.140486 0.183907 -0.445479
v -0.174180 0.045019 -0.473858
v -0.061622 0.160836 -0.497263
v -0.154787 0.130017 -0.482969
v -0.074313 0.114193 -0.494253
v -0.092179 0.059244 -0.424846
v -0.101545 0.088830 -0.413882
v -0.121352 0.056783 -0.340740
v -0.152212 0.137646 -0.442248
v -0.144650 0.225528 -0.483213
v -0.103251 0.037366 -0.463367
v -0.214742 0.016690 -0.429561
v -0.142202 0.185669 -0.510705
v -0.124368 0.017623 -0.352752
v -0.216267 0.016120 -0.371050
v -0.237105 0.022981 -0.394038
v -0.178254 0.013106 -0.448138
v -0.178490 0.011676 -0.392546
v -0.110610 0.015998 -0.392628
v -0.182334 0.024061 -0.334941
v -0.206694 0.029131 -0.339098
v -0.141083 0.033068 -0.328392
v -0.086674 0.212809 -0.543652
v -0.139700 0.050535 -0.494024
v -0.100345 0.148305 -0.556414
v -0.052653 0.140841 -0.531954
v -0.137204 0.128984 -0.508533
v -0.060999 0.186998 -0.542212
v -0.084831 0.115674 -0.531739
v -0.094272 0.081444 -0.498023
v -0.094679 0.176620 -0.555432
v -0.063849 0.207644 -0.518475
v -0.059229 0.153035 -0.554899
v -0.119831 0.089715 -0.514573
vn -0.6267 -0.2686 0.7315
vn 0.9800 0.1961 0.0327
vn 0.7204 0.2235 -0.6565
vn 0.3062 -0.0304 0.9515
vn 0.4205 0.9043 -0.0737
vn 0.2273 0.4147 0.8811
vn 0.5321 0.7690 0.3542
vn 0.2405 0.9665 0.0900
vn 0.4908 0.3432 -0.8008
vn -0.0031 -0.3631 0.9317
vn -0.1397 0.9725 -0.1866
vn 0.8496 0.4111 0.3304
vn -0.0328 0.8860 -0.4625
vn -0.3105 -0.2904 0.9051
vn -0.0645 0.8972 -0.4368
vn 0.4734 0.8743 -0.1068
vn 0.4609 0.5077 0.7279
vn 0.9425 0.2900 -0.1662
vn 0.3251 0.1985 0.9246
vn 0.6315 0.7665 -0.1173
vn 0.3379 0.8853 -0.3196
vn -0.2255 0.0693 0.9718
vn 0.6308 0.3666 0.6839
vn 0.0076 0.9489 -0.3156
vn 0.5380 0.7644 0.3553
vn 0.5266 0.5331 -0.6622
vn 0.7977 0.1617 -0.5810
vn 0.5651 0.7335 -0.3776
vn 0.4203 0.5444 -0.7259
vn 0.3471 0.2649 0.8996
vn 0.6154 0.3868 0.6868
vn 0.4937 0.1101 0.8626
vn 0.4550 0.8886 0.0579
vn 0.4874 0.8042 0.3401
vn 0.7707 0.4156 0.4830
vn 0.6787 0.2554 -0.6885
vn 0.8383 0.5450 -0.0155
vn -0.1570 0.3938 0.9057
vn 0.2870 -0.5750 0.7661
vn 0.2841 0.4426 0.8505
vn -0.3989 0.8758 -0.2718
vn 0.7491 0.6259 0.2172
vn 0.5290 0.6295 -0.5691
vn -0.3400 0.7436 -0.5757
vn 0.2984 0.8662 0.4007
vn 0.2241 -0.3086 0.9244
vn 0.5759 -0.0497 0.8160
vn 0.8189 0.4420 0.3661
vn 0.8427 -0.4539 -0.2895
vn 0.4246 0.7544 0.5005
vn 0.6915 0.5712 -0.4422
vn 0.9506 0.2628 0.1652
vn 0.5525 0.7986 0.2386
vn -0.0929 0.4169 0.9042
vn 0.2240 0.9710 -0.0831
vn 0.8656 -0.4340 -0.2498
vn 0.5453 0.6646 -0.5108
vn 0.7236 0.6823 -0.1046
vn -0.2264 -0.0506 0.9727
vn 0.8252 -0.2873 0.4863
vn 0.2817 0.8731 0.3980
vn 0.2542 0.8489 -0.4634
vn 0.6192 0.5168 0.5912
vn 0.8729 0.4831 0.0684
vn 0.7415 0.4902 0.4581
vn 0.8091 0.5586 0.1823
vn 0.9054 0.4246 0.0021
vn 0.2503 0.4761 -0.8430
vn 0.6560 0.7394 -0.1515
vn 0.1352 0.1625 0.9774
vn 0.8113 0.5770 0.0945
vn 0.9290 0.3698 -0.0104
vn 0.8914 0.3510 -0.2866
vn 0.7762 0.6304 -0.0084
vn 0.9043 0.4040 0.1382
vn 0.9076 0.3786 0.1816
vn 0.8153 -0.2264 0.5329
vn 0.6106 0.7919 -0.0002
vn 0.3562 0.8332 -0.4229
vn 0.1888 0.9318 -0.3099
vn 0.5668 0.5661 0.5985
vn 0.8028 0.5408 0.2509
vn 0.1420 0.5940 -0.7919
vn 0.9535 0.2966 -0.0543
vn 0.0139 0.5137 -0.8579
vn -0.1491 0.9534 -0.2621
vn -0.4684 0.8662 -0.1738
vn 0.8495 0.3959 0.3486
vn 0.2710 0.1258 0.9543
vn 0.3432 0.8124 -0.4714
vn 0.3626 0.4301 0.8268
vn 0.8144 0.0067 -0.5803
vn 0.8428 -0.2022 0.4987
vn 0.0350 -0.4178 0.9079
vn -0.2708 0.3503 0.8966
vn 0.6447 0.7615 -0.0664
vn 0.6549 0.5643 0.5026
vn 0.3548 0.8534 -0.3818
vn 0.7170 0.6608 0.2221
vn 0.2495 -0.8947 0.3704
vn -0.3164 0.0336 0.9480
vn 0.7298 0.6651 0.1579
vn 0.5970 -0.4728 0.6481
vn 0.7552 -0.6010 -0.2617
vn 0.6413 0.4876 -0.5925
vn 0.4655 0.7620 -0.4501
vn 0.6293 0.4158 0.6566
vn 0.4705 0.1688 0.8661
vn -0.0101 -0.4904 0.8715
vn 0.4438 -0.0407 0.8952
vn 0.9129 0.2030 0.3543
vn 0.8515 0.1933 0.4874
vn 0.0875 -0.6112 0.7866
vn 0.9531 -0.1388 0.2691
vn 0.4349 -0.1852 0.8812
vn 0.8298 -0.1793 -0.5285
vn 0.6570 -0.1870 0.7303
vn 0.5621 0.4850 0.6699
vn 0.9595 -0.2718 -0.0739
vn 0.5976 -0.6359 0.4883
vn -0.1363 -0.2734 0.9522
vn -0.0703 -0.2625 0.9624
vn -0.0431 -0.6700 0.7411
vn -0.5810 -0.3173 0.7495
vn 0.9943 0.0188 0.1050
vn 0.2145 0.3971 0.8924
vn 0.5417 0.4434 0.7141
vn 0.2072 -0.2655 0.9416
vn -0.5890 -0.0773 0.8044
vn 0.4139 0.0559 0.9086
vn 0.8185 0.1893 -0.5424
vn 0.8430 -0.0563 0.5349
vn -0.2807 -0.3438 0.8961
vn 0.9235 -0.0360 0.3819
vn 0.8645 0.1979 0.4619
vn 0.8400 0.4511 -0.3016
vn 0.8453 -0.5202 -0.1217
vn 0.8268 0.0747 0.5576
vn 0.6554 -0.2570 0.7102
vn 0.9691 -0.1479 0.1975
vn -0.1532 0.4436 0.8830
vn 0.2489 -0.0138 0.9684
vn 0.9126 0.2605 0.3151
vn 0.4905 0.2849 0.8236
vn 0.9852 -0.1318 -0.1094
vn 0.4042 0.0709 0.9119
vn 0.6613 0.0377 0.7492
vn 0.9294 -0.2034 0.3079
vn 0.6406 0.1929 0.7432
vn 0.1332 -0.2652 0.9550
vn 0.8049 -0.0712 0.5891
vn -0.5329 0.1167 0.8381
vn 0.4751 -0.2880 0.8315
vn 0.9503 0.2755 -0.1451
vn 0.0132 -0.0741 0.9972
vn 0.3317 0.2498 0.9097
vn -0.6063 -0.2719 0.7473
vn -0.1125 -0.4943 0.8620
vn 0.5542 -0.6615 0.5052
vn 0.9520 -0.1946 0.2361
vn 0.6341 0.4433 0.6335
vn 0.3405 0.0394 0.9394
vn 0.8608 -0.4424 -0.2516
vn -0.0405 -0.1445 0.9887
vn 0.7892 -0.5043 0.3504
vn 0.8403 0.4438 -0.3113
vn 0.5832 0.0340 0.8116
vn -0.7012 -0.1485 0.6974
vn 0.3951 -0.9086 -0.1353
vn 0.5045 -0.4585 -0.7316
vn -0.0940 0.1700 0.9809
vn 0.9979 -0.0530 0.0384
vn -0.5024 -0.1362 0.8538
vn 0.8263 0.5120 0.2345
vn -0.6191 -0.1572 0.7694
vn 0.1824 -0.2092 0.9607
vn 0.4663 -0.0646 0.8822
vn 0.1092 0.1960 0.9745
vn 0.9585 0.1717 -0.2274
vn 0.7470 0.5556 0.3651
vn 0.3278 0.1443 0.9337
vn 0.8840 -0.2210 0.4119
vn 0.9302 0.2840 -0.2327
vn 0.9816 -0.1008 0.1620
vn 0.8836 -0.2236 0.4114
vn 0.9636 -0.0564 0.2612
vn 0.8742 0.3841 0.2970
vn 0.6467 -0.2301 0.7272
vn 0.8612 0.4980 -0.1018
vn 0.2249 -0.3018 0.9265
vn 0.5348 0.4312 0.7267
vn 0.0415 -0.4013 0.9150
vn 0.9002 -0.1793 0.3968
vn -0.2294 -0.0331 0.9728
vn 0.8195 0.5612 -0.1160
vn 0.8074 -0.0999 -0.5815
vn 0.9921 0.0515 0.1146
vn 0.1115 0.2587 0.9595
vn 0.9789 -0.1769 0.1027
vn 0.9827 0.0325 -0.1823
vn 0.3835 -0.1573 0.9101
vn 0.5108 0.0593 0.8577
vn 0.9308 0.3331 -0.1508
vn 0.7265 -0.0862 0.6817
vn -0.5341 -0.2105 0.8188
vn 0.6377 0.7022 0.3166
vn 0.1563 0.4177 0.8950
vn 0.5661 0.6890 0.4525
vn 0.5881 0.5522 0.5909
vn 0.8076 0.0364 0.5886
vn 0.4808 0.3269 0.8136
vn -0.2837 -0.9586 -0.0237
vn 0.2356 -0.1130 0.9653
vn 0.0113 0.3148 0.9491
vn -0.4440 -0.3375 0.8300
vn 0.9738 -0.1012 0.2036
vn 0.8244 -0.2636 0.5009
vn 0.2388 0.1415 0.9607
vn 0.2229 -0.7039 0.6744
vn 0.2706 0.1890 0.9439
vn 0.3996 -0.8051 0.4384
vn 0.9356 -0.0231 0.3524
vn 0.9115 -0.4112 0.0088
vn 0.3194 0.0403 0.9468
vn 0.8205 0.5573 -0.1272
vn 0.0485 0.3366 0.9404
vn 0.8575 -0.1959 0.4757
vn 0.9915 0.1184 -0.0543
vn 0.8240 0.5515 0.1301
vn 0.4550 -0.2686 0.8490
vn 0.2814 0.3639 0.8879
vn 0.2081 -0.2659 0.9413
vn 0.5755 -0.2295 0.7849
vn -0.5466 0.1029 0.8310
vn 0.7754 0.1707 0.6079
vn 0.4791 0.2572 0.8392
vn 0.7024 -0.1603 0.6935
vn 0.9563 0.0668 0.2847
vn -0.3465 0.9188 -0.1890
vn 0.1202 0.9834 -0.1360
vn -0.4390 0.8086 -0.3917
vn -0.4116 0.7753 -0.4789
vn 0.9320 0.3613 -0.0281
vn -0.2402 0.8557 -0.4584
vn 0.8946 0.2899 0.3401
vn 0.8227 0.3704 -0.4313
vn -0.7081 0.6230 -0.3323
vn -0.2762 0.3108 -0.9095
vn 0.8555 0.3161 -0.4101
vn 0.7409 0.4607 -0.4887
vn -0.2640 0.4627 -0.8463
vn 0.9664 0.1867 -0.1767
vn 0.7751 0.5710 -0.2704
vn 0.5696 0.3907 -0.7232
vn 0.7372 0.5925 -0.3246
vn 0.7918 0.5697 -0.2203
vn 0.6349 0.5550 -0.5375
vn 0.3290 -0.0879 -0.9402
vn -0.0034 0.8325 -0.5540
vn 0.9369 -0.1427 0.3190
vn 0.6200 0.7314 0.2840
vn 0.8896 0.2970 0.3469
vn 0.1467 0.9873 -0.0608
vn 0.9335 0.3501 0.0772
vn 0.9194 0.3801 0.1008
vn 0.9689 0.1825 -0.1671
vn -0.5737 0.3508 -0.7402
vn 0.7084 0.4258 -0.5629
vn 0.7402 0.6052 0.2929
vn 0.5313 -0.3614 -0.7662
vn 0.6166 0.1555 -0.7718
vn 0.6887 0.1901 -0.6997
vn 0.7234 0.3698 -0.5831
vn 0.7179 -0.0859 0.6908
vn -0.6787 0.7149 -0.1680
vn 0.6119 -0.2012 -0.7649
vn -0.0498 0.9211 -0.3861
vn 0.6151 0.7138 0.3349
vn 0.2590 0.8126 -0.5221
vn -0.4927 0.6600 -0.5672
vn 0.9241 0.3802 0.0380
vn 0.4411 0.4072 -0.7998
vn 0.0903 0.3784 -0.9212
vn 0.6582 0.2159 -0.7212
vn -0.1709 0.9832 -0.0639
vn 0.7062 0.6875 -0.1693
vn 0.5624 -0.5654 0.6033
vn 0.9089 0.2857 -0.3039
vn 0.6987 0.4263 -0.5745
vn 0.2659 0.4688 -0.8423
vn -0.8195 0.4739 0.3222
vn 0.2602 0.8749 -0.4085
vn 0.0646 0.8277 -0.5574
vn 0.9201 0.3191 0.2272
vn 0.7622 0.6380 -0.1096
vn -0.0905 0.8383 -0.5377
vn 0.3772 0.2088 0.9023
vn 0.2186 0.9341 -0.2822
vn 0.8719 0.4384 -0.2181
vn 0.4444 0.5701 -0.6910
vn 0.7065 0.6492 -0.2818
vn 0.6802 0.6974 -0.2259
vn 0.6527 0.6338 -0.4151
vn 0.3242 0.8453 -0.4247
vn -0.8451 0.5087 0.1640
vn 0.0097 0.9076 -0.4198
vn 0.8046 0.5041 0.3139
vn 0.7116 0.6563 0.2508
vn -0.6918 0.5424 0.4767
vn 0.5820 0.7541 -0.3044
vn -0.9423 0.2967 -0.1552
vn 0.9779 0.0817 0.1925
vn 0.8814 0.2718 0.3863
vn -0.8624 0.4684 -0.1920
vn 0.9983 0.0494 0.0317
vn 0.9427 0.2396 0.2322
vn 0.4961 0.8363 -0.2333
vn -0.1537 0.9394 -0.3063
vn -0.3296 0.8770 -0.3497
vn 0.0615 0.7579 -0.6494
vn 0.0888 0.5589 -0.8245
vn 0.1273 0.1048 -0.9863
vn 0.3503 0.9321 -0.0924
vn 0.6783 0.4702 -0.5646
vn 0.8893 0.4293 -0.1574
vn 0.5471 0.6804 -0.4875
vn 0.9626 0.2633 -0.0644
vn 0.9608 0.2769 0.0147
vn 0.9623 0.2370 0.1333
vn 0.9365 -0.1107 0.3328
vn 0.5236 -0.8077 -0.2710
vn 0.2142 0.8386 -0.5008
vn 0.3271 -0.0916 -0.9406
vn 0.9263 0.3585 -0.1163
vn -0.8219 0.5512 -0.1438
vn 0.4102 0.9091 -0.0721
vn 0.9450 0.2694 0.1856
vn 0.4231 0.9054 0.0346
vn 0.5634 -0.3401 0.7529
vn 0.4776 0.3116 -0.8214
vn -0.3575 0.0387 -0.9331
vn 0.4044 0.7887 -0.4630
vn -0.0224 0.8690 -0.4943
vn -0.0189 0.4778 -0.8783
vn -0.5496 0.8089 0.2087
vn -0.3927 0.5837 0.7107
vn 0.3108 -0.0577 -0.9487
vn 0.9528 0.2968 -0.0638
vn 0.2306 0.0122 -0.9730
vn 0.0168 0.0083 -0.9998
vn 0.8893 0.1707 -0.4243
vn -0.0118 0.9020 -0.4316
vn -0.6438 0.3173 -0.6963
vn 0.7123 0.4348 -0.5510
vn -0.1287 0.2353 -0.9633
vn 0.6357 0.4666 -0.6149
vn 0.6401 0.7595 0.1156
vn 0.0349 0.8778 -0.4778
vn 0.7258 -0.1181 -0.6777
vn 0.7050 0.6286 0.3284
vn -0.0659 0.9471 -0.3141
vn 0.8820 0.4710 0.0168
vn 0.8578 0.3107 -0.4094
vn 0.9345 0.3400 0.1052
vn 0.3732 0.8870 0.2720
vn 0.2816 0.9594 -0.0173
vn 0.6021 0.6874 -0.4061
vn 0.8239 0.4818 -0.2984
vn 0.1542 -0.7152 -0.6817
vn 0.4281 0.7180 -0.5488
vn 0.7009 0.4584 -0.5465
vn 0.5718 0.3173 -0.7565
vn 0.7169 0.2484 -0.6514
vn -0.3047 0.0490 -0.9512
vn 0.2456 0.5980 -0.7630
vn -0.9223 0.1726 -0.3459
vn 0.4170 0.3611 -0.8341
vn 0.0897 0.7537 -0.6511
vn 0.9631 0.2690 -0.0026
vn 0.5575 0.3018 -0.7734
vn 0.0691 0.5880 -0.8059
vn 0.8781 0.4732 0.0711
vn 0.5348 0.2429 -0.8093
vn 0.4323 0.8984 -0.0775
vn 0.0578 0.6045 -0.7945
vn 0.5960 0.6445 -0.4790
vn 0.6883 0.7254 0.0074
vn 0.4192 0.4843 -0.7680
vn 0.1951 0.8805 -0.4321
vn 0.2761 0.8846 -0.3758
vn 0.8858 0.3759 -0.2723
vn 0.6671 0.7411 -0.0760
vn 0.6081 0.6243 -0.4904
vn 0.2987 0.8753 -0.3803
vn 0.7584 0.5523 -0.3460
vn 0.3529 0.9217 -0.1610
vn 0.8367 0.4449 -0.3194
vn 0.8661 0.4148 -0.2788
vn 0.0893 0.9949 -0.0471
vn -0.4419 0.6812 -0.5837
vn 0.6019 0.7984 -0.0169
vn 0.7280 0.2129 -0.6517
vn 0.4500 0.6913 -0.5654
vn -0.0283 0.9926 -0.1180
vn -0.0547 -0.0830 -0.9950
vn 0.7806 0.5905 -0.2048
vn 0.6212 0.3084 -0.7205
vn 0.6005 0.5439 -0.5862
vn 0.5693 0.5167 -0.6394
vn 0.3775 0.7182 -0.5845
vn 0.6223 0.7819 -0.0374
vn 0.3921 0.7073 -0.5882
vn 0.8027 0.2856 -0.5235
vn 0.1727 0.4454 -0.8785
vn 0.6504 0.7551 -0.0822
vn -0.4255 0.5972 -0.6799
vn 0.0662 0.9767 -0.2043
vn 0.8209 -0.1118 0.5600
vn 0.9450 0.2814 0.1666
vn 0.9325 -0.2736 0.2358
vn 0.9312 0.3541 -0.0862
vn 0.9241 0.1862 0.3338
vn 0.9765 0.0808 -0.1999
vn 0.9704 0.1302 -0.2033
vn 0.8688 0.3527 0.3475
vn 0.5482 -0.3793 0.7454
vn 0.8318 0.4055 -0.3790
vn -0.0649 -0.6654 0.7436
vn 0.6133 -0.2934 0.7334
vn 0.6756 -0.0108 0.7372
vn 0.8929 -0.2678 -0.3619
vn 0.8765 0.2955 0.3800
vn 0.8972 0.1838 0.4016
vn 0.9779 0.1707 0.1208
vn 0.9653 0.2431 -0.0952
vn 0.7412 0.4577 -0.4910
vn 0.6095 -0.7897 0.0697
vn 0.9353 -0.0560 -0.3493
vn 0.9892 0.0499 -0.1377
vn 0.9153 -0.0460 -0.4001
vn 0.8218 0.3700 -0.4333
vn 0.9389 0.3301 0.0972
vn 0.8479 -0.4694 0.2463
vn 0.4877 -0.3521 0.7989
vn 0.9553 0.0202 0.2950
vn 0.8945 0.2342 -0.3807
vn 0.9564 0.2824 0.0745
vn 0.9691 0.2369 -0.0688
vn 0.7968 0.1098 -0.5942
vn 0.9280 0.2378 0.2868
vn 0.7302 -0.5607 0.3904
vn 0.4670 -0.3753 0.8007
vn 0.9860 0.1546 0.0618
vn 0.9620 0.2071 -0.1781
vn 0.9310 -0.0645 0.3593
vn 0.9161 0.3047 -0.2607
vn 0.6777 -0.4532 -0.5791
vn 0.8797 0.2918 0.3755
vn 0.9818 0.1248 -0.1435
vn 0.9415 -0.2335 -0.2432
vn 0.9841 0.1632 -0.0702
vn 0.6264 -0.3600 -0.6914
vn 0.8567 -0.1605 -0.4903
vn 0.8608 0.1641 -0.4818
vn 0.9043 -0.1055 0.4137
vn 0.5391 0.5558 -0.6328
vn 0.9148 0.3138 0.2543
vn 0.8553 0.0596 -0.5148
vn 0.9930 0.0478 -0.1084
vn 0.5824 0.3009 0.7552
vn 0.9624 0.0181 0.2711
vn 0.9423 -0.0974 0.3202
vn 0.8737 -0.1753 0.4537
vn 0.9618 0.2110 -0.1745
vn 0.8375 0.0549 0.5436
vn 0.9948 -0.0997 -0.0224
vn 0.8583 0.2153 -0.4658
vn 0.9956 0.0829 0.0438
vn 0.9956 0.0737 -0.0583
vn 0.9427 0.2541 0.2164
vn 0.8936 0.1646 -0.4175
vn 0.9012 -0.3551 -0.2483
vn 0.9588 -0.1413 0.2464
vn 0.9393 -0.1137 0.3237
vn 0.9454 0.0554 0.3211
vn 0.8278 -0.3182 -0.4621
vn 0.8587 0.4125 -0.3040
vn 0.9942 -0.0928 0.0552
vn 0.8597 0.0514 -0.5082
vn 0.9196 0.2963 -0.2580
vn 0.9798 -0.0976 0.1746
vn 0.9489 -0.1612 -0.2713
vn 0.9625 0.0402 0.2684
vn 0.6426 0.6633 -0.3836
vn 0.8958 0.1142 0.4296
vn 0.9597 -0.1121 0.2578
vn 0.6702 0.1602 -0.7247
vn 0.9462 -0.1360 -0.2937
vn 0.6978 0.4543 -0.5538
vn 0.7728 0.4497 0.4478
vn 0.6384 0.0568 0.7676
vn 0.7894 0.4375 -0.4307
vn 0.9626 0.0784 -0.2593
vn 0.9396 0.2814 0.1950
vn 0.9481 0.1344 0.2883
vn 0.8934 -0.0718 0.4435
vn 0.6179 -0.4703 0.6301
vn 0.7183 0.4660 -0.5166
vn 0.9813 0.0282 -0.1905
vn 0.9834 0.0131 -0.1811
vn 0.6792 -0.2637 0.6849
vn 0.7440 0.4418 -0.5012
vn 0.9831 0.1823 -0.0148
vn 0.2590 -0.4450 -0.8572
vn 0.9734 0.2276 0.0246
vn 0.6778 0.0412 -0.7341
vn 0.8069 -0.0710 -0.5865
vn 0.8946 0.4465 -0.0188
vn 0.9697 0.1168 -0.2145
vn 0.7235 0.6190 0.3056
vn 0.9924 -0.1011 0.0703
vn 0.8507 -0.2567 0.4587
vn 0.7607 0.6491 0.0019
vn 0.8100 -0.0525 -0.5841
vn 0.9663 0.1831 0.1809
vn 0.8726 -0.4734 0.1204
vn 0.7366 0.3191 -0.5963
vn 0.8480 0.0447 -0.5280
vn 0.9620 0.2604 -0.0827
vn 0.9366 -0.0391 -0.3481
vn 0.9639 0.2552 -0.0763
vn 0.2888 0.4155 -0.8625
vn 0.2683 0.4647 -0.8438
vn 0.9436 -0.1041 0.3143
vn 0.3805 0.1828 -0.9065
vn 0.5336 0.0735 -0.8426
vn 0.8214 -0.4046 -0.4019
vn 0.9909 -0.0921 0.0978
vn 0.8322 0.5283 -0.1685
vn 0.9870 0.0221 0.1591
vn 0.5155 -0.0228 -0.8566
vn 0.5058 -0.0068 -0.8626
vn 0.9748 0.1819 -0.1290
vn 0.8932 0.0668 -0.4446
vn 0.3407 0.2831 -0.8965
vn 0.9870 0.0220 0.1592
vn 0.7900 0.1529 -0.5937
vn 0.9943 -0.0875 -0.0604
vn 0.9174 0.3980 -0.0084
vn 0.9502 0.2228 -0.2181
vn 0.7465 -0.5491 0.3759
vn 0.7920 0.1617 -0.5887
vn 0.9618 -0.1677 -0.2166
vn 0.6195 0.7812 -0.0771
vn 0.9889 -0.0914 0.1173
vn 0.3246 -0.0514 -0.9445
vn 0.9903 -0.1339 0.0372
vn 0.8676 0.3125 -0.3867
vn 0.9896 0.0402 0.1382
vn 0.8116 0.1644 -0.5606
vn 0.7600 0.5440 -0.3557
vn 0.8479 0.0452 -0.5282
vn 0.9719 0.0143 -0.2349
vn 0.8194 0.5580 -0.1310
vn 0.9521 -0.3049 0.0225
vn 0.6954 0.7185 -0.0114
vn 0.9724 0.1076 0.2071
vn 0.9827 -0.1676 0.0789
vn 0.6942 0.3943 -0.6022
vn 0.9175 0.3652 0.1575
vn 0.8442 0.1539 -0.5135
vn 0.9170 0.3813 -0.1170
vn 0.6206 0.7828 -0.0447
vn 0.8496 0.1462 -0.5067
vn 0.8900 0.4230 0.1702
vn 0.9516 -0.3034 0.0499
vn 0.5823 0.4186 -0.6969
vn 0.8699 -0.2945 0.3958
vn 0.3070 0.0645 -0.9495
vn 0.9852 0.1406 -0.0978
vn 0.6203 0.7831 -0.0441
vn 0.8976 0.0034 -0.4408
vn 0.7711 0.1802 -0.6106
vn 0.8788 -0.0420 0.4753
vn 0.9604 -0.1660 -0.2239
vn 0.9998 0.0137 0.0146
vn 0.7341 0.4200 -0.5335
vn 0.7611 0.5558 -0.3344
vn 0.3855 0.5649 -0.7295
vn 0.9289 0.0025 -0.3703
vn 0.9938 -0.1080 0.0254
vn 0.7380 0.1690 -0.6533
vn 0.8796 -0.0405 -0.4739
vn 0.8764 0.0251 0.4809
vn 0.3681 0.9191 0.1404
vn 0.0486 0.9784 0.2011
vn 0.9624 0.1301 0.2386
vn 0.0926 0.9852 0.1442
vn 0.3352 0.8400 0.4267
vn -0.0302 0.9716 0.2345
vn 0.8589 0.5111 0.0333
vn 0.3819 0.9145 0.1336
vn 0.7945 0.5488 -0.2599
vn 0.6520 0.6790 0.3373
vn 0.9116 0.1866 -0.3662
vn 0.7295 0.6829 0.0371
vn 0.9365 0.1973 0.2899
vn -0.0863 0.9865 -0.1393
vn 0.9135 0.1742 -0.3676
vn 0.8684 0.3305 0.3696
vn 0.0875 0.9729 0.2141
vn 0.9841 0.1144 0.1360
vn 0.9107 -0.0048 0.4129
vn 0.9687 0.2463 0.0306
vn -0.0190 0.9986 -0.0503
vn 0.0621 0.9918 0.1116
vn 0.7950 -0.0337 0.6056
vn 0.8123 0.5829 -0.0212
vn 0.0245 0.9984 -0.0519
vn 0.8744 0.4838 0.0365
vn 0.1563 0.9858 0.0612
vn 0.6205 0.7557 0.2095
vn 0.1062 0.8206 0.5615
vn -0.0477 0.9988 -0.0129
vn 0.3757 0.9268 0.0040
vn 0.1719 0.9842 0.0422
vn 0.2587 0.9270 0.2717
vn 0.4271 0.9035 0.0358
vn 0.5889 0.7261 0.3551
vn 0.1237 0.9776 0.1701
vn 0.5931 0.8051 -0.0005
vn -0.0149 0.9971 0.0744
vn 0.9966 -0.0162 0.0813
vn 0.0535 0.9716 0.2305
vn -0.1444 0.9619 0.2320
vn -0.0382 0.9930 0.1115
vn 0.7934 0.4927 0.3574
vn 0.9876 0.0647 0.1432
vn 0.9951 0.0093 0.0987
vn 0.9543 -0.1051 0.2799
vn 0.9670 -0.2240 0.1212
vn 0.2497 0.9680 -0.0234
vn 0.7738 -0.5482 0.3173
vn 0.9848 0.1447 -0.0958
vn 0.9526 0.3034 0.0203
vn -0.0078 0.9637 -0.2668
vn 0.7469 -0.5567 0.3636
vn 0.9549 0.1235 0.2700
vn -0.1965 -0.9694 0.1473
vn 0.2470 0.9666 -0.0683
vn 0.7042 0.5943 -0.3885
vn 0.6821 0.5965 -0.4230
vn -0.1037 0.1394 -0.9848
vn 0.9750 0.1510 -0.1633
vn 0.8684 0.2828 -0.4074
vn 0.5531 -0.7131 -0.4307
vn 0.6255 0.6802 -0.3821
vn 0.2763 -0.7018 0.6567
vn -0.6750 -0.5853 0.4493
vn -0.1827 0.1683 -0.9687
vn 0.0541 -0.4618 0.8853
vn 0.8611 0.1094 -0.4965
vn -0.2075 0.1276 -0.9699
vn 0.7710 0.2864 -0.5688
vn 0.4227 0.8740 -0.2397
vn 0.6382 0.3876 -0.6651
vn -0.3825 0.0102 -0.9239
vn 0.7883 0.3815 -0.4827
vn 0.6346 0.4119 -0.6539
vn -0.0313 0.1080 -0.9937
vn 0.9771 0.1668 -0.1318
vn 0.1960 0.9758 -0.0970
vn 0.8497 0.3445 -0.3992
vn 0.9551 -0.2940 -0.0377
vn 0.8659 0.2047 0.4564
vn 0.7289 -0.6640 -0.1668
vn 0.7265 -0.5999 0.3350
vn -0.7410 0.0426 -0.6701
vn 0.5117 0.7333 -0.4477
vn 0.2748 0.8949 -0.3518
vn 0.8809 0.3289 0.3402
vn -0.0099 -0.8541 -0.5199
vn -0.1015 0.1415 -0.9847
vn 0.7437 0.4026 -0.5337
vn 0.0306 0.4653 -0.8846
vn -0.2590 -0.6741 -0.6918
vn 0.5653 0.4441 -0.6951
vn 0.0778 0.7488 -0.6582
vn -0.0478 0.7660 -0.6410
vn 0.8286 0.2818 -0.4837
vn -0.0078 -0.8624 -0.5061
vn -0.0633 0.1092 -0.9920
vn 0.4271 0.8807 -0.2049
vn -0.8020 -0.0027 -0.5973
vn 0.1255 0.5293 -0.8391
vn 0.6470 0.7341 -0.2060
vn -0.7620 0.4747 -0.4406
vn 0.4851 -0.8671 -0.1135
vn 0.4088 -0.4573 -0.7898
vn -0.8139 -0.2752 -0.5117
vn 0.9096 0.3922 0.1372
vn 0.9883 0.1357 0.0696
vn 0.2492 -0.2669 -0.9309
vn -0.2378 0.8980 -0.3703
vn -0.6592 -0.0033 -0.7520
vn 0.9889 0.1040 -0.1061
vn -0.0791 0.0168 -0.9967
vn 0.9498 0.3123 0.0198
vn 0.9693 0.1860 -0.1609
vn 0.7651 0.2434 -0.5961
vn 0.8283 0.1202 -0.5473
vn 0.8978 0.4387 0.0382
vn 0.7410 0.4681 -0.4815
vn 0.2003 0.9781 -0.0567
vn 0.2345 -0.7721 -0.5907
vn 0.8487 0.5286 0.0184
vn 0.9833 -0.0489 -0.1752
vn 0.9757 0.1013 -0.1941
vn 0.7693 0.6358 -0.0627
vn 0.9546 -0.1588 0.2520
vn 0.9808 0.0764 -0.1795
vn 0.9968 -0.0727 -0.0322
vn 0.9235 0.1016 -0.3700
vn 0.8990 -0.3789 -0.2198
vn 0.1385 -0.8469 -0.5134
vn 0.9982 -0.0562 0.0209
vn 0.9763 -0.0645 -0.2065
vn 0.7313 -0.4445 -0.5172
vn 0.5037 -0.6754 -0.5386
vn 0.4197 -0.6269 -0.6564
vn 0.7834 -0.1322 0.6073
vn 0.9315 0.3142 -0.1833
vn 0.9237 -0.2797 -0.2617
vn 0.9916 -0.1047 0.0761
vn 0.7683 -0.5397 -0.3442
vn 0.9112 0.3566 -0.2064
vn 0.8109 -0.3852 -0.4405
vn 0.9409 0.1997 -0.2735
vn 0.8036 -0.5476 -0.2332
vn 0.5758 -0.7206 -0.3864
vn 0.9256 0.1479 -0.3483
vn 0.8846 0.1988 -0.4218
vn 0.9143 0.2803 -0.2923
vn 0.8704 -0.1618 -0.4651
vn 0.8874 0.1863 -0.4217
vn 0.9804 -0.1914 0.0476
vn 0.5398 -0.6811 -0.4946
vn 0.9026 -0.1397 -0.4072
vn 0.8402 -0.2948 -0.4551
vn 0.9938 -0.0028 -0.1115
vn 0.9339 -0.0404 -0.3551
vn 0.4638 -0.7803 -0.4195
vn 0.8316 -0.4039 -0.3812
vn 0.9906 0.1191 0.0670
vn 0.2192 -0.8691 -0.4435
vn 0.9551 -0.2939 0.0385
vn 0.8945 -0.2566 -0.3660
vn 0.9038 0.0038 0.4279
vn 0.8734 -0.1573 -0.4609
vn 0.4845 -0.7073 -0.5148
vn 0.9099 -0.0020 0.4149
vn 0.9550 0.2252 -0.1931
vn 0.9957 -0.0044 0.0927
vn 0.9837 0.1407 -0.1121
vn 0.5609 -0.7378 -0.3755
vn 0.9893 0.1093 0.0968
vn 0.9491 -0.3133 0.0329
vn 0.9661 0.0896 0.2423
vn 0.9535 0.2943 -0.0653
vn -0.7863 -0.0486 -0.6159
vn -0.7000 -0.0638 -0.7113
vn 0.8437 -0.2076 0.4950
vn 0.5724 -0.4217 0.7032
vn 0.9778 0.1722 -0.1192
vn 0.3252 0.2076 -0.9226
vn 0.1207 -0.7550 0.6445
vn 0.8815 0.1632 0.4432
vn -0.8529 -0.4905 0.1785
vn 0.9891 0.1034 -0.1051
vn 0.1519 -0.7970 0.5846
vn -0.7696 -0.6339 0.0773
vn 0.8869 -0.0800 -0.4550
vn 0.7850 -0.1600 0.5985
vn 0.8867 0.0757 0.4562
vn -0.0544 0.2847 -0.9571
vn -0.8274 -0.5600 -0.0426
vn -0.8220 -0.5175 -0.2378
vn -0.8704 -0.4686 0.1513
vn -0.7218 -0.5508 0.4190
vn 0.7841 0.0788 0.6156
vn -0.9740 -0.2238 -0.0354
vn 0.1084 -0.8472 0.5200
vn -0.6505 -0.5964 0.4703
vn 0.8409 -0.2295 0.4902
vn -0.8765 -0.2284 -0.4239
vn 0.7671 -0.4834 0.4217
vn -0.9080 -0.0869 -0.4098
vn 0.6032 -0.6649 0.4405
vn 0.0649 -0.8438 0.5328
vn -0.7282 -0.4753 0.4938
vn -0.3859 0.1072 -0.9163
vn -0.8721 -0.4359 0.2222
vn 0.9604 0.2763 -0.0366
vn -0.4941 0.1225 -0.8607
vn -0.8268 -0.1723 -0.5355
vn -0.9346 -0.3476 -0.0752
vn 0.1769 0.2518 -0.9515
vn -0.9351 -0.3536 0.0230
vn 0.7546 -0.4906 -0.4358
vn 0.9889 0.1033 -0.1065
vn -0.6960 -0.6614 0.2795
vn 0.9911 -0.1288 0.0341
vn 0.8943 -0.3175 0.3154
vn 0.9671 0.2543 -0.0115
vn -0.7058 -0.2231 -0.6724
vn -0.8300 0.2006 -0.5204
vn 0.3060 -0.8642 -0.3994
vn -0.3265 -0.8979 0.2953
vn 0.0890 -0.7770 0.6231
vn 0.7101 -0.5077 -0.4878
vn 0.9850 0.0326 0.1694
vn -0.6325 -0.5576 0.5376
vn 0.5617 -0.7643 0.3166
vn -0.8130 -0.5259 0.2499
vn -0.6238 -0.6151 0.4823
vn 0.9564 0.2068 -0.2061
vn 0.9733 0.1289 0.1900
vn -0.1826 -0.9597 -0.2134
vn 0.7195 -0.5490 -0.4253
vn 0.7889 -0.3899 0.4749
vn 0.4035 -0.8775 0.2593
vn -0.0351 -0.9456 0.3233
vn 0.9570 -0.1160 0.2660
vn -0.6066 -0.6653 0.4352
vn 0.9526 -0.1139 0.2822
vn 0.9775 -0.1942 0.0824
vn 0.8836 -0.3927 0.2551
vn 0.5058 -0.7140 -0.4842
vn -0.8127 -0.1143 -0.5713
vn -0.1604 -0.8544 0.4942
vn -0.7319 -0.6531 0.1945
vn -0.7705 -0.6321 0.0819
vn 0.9716 -0.1973 0.1307
vn -0.8575 -0.1282 -0.4982
vn -0.8831 -0.2156 -0.4167
vn -0.7064 -0.6514 0.2770
vn -0.8133 -0.5696 0.1190
vn 0.9829 -0.1310 0.1296
vn -0.7167 -0.1439 -0.6823
vn 0.2074 -0.8452 -0.4925
vn -0.8954 -0.4384 -0.0773
vn -0.9046 -0.4248 -0.0348
vn 0.8850 -0.1576 0.4380
vn -0.7064 -0.1736 -0.6862
vn 0.3827 -0.5950 -0.7067
vn 0.9867 0.1261 -0.1028
vn 0.4909 -0.8306 -0.2630
vn -0.6504 -0.7464 0.1412
vn -0.3901 0.2375 -0.8896
vn 0.7352 -0.1203 0.6671
vn -0.0135 -0.5204 0.8538
vn 0.9862 -0.0366 -0.1614
vn -0.4764 -0.2598 0.8400
vn 0.7629 0.1652 -0.6251
vn 0.9113 -0.0540 0.4082
vn 0.5587 0.3676 -0.7435
vn 0.9821 -0.0583 -0.1793
vn -0.7152 0.3870 -0.5820
vn 0.6816 0.0131 -0.7316
vn -0.0211 0.0496 -0.9985
vn 0.8588 -0.1162 0.4990
vn 0.9664 -0.1533 0.2063
vn 0.9633 -0.0035 -0.2684
vn -0.0076 0.1295 0.9916
vn 0.5405 0.4324 -0.7217
vn 0.1730 0.5914 -0.7876
vn 0.1699 -0.4930 0.8533
vn 0.7369 0.0291 -0.6754
vn -0.0832 -0.0500 0.9953
vn 0.9908 0.0234 -0.1334
vn 0.8814 0.3188 -0.3486
vn -0.0371 -0.2332 0.9717
vn -0.3838 0.6564 -0.6495
vn 0.9698 -0.2027 0.1359
vn 0.9755 0.1947 -0.1029
vn -0.1453 -0.1001 0.9843
vn 0.8825 0.3146 -0.3497
vn 0.8948 0.4457 -0.0265
vn -0.8303 0.3399 -0.4417
vn 0.2501 -0.5672 0.7847
vn 0.9567 0.1235 -0.2636
vn 0.6461 -0.1317 -0.7518
vn 0.7932 0.2132 -0.5705
vn -0.9121 0.3160 -0.2611
vn 0.2776 -0.2005 -0.9395
vn 0.8663 -0.1314 0.4819
vn -0.1561 -0.0627 -0.9857
vn -0.8011 -0.0408 -0.5971
vn 0.1908 0.5717 -0.7980
vn 0.7494 0.5107 -0.4213
vn -0.8020 -0.0400 -0.5960
vn 0.8402 0.3514 -0.4131
vn -0.9032 -0.4270 -0.0427
vn 0.8598 0.3471 -0.3746
vn 0.9223 0.3419 -0.1799
vn 0.7815 0.3878 -0.4888
vn -0.6981 -0.6235 0.3519
vn -0.5076 0.5227 -0.6849
vn 0.9289 -0.0438 -0.3677
vn 0.1396 0.6587 -0.7393
vn 0.8560 -0.1450 0.4962
vn -0.2374 0.4464 -0.8628
vn 0.7658 0.5887 -0.2588
vn 0.9879 -0.0821 0.1313
vn -0.6017 0.4993 -0.6234
vn 0.7651 0.4588 -0.4518
vn -0.9656 -0.2295 -0.1223
vn 0.0560 0.7021 -0.7098
vn -0.9018 -0.3389 0.2680
vn -0.2299 0.6621 -0.7133
vn -0.9350 -0.2944 -0.1977
vn -0.3482 -0.0375 -0.9367
vn -0.9155 -0.0726 -0.3956
vn 0.5189 -0.6037 0.6051
vn -0.9792 -0.2002 0.0321
vn -0.6375 0.4574 -0.6200
vn -0.9992 -0.0096 0.0396
vn -0.8161 -0.0048 -0.5778
vn -0.7804 0.0595 -0.6224
vn 0.1153 -0.1364 0.9839
vn -0.9164 -0.3892 -0.0940
vn -0.5962 0.3825 -0.7059
vn -0.9937 -0.0205 0.1100
vn -0.9859 0.1557 0.0618
vn -0.0698 -0.0214 -0.9973
vn -0.2612 -0.2081 0.9426
vn 0.0589 -0.8460 0.5298
vn -0.6870 0.0246 -0.7262
vn -0.8905 0.1966 -0.4104
vn 0.1096 -0.8585 0.5010
vn 0.6827 0.1625 -0.7124
vn 0.9223 -0.3774 0.0834
vn 0.9078 -0.0298 -0.4184
vn 0.9510 -0.3087 0.0182
vn -0.9117 -0.2823 0.2986
vn 0.9371 -0.1624 -0.3090
vn 0.8189 -0.2721 -0.5053
vn -0.9377 -0.0818 -0.3376
vn 0.9246 -0.3150 0.2143
vn 0.9904 0.0682 -0.1200
vn -0.8992 -0.2708 0.3438
vn 0.9820 -0.0371 0.1852
vn 0.9264 -0.0384 -0.3745
vn -0.8899 -0.0325 -0.4549
vn -0.9514 -0.0416 -0.3051
vn 0.9796 0.0373 0.1973
vn 0.9749 -0.0657 0.2126
vn -0.7234 -0.3781 0.5777
vn 0.5696 -0.5557 0.6056
vn 0.9822 0.0720 0.1736
vn 0.9796 0.0971 0.1760
vn -0.4067 0.4278 -0.8072
vn -0.1619 -0.0772 0.9838
vn -0.2062 -0.0907 0.9743
vn -0.1491 -0.2633 0.9531
vn 0.5674 -0.0977 0.8176
vn -0.5864 -0.5097 0.6295
vn 0.4609 -0.5778 0.6736
vn 0.2428 -0.3027 0.9217
vn 0.0187 -0.7589 0.6510
vn -0.4775 -0.4898 0.7295
vn -0.3503 -0.3351 0.8746
vn 0.8453 -0.2461 0.4742
vn 0.9708 -0.0129 0.2396
vn 0.3412 -0.1055 0.9341
vn 0.3502 -0.0978 0.9316
vn 0.3902 -0.2204 0.8939
vn 0.6979 -0.5117 0.5011
vn 0.5430 -0.7011 0.4622
vn 0.3907 -0.6917 0.6074
vn 0.1293 -0.7873 0.6029
vn 0.7325 0.1655 0.6603
vn -0.1364 -0.5062 0.8516
vn 0.2425 -0.6529 0.7176
vn 0.0562 -0.4988 0.8649
vn 0.8142 -0.5655 0.1316
vn 0.2017 -0.2077 0.9572
vn 0.9209 0.3895 -0.0136
vn 0.2095 -0.2309 0.9502
vn 0.2102 -0.6527 0.7279
vn -0.0178 -0.7820 0.6231
vn 0.5315 0.1176 0.8389
vn 0.8607 0.2031 0.4668
vn 0.9481 -0.2149 0.2341
vn 0.0997 -0.7855 0.6108
vn 0.6975 -0.7084 0.1078
vn 0.1871 -0.4369 0.8799
vn -0.0728 0.0483 0.9962
vn -0.5515 -0.3968 0.7338
vn 0.9801 0.0239 0.1971
vn 0.9435 0.3277 -0.0488
vn 0.5874 0.3133 -0.7462
vn 0.9068 0.3621 -0.2159
vn 0.9610 -0.0062 -0.2765
vn -0.2095 -0.5283 0.8228
vn 0.3629 -0.2179 0.9060
vn -0.0021 -0.1859 0.9826
vn 0.7823 -0.2645 0.5639
vn 0.3722 -0.2306 -0.8991
vn 0.5104 -0.6054 0.6107
vn 0.9828 0.1010 0.1548
vn 0.6817 -0.7138 -0.1603
vn 0.0523 -0.5583 0.8280
vn 0.7241 0.3240 -0.6089
vn 0.5187 -0.4573 0.7224
vn 0.6720 0.1968 0.7139
vn 0.5116 -0.7301 0.4530
vn 0.9969 -0.0627 0.0483
vn -0.7203 0.0093 0.6936
vn 0.7463 -0.1626 0.6454
vn 0.2415 -0.5905 0.7701
vn 0.8666 -0.0196 0.4986
vn 0.5331 0.0884 0.8414
vn -0.2375 -0.5824 0.7774
vn 0.9710 0.0814 0.2247
vn 0.1484 -0.8728 0.4650
vn 0.1375 0.2150 0.9669
vn -0.0498 -0.0879 0.9949
vn 0.3089 -0.9356 0.1710
vn 0.2413 0.0833 0.9669
vn 0.9247 -0.1052 0.3660
vn 0.8630 -0.0506 0.5026
vn 0.5605 -0.5098 0.6526
vn 0.0569 -0.6140 0.7872
vn 0.9234 -0.1049 0.3693
vn -0.6548 0.2638 0.7082
vn 0.9481 -0.3177 -0.0155
vn 0.6670 -0.6970 0.2633
vn 0.6497 -0.2382 0.7219
vn 0.7017 -0.1312 0.7002
vn 0.2471 -0.5241 0.8150
vn -0.3429 -0.9013 -0.2647
vn 0.8784 -0.1293 0.4602
vn -0.1237 -0.1443 0.9818
vn 0.7401 -0.3916 0.5467
vn 0.5378 -0.3298 0.7758
vn -0.3313 0.2508 0.9096
vn 0.9853 -0.1386 -0.0996
vn -0.4602 -0.1006 0.8821
vn 0.6082 -0.5365 0.5850
vn 0.6861 -0.5466 0.4801
vn 0.4293 -0.9028 0.0259
vn -0.3582 -0.6906 0.6283
vn 0.7808 -0.4482 0.4352
vn 0.6728 -0.7375 -0.0590
vn -0.1388 -0.0807 0.9870
vn 0.7793 -0.5723 0.2551
vn 0.1518 -0.9815 -0.1168
vn 0.4831 -0.8755 0.0095
vn 0.7616 -0.6431 0.0798
vn 0.6823 -0.6880 0.2473
vn 0.8856 -0.3658 -0.2864
vn 0.8380 -0.3034 0.4535
vn -0.4411 -0.8211 0.3622
vn -0.2849 -0.4184 0.8624
vn 0.1580 -0.4751 0.8656
vn -0.3360 -0.1625 0.9277
vn 0.8528 -0.4444 0.2744
vn 0.5628 -0.8131 -0.1489
vn -0.5385 -0.8088 0.2363
vn 0.8337 -0.0009 0.5522
vn 0.1648 -0.8947 0.4152
vn -0.5028 -0.3845 0.7741
vn 0.7325 -0.3069 0.6076
vn 0.5990 0.2337 0.7659
vn 0.1744 -0.8893 0.4227
vn 0.9813 -0.1260 0.1454
vn 0.2133 -0.6144 0.7596
vn -0.1568 -0.4599 0.8740
vn 0.6432 -0.7032 -0.3028
vn -0.2631 -0.9629 -0.0601
vn 0.9457 -0.0074 0.3250
vn 0.5878 -0.8084 -0.0321
vn 0.9442 0.2432 -0.2221
vn 0.9994 -0.0118 0.0334
vn -0.2406 -0.9706 -0.0104
vn 0.3964 -0.3857 0.8331
vn 0.8094 -0.5177 0.2772
vn 0.8482 -0.1030 0.5195
vn 0.4813 -0.8631 -0.1530
vn 0.5699 -0.7969 0.2003
vn 0.6857 0.2624 0.6789
vn -0.0148 -0.3149 0.9490
vn 0.3821 -0.8291 0.4082
vn 0.9290 -0.1175 -0.3510
vn 0.1728 -0.8092 0.5615
vn -0.2123 -0.7161 0.6650
vn 0.9404 -0.0838 0.3295
vn 0.1860 -0.1668 0.9683
vn 0.4923 -0.7990 0.3453
vn 0.7140 -0.5507 0.4323
vn 0.6134 -0.6306 0.4754
vn 0.9632 -0.2679 -0.0224
vn 0.8195 0.3715 0.4364
vn -0.1430 -0.1583 0.9770
vn 0.6278 -0.1401 0.7657
vn -0.1226 -0.7443 0.6565
vn 0.1851 -0.4925 0.8504
vn 0.6223 -0.4921 0.6087
vn 0.1077 -0.4986 0.8601
vn 0.5808 -0.8137 -0.0236
vn 0.9980 0.0208 -0.0597
vn 0.6033 -0.4824 0.6351
vn 0.7801 -0.4404 0.4444
vn 0.2194 -0.9749 0.0371
vn -0.2542 -0.9648 -0.0668
vn 0.6219 -0.6472 0.4409
vn 0.8657 -0.3580 0.3500
vn 0.1076 0.2588 0.9599
vn -0.4113 0.4171 0.8105
vn 0.8587 -0.0506 -0.5099
vn 0.6982 -0.6945 -0.1738
vn -0.2469 -0.6072 0.7552
vn 0.5876 -0.8090 -0.0139
vn 0.6199 -0.7485 0.2356
vn 0.2489 -0.1062 0.9627
vn 0.9659 -0.2476 0.0752
vn 0.2504 0.0143 0.9680
vn 0.1396 -0.3151 0.9387
vn 0.6838 -0.1335 0.7173
vn -0.2081 -0.5872 0.7822
vn 0.8046 -0.5529 -0.2165
vn 0.2829 -0.8776 0.3870
vn 0.7879 -0.4857 0.3785
vn 0.7447 -0.5855 -0.3202
vn -0.6090 -0.3530 0.7103
vn 0.8720 -0.2313 -0.4315
vn -0.3079 -0.3656 0.8784
vn 0.0546 -0.9083 0.4148
vn -0.1923 -0.6261 0.7557
vn 0.8787 -0.3984 0.2628
vn 0.3421 -0.9363 0.0796
vn 0.3398 -0.9405 -0.0030
vn 0.8358 -0.4711 -0.2819
vn 0.8379 -0.5037 0.2101
vn 0.8295 0.0139 -0.5583
vn 0.7640 -0.5547 0.3294
vn -0.6133 -0.7809 0.1186
vn 0.7898 -0.3714 -0.4881
vn 0.9479 -0.2447 -0.2038
vn 0.6895 -0.3700 -0.6226
vn 0.9840 -0.0117 -0.1777
vn 0.8326 -0.5401 -0.1227
vn -0.3728 -0.8926 -0.2535
vn 0.8217 -0.0586 -0.5669
vn 0.7473 -0.5858 -0.3137
vn 0.4688 -0.7242 0.5058
vn 0.7848 -0.6190 0.0315
vn 0.4610 0.2920 -0.8380
vn 0.4743 -0.0506 -0.8789
vn -0.1477 -0.8248 -0.5457
vn -0.3862 -0.9185 -0.0847
vn -0.1046 -0.9011 -0.4208
vn 0.9380 -0.3444 -0.0397
vn 0.9954 0.0103 0.0951
vn 0.9755 0.1313 -0.1767
vn -0.1731 -0.9765 -0.1282
vn -0.2212 -0.9746 -0.0341
vn 0.9432 -0.3312 -0.0258
vn -0.8410 -0.3364 -0.4238
vn 0.9935 -0.0117 0.1135
vn -0.2388 -0.4189 -0.8761
vn 0.8211 -0.5600 0.1104
vn 0.8444 -0.0144 -0.5355
vn 0.7078 -0.6942 -0.1308
vn 0.9346 -0.3335 -0.1235
vn 0.2597 -0.0236 -0.9654
vn 0.8985 -0.1761 -0.4021
vn 0.4193 -0.7925 -0.4428
vn 0.4737 -0.1791 -0.8622
vn -0.9362 -0.2075 -0.2836
vn 0.6793 -0.7339 -0.0012
vn 0.7177 -0.4769 -0.5073
vn 0.1434 -0.7013 0.6983
vn 0.8739 -0.2630 -0.4088
vn -0.6981 -0.2116 0.6840
vn 0.8749 -0.4564 -0.1618
vn 0.0480 -0.9960 -0.0760
vn 0.4306 0.3499 -0.8319
vn 0.0301 -0.9843 -0.1737
vn 0.7554 -0.6549 -0.0221
vn 0.5157 -0.6104 -0.6012
vn 0.8191 -0.5615 0.1174
vn 0.6446 -0.7538 0.1278
vn -0.1121 -0.8795 -0.4626
vn -0.4397 -0.7615 0.4762
vn -0.2127 -0.9425 0.2578
vn -0.9750 -0.2070 0.0804
vn 0.9484 -0.3118 -0.0571
vn 0.7860 -0.4176 -0.4558
vn -0.0696 -0.2740 -0.9592
vn -0.7844 -0.4754 0.3985
vn -0.8191 -0.4995 -0.2821
vn 0.1172 -0.8793 -0.4616
vn 0.8579 -0.2218 -0.4635
vn 0.9080 0.1498 -0.3912
vn 0.9415 -0.3271 -0.0808
vn -0.5285 -0.7654 0.3673
vn 0.9176 0.0191 -0.3971
vn 0.9452 -0.3127 0.0939
vn 0.4673 -0.8699 0.1580
vn 0.6037 -0.4965 -0.6238
vn 0.2206 -0.9658 0.1364
vn 0.9763 -0.2148 -0.0262
vn 0.6062 0.3026 -0.7355
vn -0.1803 -0.9634 -0.1982
vn -0.8570 -0.4776 0.1936
vn 0.9400 -0.3403 -0.0247
vn 0.0990 -0.9628 0.2514
vn 0.8861 -0.4543 -0.0918
vn -0.1724 -0.9833 0.0578
vn 0.1456 -0.9852 0.0907
vn 0.7612 -0.6231 0.1797
vn 0.9850 0.0568 0.1631
vn 0.0561 -0.9756 0.2123
vn 0.8566 -0.2493 -0.4518
vn -0.3582 -0.3577 -0.8624
vn -0.5647 -0.5059 -0.6521
vn 0.8356 -0.5474 -0.0469
vn -0.2828 -0.8489 -0.4466
vn 0.8333 0.4462 -0.3265
vn 0.9796 -0.1995 -0.0256
vn 0.9359 -0.3409 0.0887
vn 0.9179 0.2042 -0.3403
vn -0.9295 -0.3671 0.0352
vn 0.9723 -0.1962 -0.1268
vn -0.5116 -0.8559 0.0762
vn -0.9382 -0.2652 -0.2225
vn -0.6054 -0.4581 -0.6509
vn -0.4144 -0.2568 -0.8731
vn 0.0340 -0.9762 0.2140
vn -0.9542 -0.2497 -0.1647
vn 0.9107 0.0164 -0.4127
vn -0.3534 -0.9319 0.0821
vn -0.1627 -0.9844 0.0673
vn 0.9923 -0.0365 -0.1186
vn 0.8784 -0.4642 -0.1134
vn 0.9695 -0.0593 -0.2377
vn 0.6643 -0.7426 -0.0850
vn -0.8573 -0.5052 -0.0996
vn -0.7368 -0.2306 -0.6356
vn -0.0891 -0.9151 -0.3933
vn 0.5503 -0.8327 -0.0619
vn 0.8139 -0.3113 -0.4905
vn 0.8994 -0.4148 0.1379
vn -0.0992 -0.8170 -0.5680
vn 0.9396 -0.3299 -0.0909
vn -0.3789 -0.9137 0.1468
vn 0.9380 -0.2825 -0.2011
vn -0.1081 -0.9817 -0.1568
vn 0.8340 -0.3848 -0.3955
vn -0.4393 -0.8636 -0.2474
vn -0.2789 -0.9186 -0.2799
vn 0.9360 -0.3401 0.0909
vn 0.9216 -0.3852 -0.0465
vn -0.2962 -0.9120 -0.2839
vn 0.1659 -0.7054 0.6892
vn 0.9002 -0.1152 0.4199
vn 0.4375 0.8853 0.1578
vn 0.0672 -0.9662 0.2489
vn -0.9442 0.2287 0.2370
vn 0.8598 0.1110 0.4984
vn -0.1922 0.9495 -0.2480
vn 0.5136 -0.1131 0.8506
vn -0.3079 0.3025 0.9020
vn -0.3724 -0.9254 0.0707
vn 0.1538 0.1906 0.9695
vn -0.1684 0.9716 -0.1661
vn 0.5283 -0.1266 0.8395
vn 0.8445 0.1331 0.5188
vn 0.6729 0.5439 0.5013
vn 0.0471 0.9645 -0.2600
vn -0.0203 -0.7094 0.7045
vn 0.0984 0.7752 0.6240
vn -0.2169 0.9483 -0.2314
vn -0.8936 0.4485 -0.0148
vn -0.1319 -0.7733 0.6202
vn -0.0219 0.9865 -0.1620
vn 0.9872 0.1040 0.1209
vn 0.5276 0.2747 0.8039
vn 0.6685 0.4080 0.6218
vn -0.0230 0.7382 0.6742
vn 0.7879 0.4172 0.4530
vn 0.9503 -0.1505 -0.2724
vn -0.0748 -0.9713 0.2259
vn 0.2012 0.9795 -0.0105
vn 0.0778 0.9021 -0.4244
vn 0.5631 0.2756 0.7790
vn 0.0136 -0.9917 0.1280
vn -0.6408 -0.5260 -0.5592
vn 0.2248 -0.8109 0.5404
vn 0.4299 -0.8653 0.2577
vn 0.5268 0.1890 0.8287
vn -0.4264 0.5404 0.7253
vn -0.8827 0.4020 -0.2434
vn -0.7767 -0.3310 0.5358
vn -0.7620 0.6475 -0.0141
vn -0.8163 0.5541 -0.1633
vn -0.9537 0.0090 -0.3005
vn -0.8627 0.3872 0.3253
vn 0.2721 0.2515 0.9288
vn 0.6635 0.5444 0.5132
vn 0.3193 -0.8467 -0.4255
vn -0.4624 0.3271 0.8241
vn -0.2228 0.6577 0.7196
vn -0.8440 0.5196 0.1332
vn 0.1544 -0.9852 -0.0744
vn 0.2732 0.8213 0.5008
vn 0.0144 0.6903 0.7234
vn 0.0179 0.6974 0.7164
vn -0.9411 -0.3366 0.0308
vn -0.1939 0.2302 0.9536
vn -0.6146 0.2252 0.7560
vn -0.6629 0.1450 -0.7345
vn 0.0671 -0.9974 -0.0274
vn -0.9249 -0.3797 0.0194
vn 0.2948 -0.1294 0.9468
vn 0.9799 0.1878 -0.0670
vn -0.6375 -0.5223 -0.5664
vn 0.0506 -0.9611 0.2715
vn -0.6918 -0.5519 -0.4657
vn 0.0492 -0.8490 0.5261
vn 0.8342 0.5394 0.1145
vn -0.1450 -0.9746 0.1705
vn -0.1354 -0.9783 0.1567
vn 0.2134 0.8235 -0.5257
vn -0.5173 0.3567 0.7779
vn -0.3267 0.1774 0.9283
vn 0.0389 0.7456 0.6652
vn -0.4517 0.3120 0.8358
vn 0.7339 0.6404 0.2263
vn 0.5545 0.2465 0.7949
vn 0.3283 -0.1872 0.9258
vn -0.9033 -0.0271 0.4282
vn 0.6705 -0.3545 0.6518
vn 0.1116 0.9799 -0.1654
vn 0.5990 0.3588 -0.7159
vn -0.6257 -0.4237 -0.6550
vn -0.6767 -0.4074 -0.6133
vn -0.2534 -0.4694 -0.8458
vn -0.6008 -0.4642 -0.6508
vn 0.9728 -0.2252 -0.0553
vn 0.1072 -0.6014 -0.7917
vn 0.2952 -0.7358 -0.6095
vn 0.6040 -0.3644 -0.7088
vn -0.7717 -0.4781 -0.4193
vn -0.9201 0.2878 0.2656
vn -0.9751 -0.0215 -0.2207
vn -0.9406 -0.2614 -0.2168
vn 0.9571 -0.0832 -0.2775
vn -0.9740 -0.0387 -0.2234
vn -0.9634 -0.1986 0.1802
vn 0.7188 -0.3896 -0.5758
vn 0.6572 -0.4398 -0.6121
vn 0.5775 -0.4204 -0.6998
vn 0.0066 -0.9723 -0.2335
vn -0.7748 -0.4286 -0.4647
vn -0.5972 -0.4617 -0.6558
vn 0.3081 -0.6795 -0.6659
vn 0.9421 -0.1614 -0.2938
vn 0.8528 0.0485 -0.5200
vn -0.4601 -0.6830 -0.5673
vn -0.1717 -0.9526 -0.2512
vn -0.7335 -0.4429 -0.5156
vn 0.8671 -0.3063 -0.3928
vn -0.1187 -0.4021 -0.9079
vn -0.4777 -0.7019 -0.5283
vn 0.6626 -0.4342 -0.6103
vn -0.0594 -0.6895 -0.7219
vn -0.3429 -0.9341 0.0996
vn -0.3291 -0.9439 0.0266
vn -0.1316 -0.9506 -0.2811
vn 0.9641 -0.2648 0.0189
vn 0.9086 -0.3802 -0.1726
vn -0.0847 -0.9326 -0.3507
vn -0.0686 -0.9403 -0.3333
vn 0.4273 -0.8972 -0.1118
vn 0.8395 -0.5427 -0.0269
vn 0.5198 -0.7776 -0.3538
vn 0.8043 -0.5457 -0.2352
vn 0.9462 -0.3198 -0.0493
vn 0.1951 -0.9799 -0.0404
vn 0.3570 -0.9050 -0.2313
vn 0.4479 -0.8089 -0.3808
vn 0.4660 -0.8787 -0.1036
vn -0.1411 -0.9582 -0.2489
vn -0.1482 -0.9882 -0.0393
vn 0.4537 -0.8092 -0.3733
vn 0.7646 -0.5839 0.2728
vn 0.2189 -0.8701 -0.4417
vn 0.6083 -0.7565 -0.2401
vn -0.0750 -0.9637 -0.2562
vn 0.3872 -0.6177 0.6845
vn 0.7020 -0.1145 0.7029
vn -0.9436 -0.1305 0.3041
vn -0.1672 0.0682 0.9836
vn 0.6351 -0.2109 0.7431
vn 0.5405 0.3494 -0.7654
vn -0.6998 0.0462 -0.7128
vn -0.7498 -0.0967 0.6546
vn -0.1379 0.8971 0.4197
vn -0.1259 -0.9916 -0.0298
vn 0.7814 0.3601 -0.5096
vn 0.2028 -0.9421 0.2671
vn 0.7837 0.0668 -0.6175
vn -0.4501 -0.6894 0.5675
vn 0.1305 -0.9873 0.0905
vn 0.7971 0.0375 -0.6027
vn -0.9995 0.0079 -0.0290
vn -0.4163 0.7529 0.5098
vn 0.9285 0.3712 0.0057
vn -0.9612 0.0662 -0.2679
vn 0.7555 0.3170 -0.5733
vn -0.4503 -0.3259 0.8313
vn 0.0089 -0.5355 0.8445
vn 0.1190 0.3495 0.9293
vn 0.3523 -0.0411 0.9350
vn -0.9430 -0.1279 0.3072
vn -0.9552 -0.2280 -0.1887
vn 0.7342 0.0664 -0.6756
vn 0.9628 0.2380 0.1281
vn 0.4965 0.8452 -0.1977
vn -0.0117 0.0592 0.9982
vn 0.1765 -0.8428 0.5085
vn 0.2885 0.0208 -0.9573
vn 0.9604 0.2459 0.1309
vn -0.0205 -0.9995 -0.0227
vn -0.7171 0.6437 0.2673
vn -0.9396 0.3165 0.1299
vn 0.4431 0.1738 -0.8794
vn 0.1752 0.0708 -0.9820
vn -0.2861 0.1328 -0.9489
vn -0.1337 -0.3051 -0.9429
vn -0.9354 0.2147 0.2810
vn 0.9775 -0.1087 0.1810
vn -0.7192 0.1423 -0.6801
vn -0.9768 0.2140 -0.0052
vn 0.5091 0.0021 -0.8607
vn 0.6646 0.3820 -0.6421
vn -0.2115 0.2036 -0.9559
vn -0.2701 -0.0225 -0.9626
vn -0.7241 0.1361 -0.6761
vn -0.3361 -0.8167 0.4692
vn -0.2147 -0.7178 0.6624
vn 0.7608 0.5239 0.3830
vn -0.0812 -0.0643 -0.9946
vn -0.0641 -0.3239 -0.9439
vn -0.2527 0.0722 -0.9648
vn -0.9741 -0.0720 -0.2144
vn -0.1322 -0.9909 -0.0263
vn -0.6937 0.4359 -0.5734
vn -0.1178 -0.8549 -0.5052
vn 0.3839 -0.9123 -0.1427
vn -0.2647 -0.5564 -0.7876
vn 0.0186 -0.9823 -0.1864
vn 0.9782 0.1911 -0.0808
vn 0.2894 0.2976 0.9098
vn -0.0618 -0.9970 0.0458
vn 0.5537 0.8300 0.0675
vn 0.6526 0.7377 0.1728
vn -0.0507 0.6029 0.7962
vn -0.9572 -0.0409 0.2864
vn 0.3920 0.5875 0.7079
vn 0.4226 -0.7420 -0.5204
vn 0.3687 -0.8202 -0.4374
vn -0.2164 -0.9602 -0.1768
vn 0.9694 0.1303 0.2081
vn -0.6327 -0.2018 0.7477
vn -0.1187 -0.9928 -0.0157
vn 0.2124 -0.0805 0.9739
vn -0.0092 -0.0227 0.9997
vn -0.0619 0.6025 0.7957
vn -0.9991 -0.0143 -0.0401
vn 0.7785 0.2767 -0.5633
vn 0.5680 0.1470 0.8098
vn -0.0556 -0.9983 -0.0176
vn -0.0227 -0.9796 -0.1996
vn 0.6897 -0.0138 0.7239
vn 0.7813 -0.0317 0.6233
vn -0.1195 -0.8546 -0.5053
vn 0.7458 -0.0931 0.6596
vn -0.9746 -0.0751 0.2108
vn 0.3803 0.7524 0.5378
vn -0.0048 0.8666 0.4990
vn 0.5363 0.0187 0.8438
vn -0.9359 0.2103 0.2825
vn 0.2521 0.8755 0.4122
vn 0.2582 0.9199 0.2953
vn 0.1096 -0.1089 -0.9880
vn 0.1305 -0.5365 -0.8337
vn -0.8686 0.4306 0.2451
vn -0.6823 0.6738 0.2836
vn 0.6283 0.6703 0.3950
vn -0.2726 -0.9611 0.0454
vn 0.1960 0.5328 0.8232
vn 0.3468 0.8724 0.3445
vn -0.8395 0.5411 0.0495
vn -0.2843 0.6041 -0.7444
vn -0.3701 0.5873 -0.7198
vn -0.6199 0.7842 0.0262
vn 0.3199 0.3632 -0.8751
vn -0.2904 0.8594 0.4208
vn -0.0567 0.9534 0.2962
vn -0.7611 0.5594 0.3282
vn -0.0912 0.9369 -0.3374
vn -0.2256 0.8450 0.4849
vn 0.4644 0.8796 -0.1032
vn -0.7237 -0.3360 0.6028
vn 0.3575 0.9169 -0.1773
vn -0.9589 -0.0081 0.2835
vn -0.0623 0.9980 -0.0127
vn -0.2447 0.8146 0.5259
vn 0.0350 0.7860 0.6173
vn -0.1486 0.9289 0.3391
vn 0.3657 0.6098 -0.7031
vn -0.4134 0.7821 -0.4662
vn -0.1625 0.6184 0.7688
vn -0.8720 0.4756 0.1158
vn -0.4529 0.8771 -0.1599
vn -0.1948 -0.1079 0.9749
vn -0.5745 0.6362 -0.5149
vn -0.2632 0.5054 -0.8218
vn -0.0951 0.9861 -0.1365
vn -0.8959 0.1123 0.4298
vn -0.3047 0.9421 0.1400
vn 0.1949 0.5341 0.8227
vn -0.2925 0.9507 -0.1027
vn -0.9714 -0.1348 0.1957
vn -0.5275 0.0172 0.8494
vn -0.4774 0.8763 -0.0647
vn -0.6205 0.7837 0.0279
vn -0.1355 0.6206 0.7723
vn -0.9466 0.3050 -0.1044
vn -0.6183 -0.1069 0.7786
vn -0.8140 -0.1987 0.5458
vn -0.8367 0.5000 -0.2233
vn -0.0808 0.9680 -0.2375
vn -0.7563 0.6248 -0.1938
vn -0.8347 0.1546 0.5285
vn -0.9128 0.3449 -0.2185
vn 0.1708 0.8804 -0.4424
vn -0.7604 0.6454 -0.0726
vn -0.9926 -0.1186 0.0252
vn -0.5529 0.4264 0.7159
vn -0.8488 0.4371 -0.2975
vn -0.8730 0.3898 -0.2931
vn 0.1518 0.8929 -0.4239
vn -0.8489 0.4382 -0.2956
vn -0.7921 -0.1092 0.6005
vn -0.2916 -0.2137 0.9324
vn -0.7204 0.6896 -0.0739
vn -0.9689 0.1091 0.2219
vn -0.7036 0.6563 -0.2724
vn -0.8491 0.0873 0.5210
vn -0.4163 0.9001 -0.1282
vn -0.8617 -0.0606 0.5038
vn -0.0740 0.8975 0.4347
vn -0.4310 0.8484 -0.3072
vn -0.9182 0.1565 0.3638
vn -0.4214 -0.0420 0.9059
vn -0.5883 0.0015 0.8086
vn -0.4858 0.6680 0.5637
vn 0.4403 0.7859 -0.4341
vn 0.4261 0.6759 -0.6013
vn 0.4534 0.7799 -0.4315
vn 0.1110 0.7542 0.6472
vn -0.5055 0.8059 -0.3082
vn -0.7371 0.6549 0.1668
vn -0.4777 0.7541 -0.4506
vn -0.1242 0.9435 0.3073
vn -0.9959 0.0725 0.0537
vn 0.8676 0.4972 -0.0107
vn -0.6876 0.0786 0.7218
vn -0.6054 0.2146 -0.7664
vn 0.5488 0.7479 -0.3733
vn 0.0913 0.8995 -0.4272
vn 0.0430 0.3357 0.9410
vn -0.7017 0.7055 0.0996
vn -0.2262 0.9689 0.1002
vn -0.3408 -0.2659 -0.9018
vn -0.9049 0.1050 0.4125
vn -0.4361 0.5155 -0.7376
vn -0.8325 -0.3791 -0.4040
vn -0.0378 0.6433 -0.7646
vn -0.3163 0.6854 -0.6559
vn -0.6640 0.5551 -0.5010
vn -0.6588 0.7433 0.1163
vn 0.1888 0.2669 0.9451
vn -0.2681 0.8655 0.4232
vn -0.7656 0.6239 0.1572
vn -0.3645 0.6838 -0.6321
vn -0.8305 -0.1529 0.5356
vn -0.4452 0.1214 -0.8871
vn -0.0648 -0.8305 0.5532
vn -0.1017 0.8126 0.5739
vn -0.1792 0.6176 0.7658
vn 0.2786 0.6572 0.7003
vn 0.5107 0.3525 0.7842
vn 0.2154 0.1052 0.9708
vn 0.4631 -0.0444 0.8852
vn -0.4126 0.1647 0.8959
vn 0.4959 0.4208 0.7596
vn 0.0409 0.4126 0.9100
vn 0.2616 -0.0118 0.9651
vn -0.6456 -0.2593 0.7183
vn -0.0165 0.7964 0.6045
vn 0.6030 -0.2899 0.7432
vn -0.7361 0.4266 0.5255
vn -0.6707 -0.4470 0.5919
vn 0.6563 -0.1691 0.7353
vn 0.1789 0.6481 0.7403
vn 0.4969 0.5802 0.6453
vn 0.4315 0.2561 0.8650
vn -0.9106 0.0207 0.4128
vn -0.6973 -0.3365 0.6329
vn 0.6404 0.3769 0.6692
vn 0.9003 -0.1431 0.4110
vn -0.7816 -0.2679 0.5633
vn -0.9330 -0.0346 0.3583
vn -0.9242 0.0264 0.3811
vn 0.3492 -0.2358 0.9069
vn 0.4924 0.3323 0.8044
vn -0.7997 0.5737 -0.1771
vn -0.9918 -0.1019 -0.0775
vn -0.9458 0.0923 0.3115
vn -0.4136 0.8567 0.3082
vn 0.2505 0.6422 0.7245
vn 0.0814 -0.1617 0.9835
vn 0.5168 0.1246 0.8470
vn 0.0348 0.2342 0.9716
vn -0.8521 -0.2605 0.4539
vn 0.3443 -0.1153 0.9318
vn 0.3398 -0.7005 0.6276
vn -0.7804 -0.0481 0.6234
vn -0.8150 0.0730 -0.5748
vn 0.9002 -0.1450 0.4107
vn -0.6437 0.3513 -0.6799
vn -0.0945 0.5460 0.8324
vn -0.9508 0.2075 0.2302
vn -0.8690 0.0588 0.4914
vn 0.2202 -0.5057 0.8342
vn -0.9800 0.0852 -0.1796
vn -0.7693 0.3911 0.5052
vn -0.9319 0.0670 0.3565
vn -0.7865 0.0565 -0.6149
vn 0.4133 -0.0857 0.9065
vn -0.8996 -0.0217 0.4363
vn -0.4401 -0.1493 0.8855
vn 0.6548 -0.1898 0.7316
vn 0.4045 -0.0869 0.9104
vn -0.4423 -0.5087 0.7387
vn -0.8945 -0.0080 0.4470
vn -0.7303 -0.5956 -0.3346
vn -0.7378 0.3110 -0.5991
vn -0.9352 -0.2706 -0.2284
vn 0.1484 -0.6031 0.7838
vn -0.6105 -0.3842 -0.6926
vn 0.0150 0.0972 0.9952
vn -0.5108 -0.1993 0.8363
vn -0.3972 -0.7882 0.4701
vn -0.2196 -0.8593 0.4619
vn -0.3134 0.1774 0.9329
vn -0.8784 -0.1917 -0.4377
vn 0.2629 0.0396 0.9640
vn 0.7402 -0.6355 -0.2197
vn -0.4641 -0.8621 -0.2036
vn 0.2903 -0.2337 0.9280
vn -0.7989 0.5004 0.3337
vn -0.9806 0.1576 -0.1167
vn -0.8283 -0.3075 0.4684
vn 0.4443 -0.7015 0.5572
vn -0.4295 -0.7675 0.4759
vn -0.1916 0.4457 0.8744
vn -0.7369 0.5470 -0.3973
vn 0.0405 -0.7259 0.6866
vn -0.9969 0.0784 -0.0050
vn -0.6746 0.1591 0.7208
vn -0.2693 0.2796 0.9216
vn -0.7365 0.5423 -0.4043
vn -0.4306 0.1261 0.8937
vn -0.8875 0.2470 -0.3891
vn -0.2084 -0.4015 0.8918
vn 0.4080 -0.2168 0.8868
vn -0.7531 0.1058 0.6494
vn -0.8601 0.2882 0.4209
vn -0.1315 0.1969 0.9716
vn -0.4377 0.0603 0.8971
vn -0.4373 -0.7918 0.4265
vn -0.0114 -0.7665 -0.6422
vn -0.2638 0.6022 0.7535
vn -0.9386 0.3248 -0.1168
vn 0.0431 -0.6303 -0.7752
vn -0.9777 -0.0970 0.1864
vn -0.1535 0.0061 0.9881
vn -0.7770 0.2913 0.5581
vn 0.6945 -0.7136 -0.0920
vn -0.7492 0.1945 0.6331
vn -0.3803 -0.6759 -0.6313
vn -0.4710 0.4646 0.7499
vn 0.6510 -0.7169 -0.2495
vn -0.7029 0.0733 0.7075
vn -0.8720 0.4071 0.2717
vn -0.4019 -0.0162 0.9155
vn -0.2160 -0.0771 0.9733
vn 0.2817 -0.6991 0.6572
vn -0.4120 0.8992 0.1473
vn -0.9219 0.0511 0.3840
vn -0.9449 0.3140 -0.0931
vn -0.7320 -0.4906 0.4728
vn -0.9828 0.1617 -0.0887
vn -0.7002 0.0466 0.7124
vn -0.2492 0.7685 0.5894
vn -0.4686 0.8311 0.2995
vn -0.9875 -0.1417 0.0693
vn -0.2171 -0.2453 0.9448
vn 0.3568 -0.7960 -0.4889
vn 0.5814 0.0424 0.8125
vn -0.7540 0.1872 0.6296
vn 0.4963 0.3238 0.8055
vn 0.2554 -0.7602 0.5974
vn -0.3979 -0.8162 -0.4188
vn 0.3279 0.7760 0.5389
vn -0.4397 -0.2664 0.8577
vn 0.3599 -0.8274 -0.4311
vn 0.7354 0.2580 0.6266
vn -0.4248 -0.8592 0.2852
vn -0.7992 -0.1184 0.5893
vn 0.7009 -0.1372 0.6999
vn 0.0047 0.0686 0.9976
vn -0.7337 -0.4939 0.4667
vn -0.9953 0.0949 0.0205
vn -0.7125 0.0216 0.7014
vn -0.3259 -0.8922 0.3126
vn 0.4862 0.5283 0.6961
vn -0.8269 -0.1726 -0.5353
vn -0.3543 0.5524 0.7546
vn -0.9813 -0.1839 -0.0560
vn -0.3262 -0.9045 0.2746
vn -0.6042 -0.7242 -0.3325
vn -0.6393 -0.1185 0.7598
vn -0.7497 0.5541 -0.3617
vn -0.5519 -0.8339 -0.0088
vn -0.6873 -0.7054 0.1734
vn -0.8769 -0.2202 -0.4273
vn 0.6298 0.2700 0.7283
vn 0.5697 0.4459 0.6904
vn -0.9051 -0.1620 -0.3931
vn -0.8228 0.5344 0.1937
vn -0.9878 -0.1492 -0.0452
vn -0.5286 -0.2498 -0.8113
vn -0.9404 -0.0509 -0.3362
vn -0.5903 -0.2061 -0.7804
vn -0.9297 0.3681 -0.0132
vn -0.7908 -0.5324 -0.3020
vn -0.0884 0.1410 0.9861
vn -0.8904 0.3380 -0.3049
vn -0.4691 0.8303 0.3008
vn -0.4561 -0.3637 0.8122
vn -0.2253 0.5575 -0.7990
vn -0.7145 0.4612 -0.5261
vn -0.6539 0.0004 -0.7566
vn -0.7302 0.4467 -0.5170
vn -0.5824 0.0265 -0.8125
vn 0.1498 0.8309 -0.5359
vn -0.2270 0.4485 -0.8645
vn -0.3249 0.9414 -0.0912
vn -0.1155 0.8659 -0.4868
vn -0.9375 -0.3306 0.1085
vn -0.5547 0.8109 -0.1861
vn -0.8272 0.4488 0.3381
vn 0.4442 0.1985 -0.8737
vn 0.3733 0.3104 -0.8743
vn -0.9382 -0.0560 -0.3415
vn -0.5015 0.5343 -0.6804
vn 0.0040 0.5675 -0.8234
vn -0.8264 0.5623 0.0294
vn -0.8784 -0.2057 -0.4313
vn -0.8251 -0.0786 -0.5594
vn -0.6425 0.3899 -0.6597
vn 0.2635 0.7251 -0.6362
vn -0.1502 0.4515 -0.8795
vn -0.6479 0.7454 -0.1571
vn -0.5322 0.7330 -0.4237
vn -0.5344 0.7860 -0.3110
vn -0.5154 0.7461 -0.4215
vn 0.2033 0.1866 -0.9612
vn -0.7950 0.3346 0.5060
vn -0.7993 0.5981 0.0581
vn -0.6752 -0.2790 -0.6828
vn -0.8423 0.5250 -0.1224
vn -0.2389 -0.2858 -0.9280
vn -0.9966 -0.0828 0.0016
vn -0.9150 0.0872 -0.3939
vn -0.8317 0.5200 -0.1947
vn -0.7394 0.0602 -0.6706
vn -0.1463 0.8428 -0.5180
vn -0.7377 0.6573 0.1540
vn -0.2444 0.6554 -0.7146
vn -0.8250 0.5538 0.1126
vn -0.2450 0.1873 -0.9513
vn 0.0024 0.4864 -0.8737
vn -0.4830 0.8742 0.0501
vn -0.9022 0.4299 0.0344
vn -0.8575 0.4140 -0.3054
vn -0.4738 0.4986 -0.7259
vn -0.0842 0.4483 -0.8899
vn 0.1125 0.5679 -0.8154
vn -0.2460 0.5835 -0.7739
vn -0.0770 0.5288 -0.8453
vn -0.9331 -0.0154 0.3593
vn -0.6368 -0.2116 0.7414
vn -0.9259 0.2041 -0.3180
vn -0.7829 0.4688 -0.4090
vn -0.7252 0.4091 -0.5538
vn -0.4624 0.8807 -0.1030
vn -0.9706 0.1943 -0.1423
vn -0.7818 0.6229 -0.0266
vn -0.2944 0.2773 -0.9146
vn -0.3333 0.2824 -0.8995
vn -0.8165 0.5725 -0.0741
vn -0.5348 0.7055 -0.4651
vn -0.5429 0.1915 -0.8177
vn -0.1660 0.4306 -0.8871
vn -0.6552 0.7413 0.1452
vn -0.7061 -0.2158 -0.6744
vn -0.5224 0.5621 -0.6412
vn -0.9633 0.2683 -0.0078
vn -0.5840 0.5552 -0.5923
vn -0.5502 0.6333 -0.5442
vn -0.3167 0.5848 -0.7468
vn -0.5879 0.8043 -0.0861
vn -0.9711 0.1267 -0.2021
vn -0.0049 0.7908 -0.6120
vn -0.2400 0.9311 -0.2747
vn -0.9539 0.2364 0.1851
vn -0.2818 0.7350 -0.6167
vn -0.5272 0.8480 -0.0536
vn -0.8100 0.5819 -0.0726
vn -0.3766 0.8038 -0.4606
vn 0.1389 0.6789 -0.7210
vn 0.2072 0.9777 -0.0342
vn 0.1818 0.8624 -0.4724
vn -0.7518 0.4011 -0.5233
vn 0.2287 0.3004 -0.9260
vn -0.8313 -0.0218 -0.5554
vn -0.5456 0.2043 -0.8128
vn -0.3352 0.9421 0.0101
vn -0.4284 0.9019 0.0553
vn 0.0122 0.8852 -0.4651
vn -0.2348 -0.2163 -0.9477
vn -0.2587 0.9656 -0.0249
vn -0.6518 0.7559 -0.0608
vn -0.5017 0.2860 -0.8164
vn -0.9359 0.3163 0.1548
vn -0.0702 0.7706 -0.6334
vn 0.1225 0.4534 -0.8829
vn -0.5032 0.8117 -0.2965
vn -0.4570 0.1979 -0.8672
vn -0.4015 0.8343 -0.3778
vn 0.3356 0.9417 -0.0233
vn 0.1353 0.4223 -0.8963
vn -0.3218 0.7983 -0.5091
vn -0.5770 0.8132 -0.0756
vn -0.4266 0.6719 -0.6055
vn -0.7544 0.5816 -0.3043
vn -0.4132 0.9054 -0.0980
vn -0.6677 0.5039 -0.5480
vn 0.1880 0.9746 -0.1219
vn -0.1123 0.9800 -0.1643
vn -0.9798 0.0445 -0.1949
vn -0.8911 0.2642 -0.3690
vn -0.7504 0.6422 -0.1566
vn -0.1868 0.7637 -0.6180
vn -0.0965 0.8162 -0.5697
vn -0.9812 0.1793 -0.0714
vn -0.8349 0.5503 0.0119
vn -0.1107 0.9798 -0.1663
vn 0.0369 0.7649 -0.6431
vn -0.6367 0.7380 -0.2234
vn 0.3644 0.9312 0.0118
vn -0.6093 0.7802 -0.1414
vn 0.1632 0.8761 -0.4537
vn -0.5801 0.7019 -0.4132
vn -0.6384 -0.3458 0.6877
vn -0.8957 0.4122 -0.1669
vn -0.9372 0.1837 0.2966
vn -0.8935 0.2479 0.3743
vn -0.9046 -0.2868 0.3153
vn -0.6728 -0.2881 -0.6814
vn -0.9595 0.2778 0.0466
vn -0.0820 0.4984 0.8630
vn -0.7401 0.6710 0.0449
vn -0.8732 -0.0313 0.4863
vn -0.7367 -0.4437 0.5103
vn -0.9262 -0.0732 0.3699
vn -0.8162 0.3780 -0.4370
vn -0.5358 -0.0288 0.8438
vn -0.9320 -0.0378 0.3605
vn -0.4167 0.2152 -0.8832
vn -0.8268 0.5619 -0.0268
vn -0.8166 0.5028 -0.2833
vn -0.9635 -0.2614 0.0568
vn -0.9661 0.0541 -0.2525
vn -0.6961 0.0124 -0.7178
vn -0.9134 0.2088 -0.3495
vn -0.9266 -0.2764 -0.2549
vn -0.1635 -0.1962 0.9668
vn -0.6874 0.3403 -0.6416
vn -0.9767 -0.0814 -0.1986
vn -0.6253 0.0420 -0.7793
vn -0.3944 0.2489 -0.8846
vn -0.9237 -0.2339 -0.3035
vn -0.9914 -0.0385 -0.1248
vn -0.9671 0.2540 -0.0145
vn -0.9678 0.2501 0.0281
vn -0.9541 -0.0043 -0.2994
vn -0.8795 0.4309 0.2019
vn -0.8795 0.4416 0.1771
vn -0.8868 0.0926 0.4528
vn -0.6767 0.4484 -0.5839
vn -0.7772 0.2534 -0.5760
vn -0.7240 0.6835 0.0929
vn -0.9923 -0.0843 0.0903
vn -0.3568 0.3900 -0.8489
vn -0.9777 0.2010 0.0615
vn -0.8949 0.4369 0.0908
vn -0.6260 0.1077 0.7723
vn -0.6171 0.0722 -0.7835
vn -0.8608 -0.3965 0.3191
vn -0.9241 -0.1351 -0.3576
vn -0.8143 0.4767 0.3312
vn -0.9595 0.1834 -0.2136
vn -0.7441 -0.2941 0.5998
vn -0.8336 0.3538 -0.4242
vn -0.8901 0.0074 0.4557
vn -0.4195 0.1425 -0.8965
vn -0.9473 -0.2636 0.1821
vn -0.9333 0.3539 0.0601
vn -0.9728 -0.1830 -0.1422
vn -0.8673 0.4861 -0.1070
vn -0.6878 0.1630 0.7073
vn -0.7160 -0.1581 0.6799
vn -0.7662 -0.1068 -0.6337
vn -0.8827 -0.3263 -0.3382
vn -0.9093 -0.3802 -0.1689
vn -0.7399 -0.2726 -0.6150
vn -0.5892 -0.1698 -0.7900
vn -0.7778 0.5764 -0.2507
vn -0.9777 0.2098 -0.0013
vn -0.9419 0.2119 -0.2607
vn -0.9391 -0.1434 -0.3123
vn -0.8421 0.0107 0.5392
vn -0.5999 -0.0404 -0.7991
vn -0.9754 0.1975 -0.0979
vn -0.9638 -0.2323 0.1307
vn -0.4184 0.5348 -0.7341
vn -0.8874 -0.1157 -0.4463
vn -0.9614 0.2662 -0.0693
vn -0.6891 -0.3847 -0.6141
vn -0.8066 0.5085 0.3013
vn -0.5866 -0.4375 -0.6816
vn -0.9337 0.0979 0.3444
vn -0.7053 -0.3883 -0.5931
vn -0.9625 -0.2254 -0.1508
vn -0.2853 0.0840 -0.9548
vn -0.8024 0.4001 0.4428
vn -0.9963 -0.0506 0.0700
vn -0.4886 0.0229 -0.8722
vn -0.8921 0.2173 0.3962
vn -0.9554 0.2150 0.2026
vn -0.8060 -0.0298 -0.5912
vn -0.8902 0.0930 0.4461
vn -0.9329 0.1140 0.3416
vn -0.9141 0.3792 0.1437
vn -0.9107 0.3534 -0.2138
vn -0.8348 -0.5334 0.1367
vn -0.9121 0.3367 -0.2340
vn -0.9687 -0.1244 -0.2150
vn -0.7707 0.5994 0.2163
vn -0.8086 -0.5883 0.0031
vn -0.8454 0.3574 0.3969
vn -0.9132 0.2124 -0.3477
vn -0.7875 0.1516 0.5973
vn -0.8449 -0.5330 -0.0454
vn -0.7317 0.2308 0.6413
vn -0.7451 0.3420 -0.5726
vn -0.6420 -0.3087 -0.7018
vn -0.6884 -0.3148 -0.6534
vn -0.8647 0.0443 -0.5003
vn -0.6786 0.5127 -0.5259
vn -0.6849 0.2593 -0.6809
vn -0.9756 0.0845 0.2027
vn -0.8242 -0.1022 0.5570
vn -0.9905 0.0146 0.1368
vn -0.9281 0.1409 -0.3447
vn -0.9797 0.1446 -0.1389
vn -0.9937 -0.0763 -0.0820
vn -0.9871 0.0026 -0.1603
vn -0.9960 0.0433 0.0782
vn -0.8296 0.1477 -0.5384
vn -0.7508 0.6597 0.0324
vn -0.9908 0.0867 -0.1041
vn -0.8135 0.0364 -0.5804
vn -0.4062 0.3333 -0.8509
vn -0.9531 0.3025 -0.0135
vn -0.9956 0.0315 0.0885
vn -0.3645 -0.1063 -0.9251
vn -0.6982 0.1319 0.7036
vn -0.8901 0.4466 0.0909
vn -0.6756 0.4583 -0.5775
vn -0.8457 0.0102 -0.5336
vn -0.5282 0.8491 -0.0056
vn -0.9984 0.0482 0.0286
vn -0.9027 0.4252 -0.0660
vn -0.8496 0.0157 -0.5272
vn -0.7154 -0.2926 -0.6345
vn -0.9631 -0.2691 0.0101
vn -0.9196 0.3887 -0.0560
vn -0.7354 0.6776 -0.0009
vn -0.9921 0.1240 0.0210
vn -0.9732 -0.2006 -0.1125
vn -0.9919 0.1268 0.0007
vn -0.8962 0.4425 0.0304
vn -0.7933 0.6053 -0.0652
vn -0.9142 -0.3152 0.2547
vn -0.9533 -0.2994 -0.0399
vn -0.9120 0.1288 0.3895
vn -0.8142 0.3076 0.4924
vn -0.8039 -0.2089 -0.5569
vn -0.8160 0.5392 -0.2083
vn -0.5987 -0.0881 -0.7961
vn -0.8925 0.2671 -0.3636
vn -0.7680 0.3682 -0.5241
vn -0.7142 0.1359 -0.6867
vn -0.8758 0.0931 -0.4736
vn -0.8879 -0.0058 0.4599
vn -0.9539 0.1156 0.2771
vn -0.6653 0.5774 -0.4733
vn -0.8649 -0.2339 0.4442
vn -0.8517 0.3829 -0.3578
vn -0.6081 0.5200 -0.5998
vn -0.6890 0.4053 -0.6009
vn -0.9596 -0.2814 -0.0012
vn -0.9182 0.3834 0.0996
vn -0.8325 0.0643 -0.5503
vn -0.8354 -0.0055 -0.5496
vn -0.4654 -0.4961 -0.7330
vn -0.9436 -0.1094 0.3126
vn -0.8598 0.5086 0.0453
vn -0.8454 -0.4974 0.1947
vn -0.3991 0.5550 -0.7298
vn -0.8402 -0.2508 -0.4808
vn -0.9249 -0.1086 -0.3643
vn -0.8766 0.1978 -0.4388
vn -0.9984 0.0309 0.0483
vn -0.9602 -0.2464 0.1316
vn -0.6516 0.7551 -0.0731
vn -0.8340 -0.0436 -0.5500
vn -0.4033 0.5416 -0.7375
vn -0.8692 -0.0046 -0.4945
vn -0.1629 0.4479 -0.8791
vn -0.4948 -0.5533 -0.6701
vn -0.9650 -0.0519 0.2570
vn -0.7766 -0.1855 -0.6021
vn -0.8629 0.4865 0.1370
vn -0.8197 0.5715 -0.0392
vn -0.8168 0.0806 -0.5713
vn -0.8952 0.4317 0.1108
vn -0.9204 0.2733 -0.2797
vn -0.9275 0.3311 0.1738
vn -0.8723 0.2427 0.4245
vn -0.3901 0.7058 -0.5913
vn -0.7249 0.6888 -0.0080
vn -0.9471 -0.2312 -0.2225
vn -0.9551 0.1242 0.2690
vn 0.1698 0.9722 0.1613
vn 0.1566 0.9861 0.0553
vn 0.0613 0.9832 0.1718
vn -0.8104 0.5858 -0.0118
vn 0.0825 0.9750 0.2061
vn -0.9948 0.0895 0.0494
vn -0.5384 0.8015 0.2602
vn 0.0717 0.9518 0.2983
vn 0.0309 0.9940 0.1050
vn 0.1365 0.9763 0.1681
vn -0.4822 0.8641 0.1441
vn -0.9966 0.0824 0.0015
vn -0.8622 0.1705 0.4769
vn 0.2416 0.9515 0.1903
vn 0.1788 0.9580 0.2241
vn -0.5359 0.8370 -0.1104
vn 0.1169 0.9920 0.0486
vn 0.2974 0.9462 0.1276
vn -0.8212 0.3064 0.4813
vn -0.3164 0.9444 -0.0894
vn -0.0242 0.9703 0.2405
vn -0.8770 0.4676 0.1108
vn -0.5125 0.8211 0.2514
vn -0.9934 0.1062 -0.0423
vn -0.6678 0.7282 0.1544
vn -0.6534 0.6661 0.3596
vn 0.1167 0.9908 0.0686
vn -0.8531 0.4146 0.3168
vn -0.6525 0.6667 0.3602
vn -0.6728 0.7378 0.0534
vn -0.7774 0.6284 0.0271
vn 0.2155 0.9645 -0.1523
vn -0.7333 0.6799 -0.0026
vn -0.9878 0.1552 0.0147
vn 0.2378 0.9600 0.1475
vn -0.8959 0.4190 -0.1479
vn -0.9439 0.0816 0.3199
vn -0.0192 0.9770 0.2122
vn -0.0281 0.9775 0.2091
vn -0.2206 0.9696 -0.1063
vn -0.4877 -0.1750 -0.8553
vn -0.1733 0.9679 -0.1819
vn 0.4645 -0.2588 -0.8469
vn -0.2960 0.9445 -0.1427
vn -0.3369 -0.8405 -0.4243
vn -0.8915 0.3278 -0.3126
vn 0.4616 -0.4506 -0.7641
vn -0.9847 -0.1738 0.0092
vn 0.2593 -0.2405 -0.9354
vn -0.0684 0.5461 -0.8349
vn 0.4494 -0.2743 -0.8502
vn -0.4747 0.8502 -0.2276
vn -0.8789 0.2670 -0.3952
vn -0.2841 0.7552 -0.5907
vn -0.4856 0.8159 -0.3138
vn -0.8834 0.3711 -0.2862
vn 0.1789 -0.2548 -0.9503
vn -0.9501 0.2481 -0.1893
vn -0.9022 0.4308 0.0221
vn 0.6720 -0.1743 -0.7198
vn 0.2196 0.9640 -0.1498
vn -0.9072 0.2438 -0.3430
vn -0.5489 -0.0778 -0.8323
vn -0.6273 0.0112 -0.7787
vn -0.6115 0.0769 -0.7875
vn -0.7156 0.2640 -0.6467
vn -0.2669 0.9539 -0.1376
vn -0.4060 0.2770 -0.8709
vn -0.6277 0.2339 -0.7425
vn -0.2275 0.8337 -0.5032
vn -0.9852 -0.1714 0.0048
vn -0.8520 0.2011 -0.4835
vn -0.2342 0.9396 -0.2495
vn -0.4019 0.8934 -0.2009
vn -0.5046 -0.7350 0.4530
vn -0.5121 0.7881 -0.3415
vn -0.3188 0.1424 -0.9370
vn -0.2619 0.7534 -0.6032
vn -0.7649 -0.2379 -0.5986
vn -0.8627 0.0662 -0.5014
vn -0.6314 -0.0905 -0.7702
vn 0.2456 0.9467 -0.2086
vn -0.8303 0.5572 0.0086
vn -0.4706 -0.8248 -0.3133
vn -0.8498 0.2111 -0.4830
vn -0.7462 0.2301 -0.6247
vn -0.7589 0.2307 -0.6090
vn -0.6735 0.1947 -0.7131
vn -0.7280 0.1667 -0.6650
vn -0.4011 -0.6666 -0.6283
vn 0.4503 -0.5349 -0.7149
vn -0.8604 0.4023 -0.3128
vn -0.8627 0.0674 -0.5012
vn -0.8024 0.5422 0.2492
vn -0.5021 0.0173 -0.8647
vn -0.6468 -0.7149 -0.2657
vn -0.7937 0.4191 -0.4408
vn -0.8119 -0.5050 -0.2929
vn -0.9552 -0.2172 0.2008
vn -0.9095 -0.4015 0.1080
vn -0.9567 0.1735 -0.2336
vn -0.9121 -0.2325 -0.3375
vn -0.9671 0.1542 -0.2024
vn -0.8726 -0.4847 0.0598
vn -0.7562 -0.6223 -0.2021
vn -0.6378 0.2765 0.7188
vn -0.7069 -0.6027 -0.3703
vn -0.6261 0.2550 0.7369
vn -0.6643 -0.5764 -0.4759
vn -0.6254 -0.7044 -0.3357
vn -0.9851 -0.1720 -0.0048
vn -0.9919 -0.1232 -0.0295
vn -0.8612 0.3228 0.3927
vn -0.9736 0.2160 -0.0733
vn -0.9952 0.0975 -0.0040
vn -0.5069 -0.7711 -0.3852
vn -0.9913 0.0908 -0.0957
vn -0.9380 0.2422 -0.2480
vn -0.9040 -0.4107 -0.1185
vn -0.2889 -0.8688 -0.4022
vn -0.9434 -0.1084 -0.3136
vn -0.8602 -0.2874 -0.4212
vn -0.9422 -0.2943 -0.1598
vn -0.0347 -0.7745 -0.6316
vn -0.0910 -0.7587 -0.6451
vn -0.8817 0.1102 -0.4588
vn -0.9879 0.0684 -0.1395
vn -0.9013 -0.4174 -0.1159
vn -0.9131 0.3999 -0.0795
vn -0.9660 -0.0689 -0.2491
vn -0.9625 -0.2007 0.1822
vn -0.9640 -0.0154 -0.2655
vn -0.8470 0.1947 0.4946
vn -0.2708 -0.8214 -0.5020
vn -0.4500 -0.6491 -0.6134
vn -0.8960 -0.0576 -0.4403
vn -0.9661 0.1550 0.2066
vn -0.8305 0.0709 0.5524
vn -0.9674 0.1982 -0.1577
vn -0.9616 0.2232 -0.1594
vn -0.9401 -0.1144 -0.3211
vn -0.4775 -0.6403 -0.6017
vn -0.9477 0.2385 -0.2120
vn -0.5004 0.1948 0.8436
vn -0.9847 -0.1606 0.0679
vn -0.9381 0.2649 -0.2229
vn -0.9681 -0.2253 0.1093
vn -0.9275 0.2490 -0.2789
vn -0.2884 -0.1888 0.9387
vn -0.9405 0.2442 -0.2364
vn -0.8068 0.1779 0.5634
vn -0.8884 -0.3385 -0.3100
vn -0.7606 -0.5690 -0.3127
vn -0.8720 -0.3571 -0.3347
vn -0.6096 -0.6870 -0.3956
vn 0.6119 -0.2433 0.7526
vn 0.8133 -0.3325 0.4774
vn -0.6718 0.1796 -0.7186
vn 0.9189 -0.1342 -0.3709
vn 0.4043 0.1267 -0.9058
vn 0.5775 -0.7753 0.2559
vn -0.9515 0.2671 -0.1528
vn -0.2958 -0.2447 0.9234
vn 0.7175 -0.6767 -0.1652
vn 0.2136 -0.2003 0.9562
vn 0.6621 -0.3515 -0.6619
vn 0.8131 -0.3234 0.4841
vn 0.4379 -0.2284 -0.8695
vn -0.9917 0.1198 0.0462
vn 0.2652 -0.2856 0.9209
vn 0.4464 -0.2195 -0.8675
vn 0.4414 -0.0366 0.8966
vn 0.6406 -0.4437 0.6267
vn 0.7728 0.0313 -0.6339
vn -0.4808 -0.6907 -0.5402
vn -0.4353 -0.7236 -0.5356
vn -0.7189 0.1470 -0.6794
vn -0.9446 -0.0115 0.3280
vn -0.7146 0.0746 -0.6955
vn -0.8937 -0.1711 0.4147
vn 0.8350 -0.4177 0.3583
vn 0.9956 -0.0780 -0.0515
vn -0.7638 -0.0930 -0.6387
vn 0.5951 -0.2652 0.7586
vn 0.9447 -0.2754 0.1780
vn -0.9899 0.1196 0.0759
vn -0.6186 -0.1202 -0.7765
vn 0.8971 -0.4385 0.0542
vn 0.9115 -0.3623 -0.1946
vn -0.8573 0.0622 0.5110
vn 0.8307 -0.2753 0.4839
vn -0.9251 0.2822 -0.2539
vn -0.7038 -0.5830 -0.4059
vn 0.7880 0.0046 -0.6157
vn 0.9636 -0.2241 -0.1460
vn -0.7381 -0.2283 0.6349
vn 0.3723 -0.5620 0.7387
vn 0.8567 -0.2849 0.4299
vn -0.9440 -0.0584 -0.3249
vn 0.4056 -0.2384 -0.8824
vn 0.6721 -0.2601 -0.6933
vn -0.4667 -0.8302 -0.3048
vn -0.1454 -0.2036 -0.9682
vn 0.0313 -0.6297 0.7762
vn -0.1109 0.0537 -0.9924
vn -0.9710 0.2390 0.0096
vn 0.4834 -0.8340 0.2660
vn -0.9320 0.2663 -0.2458
vn -0.1446 -0.2034 -0.9684
vn -0.7978 0.1335 -0.5880
vn -0.7857 0.0552 -0.6162
vn -0.9216 -0.0878 -0.3780
vn 0.2228 0.2614 -0.9392
vn 0.9495 -0.2886 -0.1233
vn -0.7239 -0.0184 -0.6896
vn -0.1331 -0.9670 -0.2173
vn -0.5624 0.0190 -0.8266
vn 0.4205 -0.2406 0.8748
vn 0.3878 -0.2961 -0.8729
vn -0.9268 0.0688 -0.3691
vn 0.9688 -0.2319 -0.0879
vn 0.9784 -0.2050 0.0281
vn -0.9032 0.0147 -0.4290
vn -0.8079 -0.0378 -0.5881
vn -0.9286 -0.1701 -0.3297
vn 0.4794 -0.1056 0.8712
vn 0.6225 -0.4218 -0.6592
vn 0.1922 -0.3885 -0.9012
vn 0.6314 -0.4123 -0.6568
vn 0.3417 0.1164 -0.9326
vn -0.7969 0.2379 -0.5553
vn -0.5853 -0.0973 -0.8050
vn -0.9109 -0.0372 -0.4110
vn 0.9856 -0.0878 -0.1446
vn -0.9840 0.1542 0.0899
vn 0.2374 -0.2752 0.9316
vn 0.7767 -0.3534 -0.5213
vn -0.9925 0.1108 0.0512
vn 0.4553 -0.1469 0.8781
vn -0.2722 -0.3490 0.8967
vn -0.9242 -0.0629 -0.3768
vn -0.6540 -0.1669 -0.7379
vn -0.4892 -0.6705 -0.5577
vn 0.2187 -0.2856 0.9331
vn -0.7277 -0.0571 0.6835
vn -0.8659 0.2839 -0.4118
vn -0.4514 -0.7025 -0.5502
vn -0.9496 0.2725 -0.1547
vn 0.9494 -0.2471 -0.1938
vn 0.6539 -0.2999 0.6946
vn -0.5659 0.0444 -0.8233
vn 0.3610 0.0898 -0.9282
vn 0.8505 -0.1984 -0.4871
vn 0.8454 -0.3962 -0.3582
vn -0.8954 -0.2327 0.3795
vn 0.8917 -0.0267 -0.4518
vn 0.6884 -0.0262 -0.7249
vn -0.9585 -0.1462 -0.2448
vn -0.7298 0.1286 -0.6714
vn 0.6333 -0.3284 0.7008
vn -0.8704 -0.2177 -0.4416
vn -0.5647 0.0033 -0.8253
vn -0.5876 0.0139 -0.8090
vn -0.9380 -0.0734 0.3387
vn -0.9376 -0.0728 0.3400
vn -0.8897 0.0496 -0.4539
vn -0.9987 -0.0155 0.0482
vn -0.7788 0.1931 -0.5968
vn -0.6479 -0.5663 0.5094
vn -0.8024 0.2466 -0.5434
vn -0.9613 -0.0035 0.2756
vn 0.0679 -0.9333 0.3527
vn 0.1072 0.8018 -0.5879
vn -0.9423 0.1039 0.3181
vn -0.5923 -0.0452 0.8045
vn -0.8353 0.0217 0.5493
vn 0.3540 -0.9352 -0.0105
vn -0.9265 0.0260 0.3753
vn -0.6186 -0.2747 0.7361
vn -0.4652 -0.1450 0.8732
vn -0.8895 0.0468 -0.4545
vn -0.9054 0.1468 0.3983
vn -0.7390 0.6640 0.1138
vn -0.8754 0.2085 0.4361
vn -0.7711 0.4251 -0.4741
vn 0.0466 -0.8246 0.5638
vn -0.9019 0.1327 0.4111
vn -0.7650 -0.2067 0.6099
vn -0.7919 0.5938 0.1425
vn 0.3389 -0.9357 -0.0983
vn 0.5319 -0.7424 0.4073
vn -0.6734 -0.0519 0.7375
vn 0.2339 0.1706 -0.9572
vn 0.3622 0.3991 -0.8423
vn 0.8233 -0.2588 -0.5052
vn 0.8040 -0.4991 -0.3232
vn -0.5141 -0.7261 0.4567
vn 0.9096 0.3233 -0.2608
vn 0.3961 0.0172 -0.9181
vn -0.6598 0.2740 -0.6997
vn -0.2822 0.8262 -0.4877
vn -0.1985 0.6139 -0.7640
vn -0.4984 0.8226 0.2738
vn 0.8819 -0.0557 -0.4681
vn -0.1464 0.9642 -0.2211
vn -0.7391 0.6636 0.1154
vn 0.4521 0.8900 0.0595
vn -0.5865 0.7411 -0.3269
vn -0.8215 0.0348 0.5691
vn 0.3795 0.9214 0.0837
vn -0.9830 -0.1163 0.1422
vn 0.1908 -0.9814 -0.0216
vn -0.3772 -0.8570 0.3510
vn -0.3183 -0.9269 0.1986
vn 0.2071 -0.9758 -0.0697
vn 0.0237 -0.9541 -0.2985
vn 0.5564 0.7956 -0.2399
vn -0.5312 0.8018 0.2737
vn 0.1033 0.0494 -0.9934
vn 0.8880 0.3346 -0.3154
vn 0.1625 0.9866 0.0118
vn -0.4546 -0.8185 -0.3511
vn 0.7917 -0.4423 -0.4215
vn -0.5878 -0.7727 -0.2396
vn -0.3067 0.3467 0.8864
vn -0.8585 -0.2704 0.4358
vn -0.5594 -0.7956 0.2326
vn -0.9651 0.2554 0.0589
vn -0.6443 0.7510 0.1447
vn 0.0768 0.9722 -0.2210
vn -0.9820 0.1819 -0.0517
vn 0.5803 0.8007 0.1487
vn 0.3338 0.8795 -0.3392
vn -0.3848 -0.7681 -0.5119
vn 0.3754 -0.9220 -0.0946
vn -0.7379 -0.6469 -0.1922
vn -0.4062 0.8902 -0.2061
vn 0.8782 0.1508 -0.4539
vn 0.0555 0.8066 0.5885
vn -0.7414 0.4258 0.5187
vn 0.6328 -0.2894 -0.7182
vn 0.9911 -0.1138 -0.0686
vn 0.5159 -0.3264 -0.7920
vn -0.7475 -0.1812 0.6391
vn 0.3542 -0.9343 0.0403
vn 0.9780 -0.1283 -0.1646
vn -0.4502 -0.8329 0.3219
vn -0.6223 -0.7826 0.0165
vn 0.7872 -0.4041 -0.4659
vn 0.0332 0.8111 0.5840
vn 0.4525 0.1125 -0.8846
vn -0.7878 -0.0725 0.6117
vn 0.6805 -0.6766 0.2811
vn -0.7485 -0.1769 0.6391
vn 0.5167 -0.7722 0.3698
vn 0.0126 -0.2036 0.9790
vn -0.4678 -0.4413 0.7657
vn -0.8502 -0.2397 0.4687
vn 0.9615 0.0087 0.2748
vn 0.0889 -0.9956 0.0299
vn 0.6203 -0.7802 -0.0805
vn -0.5820 -0.8081 0.0906
vn -0.7328 -0.4454 0.5144
vn -0.9390 0.0860 0.3329
vn -0.0982 -0.9864 -0.1315
vn -0.1272 -0.3865 0.9135
vn -0.9371 -0.3443 -0.0571
vn -0.5827 -0.1227 0.8034
vn -0.2717 -0.5498 0.7898
vn 0.2941 -0.6733 0.6784
vn -0.9530 -0.2985 0.0525
vn -0.0821 0.1367 0.9872
vn -0.2408 -0.3679 0.8982
vn -0.5714 0.3437 0.7453
vn -0.8641 -0.3433 0.3680
vn -0.0602 -0.7856 0.6158
vn -0.6018 -0.1510 0.7843
vn -0.0724 -0.4759 0.8765
vn -0.6054 -0.1157 0.7875
vn 0.1365 -0.8033 0.5797
vn -0.5037 -0.4812 -0.7175
vn -0.3300 -0.9337 0.1392
vn 0.4362 -0.7854 0.4392
vn 0.3658 0.1444 0.9194
vn -0.2204 -0.1572 0.9627
vn -0.9239 -0.3354 -0.1842
vn -0.0352 -0.4403 0.8972
vn -0.6179 -0.7716 0.1515
vn -0.6263 -0.3482 0.6975
vn -0.7105 -0.6137 -0.3443
vn -0.8529 -0.2425 0.4624
vn 0.0388 -0.2478 0.9680
vn -0.0769 -0.3153 0.9459
vn -0.4296 -0.3077 0.8490
vn 0.6476 -0.6790 0.3459
vn -0.0164 0.0988 0.9950
vn 0.0140 -0.9972 -0.0732
vn -0.1200 -0.9915 -0.0511
vn -0.4331 -0.8039 0.4077
vn 0.6510 -0.6591 0.3764
vn -0.5806 -0.1903 0.7917
vn 0.1996 -0.6380 0.7437
vn -0.8759 0.2059 0.4364
vn 0.0546 -0.8480 0.5271
vn -0.7278 -0.6793 -0.0941
vn -0.4432 -0.8782 0.1797
vn 0.0534 -0.9764 -0.2091
vn -0.1638 -0.9541 0.2509
vn 0.1608 -0.0046 0.9870
vn -0.0757 0.1543 0.9851
vn -0.9918 -0.0557 0.1153
vn 0.1926 -0.2047 0.9597
vn -0.1919 0.0456 0.9804
vn 0.1661 -0.3897 0.9058
vn 0.4111 -0.3987 0.8198
vn -0.9849 -0.0942 0.1454
vn -0.6830 -0.6758 0.2770
vn 0.2591 -0.9656 -0.0243
vn -0.0088 -0.3747 0.9271
vn -0.1126 0.1466 0.9828
vn -0.6046 -0.6830 0.4099
vn -0.9921 0.0377 0.1192
vn 0.2828 -0.7772 -0.5621
vn -0.0636 0.0740 0.9952
vn -0.3280 -0.9252 0.1909
vn -0.8559 -0.5115 0.0765
vn -0.6200 -0.7809 -0.0760
vn -0.9257 -0.0924 0.3667
vn -0.0211 -0.8273 -0.5613
vn -0.7243 -0.6710 0.1585
vn -0.7580 0.2320 0.6096
vn -0.6180 -0.2743 0.7368
vn -0.0960 -0.7561 0.6473
vn -0.7263 -0.5861 -0.3592
vn -0.5763 -0.7679 0.2797
vn -0.3171 -0.9386 0.1360
vn -0.5226 -0.2267 0.8219
vn -0.3053 -0.3041 0.9024
vn -0.1463 -0.7487 0.6466
vn -0.8123 -0.3855 0.4377
vn -0.5040 -0.8365 -0.2149
vn -0.9906 0.0454 0.1287
vn -0.4989 -0.0672 0.8640
vn -0.9294 -0.2979 0.2178
vn -0.8963 0.0030 -0.4433
vn -0.1337 -0.2775 0.9514
vn -0.8256 -0.3203 0.4645
vn -0.8145 -0.4406 -0.3773
vn -0.8948 -0.3937 -0.2107
vn -0.9153 -0.3903 0.0996
vn -0.9231 -0.3303 -0.1968
vn -0.9311 -0.1295 0.3410
vn -0.8876 -0.4207 0.1875
vn -0.6576 -0.0046 0.7533
vn -0.7530 -0.3452 0.5602
vn -0.6325 -0.7362 -0.2407
vn -0.9556 0.1579 0.2489
vn -0.3218 -0.2943 0.8999
vn -0.6959 -0.4295 0.5755
vn -0.7768 -0.3687 0.5105
vn -0.9722 0.0530 -0.2279
vn -0.6008 -0.7168 -0.3537
vn -0.7644 -0.0066 0.6448
vn -0.4571 -0.7069 0.5398
vn -0.8632 0.0345 0.5037
vn -0.2982 -0.6255 0.7210
vn -0.7271 -0.6765 0.1167
vn -0.9453 -0.0113 0.3261
vn -0.4131 -0.3846 0.8255
vn -0.6413 0.1551 0.7514
vn -0.2676 -0.6876 0.6750
vn -0.7066 -0.1138 0.6984
vn -0.9842 -0.0331 -0.1741
vn -0.9474 -0.0101 0.3200
vn -0.8278 -0.5127 -0.2279
vn -0.9067 0.0496 0.4189
vn -0.6533 0.0583 0.7549
vn 0.0193 -0.0369 0.9991
vn -0.3485 -0.3404 0.8733
vn -0.2638 -0.9646 0.0053
vn -0.8851 -0.3639 0.2901
vn 0.1865 -0.6313 0.7528
vn -0.3594 -0.9045 0.2296
vn -0.4656 -0.4527 0.7604
vn -0.9852 -0.0133 0.1708
vn -0.7294 -0.6768 0.0990
vn 0.7134 -0.6990 -0.0494
vn 0.5296 -0.5981 0.6015
vn -0.0338 -0.9413 -0.3360
vn -0.2459 -0.9693 0.0042
vn 0.0131 -0.9992 -0.0373
vn -0.5804 -0.2137 -0.7858
vn -0.6830 -0.6891 0.2422
vn -0.9587 -0.2143 0.1867
vn -0.8370 -0.4644 -0.2895
vn -0.5719 0.3095 0.7597
vn -0.9373 -0.1357 0.3211
vn -0.9063 -0.3476 0.2406
vn -0.4482 0.2524 0.8575
vn -0.4595 -0.8610 0.2182
vn 0.5477 -0.6807 0.4864
vn -0.7431 -0.5526 -0.3774
vn -0.5947 -0.7737 -0.2185
vn 0.3956 -0.7744 0.4937
vn 0.6495 -0.5578 0.5167
vn -0.7439 -0.6668 0.0449
vn -0.7133 -0.3179 -0.6246
vn -0.4655 -0.6291 0.6225
vn -0.8047 -0.4719 -0.3602
vn -0.8424 -0.3725 0.3895
vn -0.1198 -0.7668 0.6306
vn -0.0492 -0.1560 0.9865
vn -0.7936 -0.0979 0.6005
vn -0.8288 -0.4598 -0.3189
vn -0.0974 -0.9681 0.2308
vn -0.1213 -0.8390 0.5304
vn -0.1743 -0.0983 0.9798
vn -0.7313 -0.3388 0.5919
vn -0.8592 -0.3946 -0.3256
vn -0.7962 -0.5958 -0.1050
vn -0.8739 -0.3207 0.3654
vn 0.2993 -0.9541 -0.0033
vn -0.7920 -0.6101 0.0228
vn -0.4381 -0.2865 0.8521
vn -0.0419 -0.9650 -0.2590
vn -0.1853 -0.9067 -0.3790
vn -0.8973 -0.0203 -0.4411
vn -0.6916 -0.3676 0.6218
vn -0.5940 -0.0463 0.8031
vn -0.9429 -0.0702 -0.3257
vn 0.4816 -0.8746 0.0562
vn 0.4699 -0.8804 0.0640
vn -0.1486 -0.2301 -0.9617
vn -0.7844 -0.3058 -0.5396
vn -0.1351 -0.9808 -0.1408
vn -0.0606 -0.9605 -0.2715
vn -0.4028 -0.8909 0.2097
vn -0.5631 -0.1552 -0.8117
vn -0.9425 -0.2113 -0.2589
vn -0.5230 0.1382 -0.8411
vn -0.9612 -0.2415 -0.1333
vn -0.6224 -0.2499 -0.7418
vn -0.9711 -0.1649 0.1726
vn -0.0870 -0.9960 0.0203
vn -0.1643 -0.1890 -0.9681
vn 0.9392 -0.1652 -0.3010
vn -0.1778 -0.2009 -0.9633
vn -0.9323 -0.2704 0.2401
vn -0.9606 0.1844 -0.2078
vn -0.8759 -0.4459 0.1841
vn -0.4079 -0.3178 -0.8559
vn -0.8667 -0.4157 0.2757
vn -0.7379 -0.5971 -0.3146
vn -0.8526 -0.4408 0.2805
vn -0.8832 -0.4609 -0.0867
vn -0.8594 0.2934 -0.4187
vn -0.6911 0.0648 0.7198
vn 0.9594 -0.2800 0.0329
vn -0.3568 -0.9285 0.1026
vn 0.9618 -0.2720 0.0323
vn -0.9949 -0.1007 -0.0045
vn -0.9878 -0.1355 -0.0763
vn 0.0307 -0.8628 -0.5047
vn -0.7378 -0.5954 -0.3181
vn -0.7773 0.0683 -0.6254
vn -0.5380 -0.7760 0.3292
vn -0.4756 -0.0021 -0.8797
vn -0.9354 -0.3401 -0.0967
vn -0.9758 -0.1493 0.1595
vn -0.8984 0.1546 -0.4112
vn 0.4744 -0.5592 -0.6799
vn -0.2960 -0.2834 0.9122
vn -0.9791 0.1331 -0.1536
vn -0.7156 0.0549 0.6963
vn -0.9243 -0.3165 -0.2134
vn -0.9950 0.0834 -0.0554
vn -0.2000 -0.7570 -0.6220
vn -0.0153 -0.7873 -0.6164
vn 0.6202 -0.2584 -0.7407
vn -0.9686 0.2482 0.0130
vn -0.9995 0.0211 -0.0224
vn -0.1720 -0.8138 0.5550
vn -0.9428 -0.0160 0.3329
vn -0.7717 -0.3617 -0.5231
vn -0.8356 0.2740 -0.4762
vn -0.8624 -0.2680 0.4295
vn 0.6092 -0.2473 -0.7535
vn -0.1702 -0.9726 0.1581
vn -0.2288 -0.9723 -0.0470
vn -0.7989 -0.1304 -0.5872
vn -0.8450 -0.1545 -0.5119
vn 0.3655 -0.3376 0.8674
vn -0.6649 -0.3278 -0.6712
vn -0.9037 0.1377 -0.4053
vn -0.4426 -0.7931 -0.4185
vn -0.4345 -0.8865 -0.1591
vn -0.9121 0.1398 -0.3853
vn -0.4262 -0.8091 -0.4046
vn -0.5735 -0.8131 -0.0993
vn -0.9901 -0.0965 0.1015
vn -0.9937 -0.0962 0.0569
vn -0.7849 -0.4931 0.3752
vn -0.8336 -0.4330 0.3429
vn -0.1272 0.5567 -0.8209
vn -0.8381 -0.4173 -0.3513
vn -0.9649 -0.1092 -0.2389
vn 0.3371 -0.9254 0.1730
vn -0.2675 -0.9436 -0.1950
vn 0.0885 -0.3606 -0.9285
vn 0.2577 -0.8552 0.4497
vn -0.5973 -0.4360 -0.6732
vn 0.4599 -0.6923 -0.5560
vn 0.7143 0.1266 0.6883
vn -0.8134 0.3939 -0.4280
vn -0.9331 -0.3532 -0.0677
vn 0.3757 -0.3465 -0.8595
vn -0.8823 -0.4119 0.2277
vn -0.1238 0.5536 -0.8236
vn -0.9919 -0.1217 0.0373
vn 0.5117 -0.4429 -0.7362
vn 0.1065 -0.1671 0.9802
vn 0.6381 -0.1772 -0.7493
vn 0.9660 -0.2458 0.0804
vn -0.9168 -0.0713 -0.3930
vn -0.9858 -0.1004 -0.1348
vn -0.9495 -0.3017 0.0864
vn -0.9916 -0.1133 0.0630
vn -0.9981 -0.0070 -0.0609
vn 0.6166 -0.1969 0.7623
vn -0.8177 -0.1835 -0.5456
vn -0.7288 -0.1639 -0.6648
vn -0.8089 -0.0191 -0.5877
vn -0.3084 -0.1627 0.9372
vn -0.9589 0.0759 -0.2736
vn -0.9982 -0.0454 -0.0381
vn -0.7117 -0.5818 0.3937
vn 0.9717 -0.1675 0.1663
vn 0.8376 -0.3369 -0.4300
vn -0.9971 0.0683 -0.0338
vn 0.4538 -0.7930 -0.4064
vn -0.9999 0.0010 -0.0131
vn -0.2717 -0.8449 0.4607
vn -0.9233 -0.0504 -0.3806
vn 0.4998 -0.2465 -0.8303
vn 0.2551 -0.3084 0.9164
vn -0.1471 -0.9699 0.1940
vn -0.9423 -0.0052 0.3349
vn 0.3924 -0.8749 -0.2839
vn 0.8200 0.0404 0.5710
vn -0.4000 -0.7980 -0.4508
vn -0.0954 -0.8406 -0.5331
vn 0.4182 -0.2100 -0.8837
vn 0.6057 -0.2095 0.7676
vn 0.9666 0.2027 -0.1568
vn 0.3583 0.8629 0.3563
vn -0.5030 0.8424 -0.1933
vn 0.9435 0.3171 -0.0961
vn -0.0171 -0.9985 0.0520
vn 0.5578 -0.5171 -0.6491
vn 0.1052 0.9938 0.0369
vn -0.6954 0.0050 -0.7186
vn 0.0292 0.5894 0.8073
vn -0.9179 0.3287 0.2222
vn 0.9067 -0.2307 -0.3530
vn -0.0735 -0.4473 0.8914
vn -0.2414 0.3344 0.9110
vn 0.9033 0.0404 0.4272
vn -0.4137 -0.2364 0.8792
vn 0.8500 0.2094 0.4834
vn 0.0580 -0.9980 -0.0268
vn 0.7595 -0.3451 0.5514
vn 0.9942 -0.0140 0.1062
vn 0.0973 0.6679 0.7379
vn 0.8829 -0.1919 -0.4285
vn -0.2394 0.9421 -0.2349
vn 0.9907 -0.1154 0.0718
vn 0.1062 0.9354 0.3372
vn -0.3108 0.4312 -0.8470
vn 0.1745 0.9729 -0.1517
vn 0.4887 -0.5145 0.7046
vn 0.0244 0.9997 -0.0043
vn 0.1013 -0.9255 -0.3650
vn 0.3312 -0.2390 -0.9128
vn -0.0351 -0.9986 0.0390
vn 0.5069 -0.2256 -0.8319
vn -0.0710 0.9208 0.3836
vn -0.3742 -0.2139 0.9023
vn 0.5309 -0.2436 -0.8117
vn -0.3338 -0.6260 -0.7047
vn -0.3000 0.8352 -0.4608
vn -0.9028 -0.0737 -0.4236
vn -0.1174 -0.2036 -0.9720
vn 0.0187 -0.5474 -0.8367
vn -0.2082 0.9052 0.3705
vn 0.0914 -0.1977 0.9760
vn 0.8299 0.1120 0.5465
vn -0.7507 0.0759 -0.6562
vn 0.4846 0.0095 0.8747
vn 0.9416 0.3294 0.0705
vn -0.2671 -0.3888 -0.8818
vn -0.5386 0.8234 -0.1788
vn -0.1214 -0.0341 0.9920
vn 0.8147 0.3077 0.4916
vn -0.3187 -0.2458 -0.9154
vn -0.7563 0.1978 0.6236
vn 0.1239 0.9462 -0.2990
vn 0.4325 0.2490 0.8666
vn 0.8633 -0.2944 -0.4099
vn -0.4164 0.2044 -0.8859
vn -0.2567 0.9612 -0.1011
vn -0.9604 0.1605 0.2279
vn -0.9205 0.3335 0.2036
vn 0.2102 0.0972 0.9728
vn 0.3313 -0.9383 0.0992
vn -0.7697 0.2306 -0.5953
vn -0.9907 0.1274 -0.0482
vn -0.0124 -0.9992 0.0391
vn -0.1508 -0.9791 -0.1365
vn 0.2251 -0.2555 0.9402
vn -0.8725 -0.2414 0.4247
vn 0.0152 -0.3724 0.9279
vn -0.9288 0.3421 -0.1427
vn 0.8877 -0.2595 -0.3803
vn 0.0607 0.3097 0.9489
vn 0.1314 0.1025 0.9860
vn 0.2656 -0.9533 0.1437
vn -0.0008 -0.9930 0.1183
vn -0.6009 0.4724 0.6448
vn 0.3623 -0.8765 0.3171
vn -0.2778 0.6613 0.6968
vn -0.3053 0.8430 0.4429
vn 0.5023 0.5400 0.6753
vn 0.6820 -0.0670 -0.7283
vn 0.7858 -0.2815 -0.5507
vn -0.4719 0.5434 -0.6943
vn -0.1287 -0.9205 0.3688
vn 0.3136 0.8161 0.4854
vn 0.0081 -0.9935 0.1137
vn -0.3879 0.0877 -0.9175
vn 0.8733 -0.3177 -0.3693
vn -0.9765 0.1250 0.1756
vn 0.8561 -0.4331 0.2819
vn -0.6153 -0.2744 -0.7390
vn -0.3724 0.2118 -0.9036
vn -0.3278 -0.9299 0.1667
vn -0.4188 -0.8583 0.2964
vn -0.5815 0.8121 -0.0484
vn -0.2113 -0.8830 0.4190
vn 0.4345 -0.3028 -0.8482
vn -0.3905 -0.9187 0.0594
vn -0.0099 -0.9936 -0.1127
vn 0.9561 -0.2918 0.0257
vn 0.2479 -0.8239 -0.5097
vn -0.0382 0.6829 0.7295
vn -0.9094 -0.4158 -0.0117
vn -0.5172 -0.1240 -0.8469
vn -0.8488 0.5210 0.0901
vn -0.6769 0.5786 0.4550
vn 0.2093 -0.9749 0.0761
vn -0.4964 -0.7859 -0.3686
vn -0.2839 -0.9502 -0.1285
vn -0.9565 -0.2700 0.1101
vn -0.4540 -0.8908 0.0171
vn -0.3018 -0.9453 -0.1235
vn -0.8099 -0.5832 0.0626
vn -0.9835 -0.1364 -0.1187
vn 0.0743 -0.9504 -0.3020
vn -0.2889 -0.8687 -0.4024
vn -0.2269 -0.9739 0.0084
vn -0.1460 -0.9265 -0.3469
vn 0.1789 -0.9825 0.0521
vn -0.7728 -0.6340 0.0300
vn -0.9535 -0.2408 -0.1811
vn 0.0087 -0.8822 -0.4707
vn 0.0540 -0.9657 -0.2539
vn -0.4514 -0.8785 -0.1563
vn -0.4898 -0.8718 0.0070
vn -0.5295 -0.8027 -0.2742
vn -0.9903 -0.1391 0.0010
vn -0.4514 -0.8915 0.0390
vn -0.7782 -0.6280 0.0112
vn -0.8135 -0.5777 0.0674
vn -0.1313 -0.9208 -0.3673
vn 0.5943 -0.1998 0.7790
vn 0.5378 0.5841 0.6080
vn 0.9958 0.0728 0.0562
vn 0.8724 -0.4881 0.0264
vn 0.8660 -0.4781 -0.1463
vn -0.4960 0.8290 -0.2586
vn -0.7661 0.3469 -0.5410
vn 0.2456 -0.5332 0.8096
vn 0.0911 0.7281 0.6794
vn 0.2289 0.3908 0.8916
vn 0.8028 0.0335 0.5953
vn -0.9883 -0.1228 0.0900
vn -0.3424 0.9390 -0.0336
vn -0.1137 -0.1888 0.9754
vn 0.9702 -0.1659 0.1767
vn -0.1206 0.8279 0.5478
vn 0.9286 -0.2341 0.2878
vn 0.9380 -0.3376 -0.0779
vn 0.4670 -0.8125 -0.3488
vn -0.0939 0.7794 0.6195
vn -0.6727 0.6909 0.2650
vn 0.9621 -0.0733 -0.2627
vn 0.9838 0.1052 -0.1451
vn 0.8128 -0.4533 -0.3659
vn 0.0308 0.9350 0.3533
vn 0.5417 0.0379 0.8397
vn -0.5933 -0.2182 0.7748
vn 0.3115 0.8332 0.4570
vn -0.6568 0.7520 -0.0555
vn 0.4359 -0.0708 0.8972
vn -0.8536 0.3729 -0.3639
vn 0.9050 -0.2228 0.3624
vn 0.9278 -0.1283 0.3503
vn 0.2069 0.9570 0.2035
vn 0.7937 -0.2571 0.5513
vn -0.3534 -0.5040 0.7881
vn 0.0020 0.9619 -0.2734
vn -0.6574 0.6999 0.2792
vn -0.4891 0.0241 0.8719
vn -0.2044 -0.1958 0.9591
vn 0.0712 -0.9776 -0.1982
vn -0.2926 -0.4795 0.8273
vn -0.7164 -0.4995 0.4871
vn -0.9318 -0.1396 0.3350
vn -0.7414 0.6621 -0.1094
vn -0.4187 0.5778 0.7006
vn -0.7065 -0.0430 0.7064
vn -0.2876 0.1391 0.9476
vn 0.6464 0.0497 0.7614
vn -0.9240 0.0597 -0.3777
vn 0.8534 0.4662 0.2332
vn -0.9658 0.2375 -0.1042
vn -0.5459 -0.3237 0.7728
vn -0.3190 -0.5697 -0.7574
vn -0.9373 0.3002 0.1769
vn -0.9895 -0.1378 -0.0428
vn 0.9315 0.1771 0.3178
vn 0.6453 0.3596 0.6741
vn -0.8220 -0.0940 -0.5616
vn 0.5394 -0.2673 0.7985
vn 0.1165 0.5985 0.7926
vn 0.9011 -0.4335 -0.0031
vn -0.7977 -0.4499 0.4015
vn -0.1108 -0.9935 -0.0260
vn -0.9468 0.3218 -0.0004
vn 0.8508 -0.3129 0.4221
vn 0.9290 -0.1720 0.3275
vn -0.9219 -0.3646 -0.1308
vn 0.7849 -0.2883 0.5484
vn -0.2418 0.7137 0.6573
vn -0.4454 0.6666 0.5977
vn 0.9407 -0.3227 0.1050
vn -0.4471 -0.3967 -0.8017
vn -0.5330 -0.4887 -0.6907
vn -0.5675 0.6729 0.4744
vn -0.7442 0.6093 -0.2737
vn -0.9727 -0.1595 0.1689
vn -0.9740 -0.1977 -0.1106
vn -0.8572 0.0006 -0.5150
vn 0.2670 -0.4573 0.8483
vn -0.6527 0.2258 -0.7232
vn -0.4904 0.4742 -0.7312
vn -0.8414 0.5382 -0.0476
vn 0.3990 -0.5479 0.7353
vn -0.8179 0.4166 -0.3967
vn 0.5632 0.3209 0.7615
vn -0.8412 -0.2318 -0.4885
vn 0.3621 0.8912 0.2731
vn -0.5748 -0.0530 -0.8166
vn 0.2296 0.3082 0.9232
vn 0.9938 -0.0906 -0.0647
vn 0.1190 0.3789 0.9178
vn 0.9244 0.1110 0.3650
vn -0.7276 -0.4364 0.5293
vn 0.7143 -0.2549 0.6518
vn -0.0324 -0.9953 0.0913
vn 0.0863 -0.8135 0.5751
vn -0.2957 -0.9551 -0.0170
vn 0.0635 -0.9960 0.0625
vn 0.0635 -0.9977 -0.0254
vn -0.1240 -0.9922 -0.0129
vn -0.8028 -0.4283 0.4149
vn -0.2536 -0.8670 0.4290
vn 0.0048 -0.9776 0.2105
vn -0.0449 -0.9773 0.2071
vn 0.9698 0.2048 0.1327
vn 0.9693 0.1287 -0.2094
vn 0.3143 -0.5610 -0.7658
vn -0.7273 -0.2219 -0.6494
vn -0.5003 -0.0354 -0.8651
vn 0.0420 -0.5898 -0.8064
vn -0.5207 0.5388 -0.6623
vn 0.6028 -0.7725 -0.1997
vn 0.8386 -0.4818 -0.2543
vn 0.4179 -0.5415 -0.7295
vn -0.8133 0.1819 -0.5527
vn 0.3611 -0.6207 -0.6959
vn 0.2907 0.2374 -0.9269
vn 0.2467 0.3504 -0.9035
vn 0.0336 0.0279 -0.9990
vn 0.2020 -0.7150 -0.6693
vn -0.5658 -0.1250 -0.8150
vn -0.6916 -0.0885 -0.7169
vn -0.4290 0.3640 -0.8267
vn 0.9367 0.3119 -0.1589
vn -0.5643 -0.1405 -0.8135
vn 0.5272 -0.6784 -0.5117
vn -0.3349 -0.5905 -0.7342
vn 0.2853 0.2319 -0.9299
vn -0.8903 -0.0069 -0.4553
vn 0.0957 -0.5710 -0.8153
vt 0.962478 0.295367
vt 0.950903 0.294094
vt 0.967021 0.269501
vt 0.173501 0.092692
vt 0.152187 0.085513
vt 0.168643 0.078668
vt 0.150952 0.090213
vt 0.253190 0.883809
vt 0.253427 0.923181
vt 0.248479 0.907043
vt 0.087736 0.055498
vt 0.102300 0.067976
vt 0.086396 0.076157
vt 0.861083 0.933763
vt 0.846853 0.954649
vt 0.848092 0.936876
vt 0.091323 0.037167
vt 0.073193 0.035814
vt 0.071951 0.054193
vt 0.091455 0.008486
vt 0.112416 0.014517
vt 0.106588 0.013914
vt 0.275469 0.896639
vt 0.286258 0.874197
vt 0.079288 0.075170
vt 0.096189 0.021893
vt 0.130602 0.025007
vt 0.123790 0.037037
vt 0.278369 0.908772
vt 0.084268 0.100161
vt 0.081956 0.021692
vt 0.072297 0.026443
vt 0.169687 0.119198
vt 0.197348 0.111661
vt 0.183513 0.131586
vt 0.860283 0.915798
vt 0.846853 0.916927
vt 0.128432 0.027407
vt 0.279500 0.916787
vt 0.138654 0.074133
vt 0.142248 0.058895
vt 0.151765 0.035978
vt 0.164831 0.039576
vt 0.159497 0.050189
vt 0.119546 0.074834
vt 0.125169 0.053147
vt 0.175061 0.826162
vt 0.166537 0.858481
vt 0.158277 0.854106
vt 0.111376 0.056125
vt 0.131305 0.049554
vt 0.967021 0.347664
vt 0.967021 0.314320
vt 0.978586 0.341507
vt 0.360869 0.991372
vt 0.352973 0.996189
vt 0.352973 0.977540
vt 0.970223 0.150843
vt 0.983187 0.140947
vt 0.981693 0.162106
vt 0.961866 0.000000
vt 0.959383 0.014530
vt 0.950903 0.003926
vt 0.154138 0.102342
vt 0.435536 0.621705
vt 0.429292 0.624094
vt 0.426180 0.611356
vt 0.105824 0.041512
vt 0.257833 0.960649
vt 0.248479 0.943517
vt 0.262310 0.932766
vt 0.015100 0.989928
vt 0.000000 0.989928
vt 0.011404 0.969604
vt 0.110967 0.035610
vt 0.273376 0.938565
vt 0.068671 0.055323
vt 0.068924 0.085609
vt 0.069782 0.102247
vt 0.106511 0.090232
vt 0.977120 0.112611
vt 0.980732 0.124265
vt 0.970223 0.120658
vt 0.271605 0.941095
vt 0.119984 0.042027
vt 0.972053 0.134193
vt 0.094152 0.102128
vt 0.179415 0.101301
vt 0.151967 0.118217
vt 0.136977 0.104092
vt 0.112291 0.108999
vt 0.098162 0.108278
vt 0.857465 0.958865
vt 0.136491 0.121426
vt 0.084210 0.120446
vt 0.205609 0.866493
vt 0.205566 0.891661
vt 0.198187 0.863526
vt 0.854283 0.972199
vt 0.294566 0.788253
vt 0.303407 0.813687
vt 0.289671 0.817105
vt 0.220790 0.863138
vt 0.224189 0.879427
vt 0.118412 0.122358
vt 0.195903 0.090195
vt 0.061778 0.113217
vt 0.969413 0.030245
vt 0.982578 0.325781
vt 0.954513 0.268110
vt 0.135409 0.016654
vt 0.285716 0.901802
vt 0.288396 0.910444
vt 0.209237 0.851673
vt 0.278488 0.894950
vt 0.217980 0.858124
vt 0.199392 0.849758
vt 0.617830 0.460164
vt 0.629631 0.481026
vt 0.613076 0.485696
vt 0.647057 0.494648
vt 0.661013 0.510622
vt 0.647073 0.519050
vt 0.580890 0.549086
vt 0.594401 0.546714
vt 0.592310 0.579390
vt 0.209770 0.106058
vt 0.628726 0.530019
vt 0.613951 0.529785
vt 0.618351 0.514247
vt 0.596447 0.598656
vt 0.580801 0.579248
vt 0.175394 0.875849
vt 0.167824 0.905944
vt 0.159430 0.887914
vt 0.914127 0.974453
vt 0.901186 0.979719
vt 0.900897 0.974176
vt 0.155316 0.910650
vt 0.212111 0.921919
vt 0.202543 0.916956
vt 0.909078 0.965171
vt 0.657569 0.537769
vt 0.641444 0.532067
vt 0.585582 0.541312
vt 0.598197 0.519312
vt 0.622903 0.556952
vt 0.703018 0.888980
vt 0.700048 0.914824
vt 0.696831 0.883819
vt 0.228025 0.121793
vt 0.589178 0.486285
vt 0.572442 0.495429
vt 0.584252 0.467466
vt 0.191403 0.892390
vt 0.182785 0.906417
vt 0.180369 0.881227
vt 0.584429 0.504927
vt 0.570302 0.522161
vt 0.221325 0.957486
vt 0.205870 0.968447
vt 0.208389 0.946131
vt 0.607908 0.503726
vt 0.600135 0.529638
vt 0.194551 0.905529
vt 0.187895 0.923345
vt 0.650309 0.459826
vt 0.655582 0.484869
vt 0.642837 0.474145
vt 0.219030 0.912849
vt 0.218195 0.930296
vt 0.230822 0.893812
vt 0.239527 0.877234
vt 0.241983 0.898311
vt 0.238875 0.095254
vt 0.216307 0.101062
vt 0.218152 0.074118
vt 0.630628 0.528981
vt 0.639956 0.537464
vt 0.600434 0.481313
vt 0.162042 0.944441
vt 0.193011 0.936510
vt 0.760828 0.859384
vt 0.763534 0.843609
vt 0.763534 0.877417
vt 0.633917 0.560139
vt 0.483592 0.972929
vt 0.469362 0.965545
vt 0.469260 0.937636
vt 0.641714 0.563857
vt 0.617379 0.553696
vt 0.602108 0.553392
vt 0.636030 0.901570
vt 0.628827 0.938133
vt 0.628827 0.896837
vt 0.666203 0.458060
vt 0.573323 0.556806
vt 0.958567 0.338157
vt 0.952935 0.319609
vt 0.964380 0.317769
vt 0.221745 0.897706
vt 0.634065 0.498770
vt 0.703018 0.863336
vt 0.674680 0.477071
vt 0.626499 0.505668
vt 0.303407 0.843907
vt 0.282948 0.946249
vt 0.283904 0.933920
vt 0.243185 0.113941
vt 0.155314 0.977604
vt 0.153814 0.993283
vt 0.142295 0.983741
vt 0.141519 0.978970
vt 0.669199 0.503672
vt 0.233193 0.905490
vt 0.224960 0.866199
vt 0.221325 0.983516
vt 0.603507 0.563709
vt 0.664693 0.535631
vt 0.676022 0.542301
vt 0.237091 0.849758
vt 0.205736 0.074288
vt 0.206558 0.093941
vt 0.914127 0.994366
vt 0.197428 0.059557
vt 0.667468 0.525827
vt 0.680810 0.528701
vt 0.663317 0.565692
vt 0.183979 0.075312
vt 0.469260 0.979369
vt 0.617218 0.426122
vt 0.632646 0.451714
vt 0.619607 0.446229
vt 0.235673 0.910543
vt 0.248479 0.918586
vt 0.616237 0.581592
vt 0.731137 0.965787
vt 0.742202 0.992308
vt 0.732446 0.992308
vt 0.599778 0.436784
vt 0.609579 0.445555
vt 0.595193 0.449899
vt 0.160439 0.053012
vt 0.180516 0.066740
vt 0.192077 0.890117
vt 0.647143 0.418291
vt 0.647072 0.438522
vt 0.141519 0.962662
vt 0.609973 0.572050
vt 0.676691 0.508076
vt 0.971214 0.358968
vt 0.256793 0.969923
vt 0.598630 0.464986
vt 0.608342 0.605934
vt 0.260617 0.090590
vt 0.252978 0.104864
vt 0.628723 0.586886
vt 0.967021 0.364153
vt 0.180369 0.946131
vt 0.984184 0.857439
vt 0.969250 0.857340
vt 0.977393 0.825101
vt 0.138529 0.142272
vt 0.149621 0.146181
vt 0.158413 0.158773
vt 0.968277 0.045195
vt 0.961197 0.049987
vt 0.957087 0.028201
vt 0.098833 0.212955
vt 0.108015 0.206860
vt 0.105196 0.227824
vt 0.998521 0.650509
vt 0.989122 0.654459
vt 0.989122 0.634956
vt 0.962518 0.059304
vt 0.149281 0.181760
vt 0.155738 0.193320
vt 0.128074 0.174294
vt 0.100570 0.246483
vt 0.182650 0.145593
vt 0.200577 0.128612
vt 0.077639 0.137361
vt 0.063993 0.136554
vt 0.291713 0.719670
vt 0.298764 0.700641
vt 0.301901 0.734504
vt 0.570113 0.761919
vt 0.567806 0.771148
vt 0.567806 0.754236
vt 0.144981 0.197391
vt 0.120812 0.195373
vt 0.126125 0.182676
vt 0.160513 0.214763
vt 0.163319 0.218340
vt 0.114460 0.243917
vt 0.115551 0.218645
vt 0.137923 0.165593
vt 0.152239 0.169528
vt 0.065539 0.120258
vt 0.126555 0.198554
vt 0.158328 0.224708
vt 0.996040 0.535885
vt 0.986780 0.558912
vt 0.991733 0.537647
vt 0.070693 0.170701
vt 0.091272 0.170865
vt 0.089425 0.181542
vt 0.988430 0.602011
vt 0.975469 0.606546
vt 0.983693 0.592112
vt 0.200005 0.143936
vt 0.973330 0.661965
vt 0.979705 0.676755
vt 0.970967 0.698107
vt 0.130610 0.219185
vt 0.179081 0.154673
vt 0.970251 0.032797
vt 0.961908 0.037811
vt 0.145275 0.126702
vt 0.301275 0.898976
vt 0.304518 0.900048
vt 0.297118 0.921185
vt 0.984425 0.620112
vt 0.977979 0.626126
vt 0.960047 0.061276
vt 0.106534 0.174774
vt 0.080022 0.187632
vt 0.056373 0.135559
vt 0.118810 0.133409
vt 0.100545 0.190246
vt 0.989749 0.661547
vt 0.153574 0.231891
vt 0.152859 0.237000
vt 0.979705 0.716627
vt 0.979376 0.711749
vt 0.065592 0.150289
vt 0.110186 0.130416
vt 0.988430 0.637417
vt 0.135764 0.232335
vt 0.069825 0.183637
vt 0.972270 0.058519
vt 0.140514 0.149626
vt 0.141733 0.169163
vt 0.119135 0.153864
vt 0.168998 0.175691
vt 0.167041 0.190334
vt 0.109355 0.184054
vt 0.094546 0.198595
vt 0.984184 0.806070
vt 0.966594 0.827075
vt 0.088458 0.202224
vt 0.288832 0.659057
vt 0.304218 0.680937
vt 0.291162 0.681852
vt 0.978459 0.057580
vt 0.094042 0.152599
vt 0.080023 0.171091
vt 0.071791 0.157618
vt 0.095579 0.131130
vt 0.291401 0.697577
vt 0.108136 0.160916
vt 0.188227 0.196175
vt 0.962603 0.699447
vt 0.990278 0.581787
vt 0.986780 0.558912
vt 0.997183 0.584697
vt 0.059768 0.165057
vt 0.066653 0.170886
vt 0.288396 0.874197
vt 0.190935 0.214846
vt 0.100977 0.204008
vt 0.180333 0.163726
vt 0.987049 0.500373
vt 0.988363 0.505441
vt 0.975696 0.505435
vt 0.993298 0.550026
vt 0.156769 0.169657
vt 0.083168 0.146921
vt 0.807016 0.992182
vt 0.807016 0.968153
vt 0.812858 0.969950
vt 0.074647 0.195246
vt 0.079796 0.200958
vt 0.962326 0.077545
vt 0.975930 0.083588
vt 0.990344 0.490757
vt 0.177672 0.154251
vt 0.303407 0.785029
vt 0.303407 0.762287
vt 0.304855 0.772370
vt 0.985091 0.485915
vt 0.079846 0.149250
vt 0.986780 0.590818
vt 0.975696 0.466190
vt 0.112470 0.188941
vt 0.080836 0.208992
vt 0.085632 0.227102
vt 0.135890 0.254391
vt 0.114860 0.256022
vt 0.106039 0.237124
vt 0.141100 0.300102
vt 0.127874 0.282379
vt 0.145554 0.272389
vt 0.328939 0.980756
vt 0.320206 0.971772
vt 0.330828 0.966697
vt 0.099850 0.221532
vt 0.159822 0.263707
vt 0.149718 0.247602
vt 0.093119 0.232584
vt 0.567805 0.736525
vt 0.570302 0.742930
vt 0.567805 0.754236
vt 0.129341 0.236648
vt 0.288832 0.734874
vt 0.176770 0.242134
vt 0.122483 0.283050
vt 0.105372 0.268311
vt 0.154655 0.272545
vt 0.099016 0.254670
vt 0.098648 0.246477
vt 0.111792 0.250991
vt 0.098815 0.328128
vt 0.109606 0.299547
vt 0.120481 0.320561
vt 0.125228 0.261863
vt 0.103713 0.285738
vt 0.130873 0.247019
vt 0.094752 0.302791
vt 0.759221 0.822556
vt 0.759221 0.798066
vt 0.763534 0.802212
vt 0.087964 0.276931
vt 0.085519 0.247356
vt 0.089294 0.324091
vt 0.330828 0.996958
vt 0.073670 0.238160
vt 0.143474 0.335156
vt 0.103628 0.355398
vt 0.397051 0.960453
vt 0.394377 0.965430
vt 0.394377 0.943721
vt 0.582183 0.603692
vt 0.197953 0.179810
vt 0.839937 0.932383
vt 0.845912 0.929964
vt 0.845676 0.946458
vt 0.240993 0.199846
vt 0.255452 0.199069
vt 0.243966 0.212495
vt 0.213047 0.199138
vt 0.208650 0.184147
vt 0.222712 0.188192
vt 0.273254 0.203838
vt 0.232651 0.168715
vt 0.237114 0.184981
vt 0.627115 0.610982
vt 0.624672 0.627273
vt 0.263562 0.224577
vt 0.247788 0.225894
vt 0.175394 0.954728
vt 0.998612 0.407545
vt 0.998612 0.433618
vt 0.989675 0.431197
vt 0.274831 0.125409
vt 0.255770 0.134242
vt 0.266196 0.121582
vt 0.257541 0.169435
vt 0.258934 0.185767
vt 0.275984 0.181421
vt 0.260724 0.162481
vt 0.232281 0.118944
vt 0.217764 0.130915
vt 0.229777 0.142973
vt 0.217919 0.141919
vt 0.239524 0.142944
vt 0.164603 0.966286
vt 0.602387 0.623622
vt 0.219421 0.207262
vt 0.204618 0.220963
vt 0.203390 0.170804
vt 0.198101 0.145369
vt 0.217753 0.164105
vt 0.995151 0.443159
vt 0.227407 0.202816
vt 0.248209 0.158708
vt 0.994281 0.893998
vt 0.994281 0.920568
vt 0.984118 0.897804
vt 0.299162 0.923229
vt 0.288396 0.944178
vt 0.230062 0.221283
vt 0.266508 0.138673
vt 0.985980 0.373543
vt 0.993722 0.361307
vt 0.993722 0.393896
vt 0.273683 0.150619
vt 0.257281 0.150298
vt 0.205247 0.230955
vt 0.276145 0.173435
vt 0.596775 0.660677
vt 0.585528 0.634235
vt 0.610383 0.660203
vt 0.991847 0.110224
vt 0.982086 0.095037
vt 0.990766 0.076574
vt 0.601371 0.961560
vt 0.601371 0.992155
vt 0.587487 0.979177
vt 0.181590 0.231521
vt 0.276316 0.133031
vt 0.989300 0.406003
vt 0.993812 0.893998
vt 0.984118 0.870080
vt 0.993812 0.857439
vt 0.241577 0.222827
vt 0.277643 0.183791
vt 0.282473 0.188181
vt 0.291987 0.141544
vt 0.284511 0.156399
vt 0.978459 0.110224
vt 0.812858 0.955167
vt 0.807301 0.968154
vt 0.807301 0.938732
vt 0.224960 0.936164
vt 0.240102 0.942977
vt 0.173922 0.924592
vt 0.171611 0.274956
vt 0.179514 0.848520
vt 0.175394 0.828963
vt 0.179514 0.826162
vt 0.224981 0.321676
vt 0.213466 0.345898
vt 0.212777 0.314812
vt 0.266115 0.259051
vt 0.251877 0.256762
vt 0.271327 0.252166
vt 0.202311 0.272064
vt 0.220601 0.274128
vt 0.186767 0.281938
vt 0.233010 0.242978
vt 0.220102 0.255242
vt 0.221390 0.238877
vt 0.248351 0.248991
vt 0.192996 0.257398
vt 0.180337 0.273485
vt 0.178438 0.255466
vt 0.203221 0.242985
vt 0.971938 0.987314
vt 0.962811 0.998551
vt 0.962811 0.974106
vt 0.165988 0.307795
vt 0.237356 0.255558
vt 0.237321 0.292443
vt 0.427950 0.921895
vt 0.405905 0.926991
vt 0.417274 0.896850
vt 0.210328 0.263957
vt 0.182078 0.319091
vt 0.202950 0.309643
vt 0.193387 0.339079
vt 0.175031 0.353850
vt 0.991759 0.292691
vt 0.991300 0.313446
vt 0.983714 0.284490
vt 0.156503 0.276049
vt 0.227554 0.269695
vt 0.275440 0.226114
vt 0.252975 0.272263
vt 0.253331 0.269462
vt 0.266544 0.238987
vt 0.194153 0.242858
vt 0.218388 0.291629
vt 0.250794 0.260307
vt 0.477034 0.996357
vt 0.477034 0.979369
vt 0.483592 0.987269
vt 0.276513 0.243175
vt 0.763574 0.765114
vt 0.762243 0.755877
vt 0.763574 0.739030
vt 0.242250 0.304438
vt 0.171185 0.253297
vt 0.246677 0.236891
vt 0.430797 0.906061
vt 0.430344 0.887826
vt 0.233698 0.986440
vt 0.224161 0.991516
vt 0.224161 0.978129
vt 0.837453 0.948669
vt 0.845912 0.977071
vt 0.991759 0.268110
vt 0.074782 0.384614
vt 0.082224 0.359427
vt 0.047048 0.431296
vt 0.056587 0.401492
vt 0.067825 0.410028
vt 0.130041 0.446789
vt 0.113845 0.466866
vt 0.113452 0.426180
vt 0.077605 0.336423
vt 0.100668 0.392965
vt 0.092430 0.410116
vt 0.056306 0.433191
vt 0.117458 0.394601
vt 0.123022 0.367504
vt 0.148134 0.380758
vt 0.150633 0.364594
vt 0.088102 0.444126
vt 0.072991 0.442187
vt 0.145418 0.400073
vt 0.129259 0.405219
vt 0.065898 0.469229
vt 0.139971 0.467724
vt 0.050336 0.452296
vt 0.050487 0.473966
vt 0.102891 0.428068
vt 0.065392 0.376146
vt 0.098837 0.466291
vt 0.138259 0.430847
vt 0.090786 0.999796
vt 0.082101 0.986163
vt 0.090786 0.967500
vt 0.080480 0.503569
vt 0.064892 0.357927
vt 0.073104 0.425755
vt 0.031525 0.464964
vt 0.835807 0.974964
vt 0.815045 0.940301
vt 0.824348 0.944137
vt 0.834086 0.950930
vt 0.047628 0.520412
vt 0.057949 0.542259
vt 0.052737 0.560040
vt 0.099198 0.507844
vt 0.103748 0.490381
vt 0.062066 0.499676
vt 0.837453 0.933910
vt 0.427041 0.033475
vt 0.448848 0.022226
vt 0.436423 0.040350
vt 0.037287 0.498019
vt 0.026800 0.540703
vt 0.037395 0.568778
vt 0.461680 0.052876
vt 0.484370 0.055123
vt 0.491175 0.062649
vt 0.132173 0.492654
vt 0.145435 0.519764
vt 0.113405 0.529644
vt 0.084642 0.526391
vt 0.440668 0.031687
vt 0.446363 0.045407
vt 0.436231 0.050401
vt 0.067640 0.516594
vt 0.279512 0.681153
vt 0.265783 0.666393
vt 0.288832 0.659057
vt 0.429757 0.018550
vt 0.441756 0.021530
vt 0.514434 0.063163
vt 0.268968 0.688632
vt 0.138569 0.541545
vt 0.144723 0.531501
vt 0.458654 0.059257
vt 0.086790 0.539032
vt 0.024106 0.511003
vt 0.069635 0.532248
vt 0.476202 0.069542
vt 0.059399 0.555009
vt 0.812858 0.929964
vt 0.835822 0.929964
vt 0.449412 0.074803
vt 0.464606 0.074731
vt 0.437105 0.062437
vt 0.449352 0.045343
vt 0.463675 0.049368
vt 0.062251 0.588473
vt 0.982764 0.044023
vt 0.985294 0.045569
vt 0.978459 0.064291
vt 0.427832 0.045298
vt 0.029494 0.569765
vt 0.021725 0.542167
vt 0.989071 0.051479
vt 0.989963 0.076574
vt 0.454372 0.083327
vt 0.864686 0.436832
vt 0.846764 0.420675
vt 0.858764 0.407545
vt 0.429972 0.046806
vt 0.444306 0.078553
vt 0.430049 0.071885
vt 0.164200 0.499183
vt 0.108123 0.547584
vt 0.128987 0.553791
vt 0.227382 0.350985
vt 0.201217 0.362580
vt 0.178179 0.370853
vt 0.996049 0.602384
vt 0.988806 0.615375
vt 0.988430 0.592111
vt 0.205326 0.380720
vt 0.178156 0.392831
vt 0.214187 0.382702
vt 0.238718 0.342740
vt 0.480442 0.211050
vt 0.466331 0.190450
vt 0.468669 0.184194
vt 0.148767 0.437565
vt 0.159089 0.420960
vt 0.168763 0.444586
vt 0.475515 0.219504
vt 0.464047 0.191388
vt 0.485097 0.232031
vt 0.907643 0.440601
vt 0.884368 0.444805
vt 0.898990 0.407545
vt 0.178074 0.418439
vt 0.416645 0.961023
vt 0.405957 0.957670
vt 0.397770 0.936645
vt 0.200977 0.400568
vt 0.194725 0.400128
vt 0.413460 0.950952
vt 0.467066 0.226060
vt 0.172654 0.406927
vt 0.478771 0.242165
vt 0.186018 0.415503
vt 0.492212 0.287880
vt 0.484861 0.260941
vt 0.454964 0.223266
vt 0.397770 0.909782
vt 0.185709 0.436118
vt 0.163740 0.481790
vt 0.206275 0.543434
vt 0.194537 0.562545
vt 0.192132 0.525822
vt 0.489580 0.082827
vt 0.472002 0.090485
vt 0.504373 0.072722
vt 0.909000 0.472937
vt 0.880652 0.485541
vt 0.894076 0.540822
vt 0.885349 0.517889
vt 0.906680 0.520462
vt 0.189131 0.560665
vt 0.172555 0.574991
vt 0.176230 0.539568
vt 0.139150 0.561171
vt 0.916722 0.506944
vt 0.897234 0.500339
vt 0.914597 0.475052
vt 0.494510 0.151149
vt 0.522725 0.134328
vt 0.513868 0.155008
vt 0.172229 0.521864
vt 0.467417 0.128127
vt 0.499733 0.114771
vt 0.482442 0.139854
vt 0.169528 0.469638
vt 0.512337 0.064140
vt 0.470734 0.110408
vt 0.495418 0.091895
vt 0.475985 0.165276
vt 0.871877 0.440066
vt 0.876416 0.408467
vt 0.397770 0.985446
vt 0.397770 0.961023
vt 0.416169 0.975347
vt 0.900401 0.565194
vt 0.908289 0.541804
vt 0.498562 0.171821
vt 0.876905 0.543713
vt 0.877951 0.571183
vt 0.512748 0.077357
vt 0.514256 0.093098
vt 0.889570 0.579675
vt 0.993211 0.944822
vt 0.980178 0.953260
vt 0.980178 0.920908
vt 0.532736 0.109807
vt 0.150189 0.563830
vt 0.550497 0.083171
vt 0.530917 0.084272
vt 0.459057 0.161776
vt 0.188180 0.497262
vt 0.198336 0.516600
vt 0.193411 0.690407
vt 0.180369 0.683988
vt 0.191878 0.670418
vt 0.528322 0.145702
vt 0.453920 0.159074
vt 0.186972 0.459292
vt 0.538173 0.133592
vt 0.452478 0.141423
vt 0.443311 0.100976
vt 0.988430 0.634766
vt 0.758556 0.774688
vt 0.763533 0.776657
vt 0.758556 0.798066
vt 0.864686 0.450929
vt 0.989122 0.202857
vt 0.989122 0.235228
vt 0.976949 0.222531
vt 0.456907 0.189384
vt 0.555364 0.116177
vt 0.445863 0.108395
vt 0.442075 0.132249
vt 0.954701 0.522388
vt 0.968722 0.537692
vt 0.966442 0.542220
vt 0.259011 0.736720
vt 0.258812 0.704605
vt 0.275466 0.720038
vt 0.078248 0.602360
vt 0.089180 0.592822
vt 0.063917 0.608756
vt 0.250931 0.685366
vt 0.250244 0.726522
vt 0.045162 0.595794
vt 0.099823 0.609250
vt 0.854554 0.455640
vt 0.861904 0.472058
vt 0.089605 0.613517
vt 0.974455 0.561642
vt 0.587487 0.987276
vt 0.570302 0.987276
vt 0.585609 0.961560
vt 0.107419 0.600180
vt 0.268946 0.742873
vt 0.276316 0.810687
vt 0.261754 0.803798
vt 0.274339 0.791346
vt 0.202696 0.590184
vt 0.188781 0.612651
vt 0.185653 0.588970
vt 0.176915 0.598602
vt 0.276615 0.836532
vt 0.231116 0.712421
vt 0.248479 0.735433
vt 0.222916 0.709163
vt 0.976657 0.446013
vt 0.990179 0.452226
vt 0.976657 0.465276
vt 0.259091 0.774397
vt 0.205500 0.623258
vt 0.232585 0.750938
vt 0.876802 0.598456
vt 0.897009 0.590936
vt 0.890013 0.615127
vt 0.205385 0.646276
vt 0.217161 0.637834
vt 0.222694 0.653110
vt 0.119804 0.608960
vt 0.154264 0.577451
vt 0.209064 0.721879
vt 0.973145 0.592112
vt 0.969853 0.579114
vt 0.248479 0.758431
vt 0.662314 0.739030
vt 0.675845 0.762859
vt 0.667263 0.763001
vt 0.656343 0.751446
vt 0.199844 0.631785
vt 0.636238 0.750122
vt 0.173625 0.622429
vt 0.570302 0.097601
vt 0.185147 0.644857
vt 0.164894 0.605900
vt 0.219603 0.695798
vt 0.150630 0.587650
vt 0.138239 0.560932
vt 0.212554 0.564810
vt 0.220275 0.586626
vt 0.193505 0.659057
vt 0.211820 0.681416
vt 0.987383 0.268049
vt 0.976949 0.253256
vt 0.987383 0.243977
vt 0.182463 0.752046
vt 0.194972 0.732806
vt 0.210010 0.744415
vt 0.178024 0.639339
vt 0.546788 0.066225
vt 0.237030 0.780396
vt 0.222093 0.776116
vt 0.211604 0.694854
vt 0.954701 0.574077
vt 0.654620 0.767091
vt 0.220440 0.756999
vt 0.671505 0.743793
vt 0.272908 0.766647
vt 0.219908 0.630338
vt 0.978231 0.243977
vt 0.262585 0.832183
vt 0.252007 0.793303
vt 0.200005 0.766837
vt 0.927316 0.522388
vt 0.929073 0.509388
vt 0.939709 0.510020
vt 0.530035 0.057108
vt 0.914127 0.976150
vt 0.929723 0.965171
vt 0.929723 0.989716
vt 0.048799 0.980448
vt 0.032220 0.987620
vt 0.032220 0.958955
vt 0.233901 0.616465
vt 0.656771 0.583409
vt 0.696363 0.547169
vt 0.698037 0.583471
vt 0.682250 0.556967
vt 0.681882 0.579866
vt 0.812858 0.974963
vt 0.826101 0.988965
vt 0.812858 0.989210
vt 0.696783 0.606619
vt 0.715192 0.601879
vt 0.673872 0.601133
vt 0.662842 0.593257
vt 0.707530 0.587613
vt 0.754926 0.962359
vt 0.762485 0.959973
vt 0.758901 0.979532
vt 0.641493 0.577654
vt 0.710800 0.550527
vt 0.661679 0.610440
vt 0.648406 0.623145
vt 0.647972 0.602849
vt 0.727288 0.591835
vt 0.641252 0.609529
vt 0.633129 0.618592
vt 0.700195 0.539874
vt 0.704884 0.525987
vt 0.744908 0.974054
vt 0.744908 0.944433
vt 0.675302 0.629646
vt 0.989122 0.236977
vt 0.989122 0.202857
vt 0.998554 0.216881
vt 0.500789 0.808074
vt 0.488019 0.803753
vt 0.497532 0.789608
vt 0.523769 0.795478
vt 0.510043 0.791284
vt 0.495280 0.768404
vt 0.484374 0.790329
vt 0.522019 0.807471
vt 0.682856 0.621559
vt 0.691403 0.607992
vt 0.697737 0.632011
vt 0.657104 0.655028
vt 0.638761 0.648549
vt 0.645612 0.635459
vt 0.707496 0.617282
vt 0.717412 0.642706
vt 0.567716 0.721051
vt 0.570302 0.717785
vt 0.570302 0.736525
vt 0.665111 0.632833
vt 0.648842 0.624826
vt 0.516311 0.663932
vt 0.535482 0.677528
vt 0.513365 0.688607
vt 0.738520 0.652382
vt 0.723576 0.649381
vt 0.726065 0.635285
vt 0.542712 0.660547
vt 0.536120 0.651976
vt 0.549068 0.646205
vt 0.942738 0.548084
vt 0.937164 0.523917
vt 0.951955 0.522388
vt 0.675214 0.652158
vt 0.605446 0.830366
vt 0.590069 0.808225
vt 0.600622 0.777481
vt 0.928471 0.561285
vt 0.947437 0.592381
vt 0.742795 0.640574
vt 0.916722 0.549466
vt 0.997916 0.251854
vt 0.989122 0.267871
vt 0.989122 0.236977
vt 0.692294 0.710651
vt 0.709228 0.705312
vt 0.716190 0.723096
vt 0.534026 0.638970
vt 0.730473 0.613468
vt 0.954702 0.565737
vt 0.702498 0.724094
vt 0.712321 0.730395
vt 0.694789 0.640810
vt 0.696926 0.668199
vt 0.635899 0.678227
vt 0.636169 0.692653
vt 0.737703 0.689471
vt 0.719791 0.692990
vt 0.725106 0.669365
vt 0.731640 0.709360
vt 0.617292 0.682452
vt 0.574903 0.787516
vt 0.586297 0.765188
vt 0.637370 0.701371
vt 0.728611 0.730763
vt 0.636464 0.651940
vt 0.615466 0.656519
vt 0.692599 0.685000
vt 0.738685 0.674313
vt 0.405171 0.478686
vt 0.421041 0.490607
vt 0.402846 0.497530
vt 0.916722 0.579568
vt 0.655219 0.680804
vt 0.486158 0.973141
vt 0.500427 0.973332
vt 0.484374 0.990773
vt 0.993042 0.350299
vt 0.982578 0.341138
vt 0.993042 0.314320
vt 0.663351 0.698588
vt 0.721806 0.702373
vt 0.751187 0.671925
vt 0.667256 0.681473
vt 0.705944 0.658739
vt 0.676534 0.694896
vt 0.674764 0.683761
vt 0.425189 0.506333
vt 0.412363 0.532796
vt 0.411287 0.514683
vt 0.697013 0.697498
vt 0.658137 0.709528
vt 0.537963 0.664827
vt 0.615060 0.697877
vt 0.388397 0.529261
vt 0.396842 0.519714
vt 0.633438 0.713302
vt 0.628827 0.988334
vt 0.619037 0.984539
vt 0.613817 0.969764
vt 0.628827 0.967725
vt 0.296345 0.168294
vt 0.465716 0.979369
vt 0.471173 0.983560
vt 0.465716 0.994381
vt 0.300790 0.184496
vt 0.751816 0.982809
vt 0.648618 0.709937
vt 0.431319 0.493319
vt 0.679162 0.716354
vt 0.550320 0.675899
vt 0.680982 0.720266
vt 0.681251 0.639937
vt 0.239526 0.952484
vt 0.617067 0.638317
vt 0.304928 0.143310
vt 0.570122 0.962188
vt 0.570122 0.992606
vt 0.563002 0.976255
vt 0.484374 0.955049
vt 0.570302 0.739030
vt 0.070751 0.995490
vt 0.070751 0.967501
vt 0.078371 0.974422
vt 0.082101 0.987794
vt 0.304821 0.874197
vt 0.288832 0.848285
vt 0.304821 0.847344
vt 0.534992 0.630259
vt 0.540823 0.626951
vt 0.913746 0.930913
vt 0.900897 0.925981
vt 0.932009 0.929405
vt 0.748848 0.731200
vt 0.976657 0.424070
vt 0.989675 0.407545
vt 0.989675 0.427535
vt 0.968544 0.407545
vt 0.960551 0.431874
vt 0.952032 0.419263
vt 0.458559 0.385116
vt 0.450485 0.404169
vt 0.446241 0.388227
vt 0.178462 0.868809
vt 0.178462 0.895991
vt 0.175394 0.889053
vt 0.979347 0.446013
vt 0.504627 0.640904
vt 0.500464 0.658640
vt 0.495257 0.638671
vt 0.962040 0.133960
vt 0.950903 0.113481
vt 0.967517 0.112611
vt 0.477005 0.353855
vt 0.484812 0.369271
vt 0.480397 0.379587
vt 0.497697 0.669690
vt 0.992028 0.690341
vt 0.997170 0.694504
vt 0.992028 0.715798
vt 0.570302 0.636584
vt 0.569286 0.643525
vt 0.567899 0.620556
vt 0.985286 0.188722
vt 0.987117 0.162106
vt 0.993961 0.177870
vt 0.436196 0.943757
vt 0.424303 0.941353
vt 0.429181 0.929690
vt 0.415410 0.418759
vt 0.430647 0.393555
vt 0.427705 0.429432
vt 0.493170 0.627828
vt 0.484374 0.616207
vt 0.494188 0.619397
vt 0.955101 0.127258
vt 0.970223 0.155657
vt 0.717927 0.990607
vt 0.703018 0.990607
vt 0.703336 0.965788
vt 0.494344 0.604582
vt 0.871527 0.672709
vt 0.874638 0.677227
vt 0.871527 0.680694
vt 0.444167 0.450717
vt 0.442186 0.430490
vt 0.490761 0.348757
vt 0.441988 0.434882
vt 0.445954 0.418831
vt 0.456091 0.435256
vt 0.969032 0.176516
vt 0.959093 0.163468
vt 0.518088 0.634869
vt 0.516659 0.619272
vt 0.436771 0.414215
vt 0.463905 0.359791
vt 0.470256 0.331713
vt 0.961225 0.182758
vt 0.486960 0.436983
vt 0.500087 0.435846
vt 0.506240 0.461522
vt 0.487989 0.460919
vt 0.979297 0.999140
vt 0.971938 0.986302
vt 0.979297 0.974106
vt 0.504534 0.605547
vt 0.730209 0.739030
vt 0.711043 0.738649
vt 0.513132 0.708705
vt 0.503066 0.685380
vt 0.330828 0.966697
vt 0.334227 0.966740
vt 0.330828 0.983031
vt 0.511588 0.631008
vt 0.432180 0.454048
vt 0.448339 0.455734
vt 0.443248 0.475763
vt 0.303554 0.785029
vt 0.304856 0.792991
vt 0.303554 0.805765
vt 0.460882 0.482469
vt 0.472593 0.452432
vt 0.481596 0.475213
vt 0.976657 0.438289
vt 0.963779 0.445887
vt 1.000000 0.030136
vt 0.991371 0.020205
vt 1.000000 0.000000
vt 0.496610 0.707185
vt 0.616208 0.780636
vt 0.620006 0.798083
vt 0.261110 0.999650
vt 0.261110 0.984846
vt 0.268260 0.998676
vt 0.997564 0.751867
vt 0.992373 0.765773
vt 0.992373 0.743274
vt 0.504015 0.606555
vt 0.426638 0.479128
vt 0.967245 0.192816
vt 0.172237 0.997139
vt 0.172830 0.983814
vt 0.178740 0.980091
vt 0.437927 0.919250
vt 0.418157 0.382281
vt 0.463680 0.413577
vt 0.490663 0.407532
vt 0.477524 0.419589
vt 0.448235 0.365167
vt 0.636238 0.772536
vt 0.486148 0.634304
vt 0.172237 0.966286
vt 0.974454 0.590297
vt 0.984494 0.575278
vt 0.984494 0.592112
vt 0.480507 0.396535
vt 0.519331 0.611748
vt 0.990344 0.466190
vt 0.990344 0.443422
vt 0.997259 0.463569
vt 0.279445 0.999920
vt 0.279445 0.969923
vt 0.288396 0.984810
vt 0.961394 0.198243
vt 0.950903 0.202857
vt 0.953753 0.187447
vt 0.570302 0.604582
vt 0.464863 0.343332
vt 0.796388 0.993636
vt 0.789640 0.988846
vt 0.796388 0.980025
vt 0.418966 0.464643
vt 0.500700 0.411716
vt 0.264293 0.969923
vt 0.269858 0.988251
vt 0.440081 0.486447
vt 0.467709 0.396925
vt 0.455728 0.339040
vt 0.264597 0.274511
vt 0.416704 0.353837
vt 0.993961 0.201700
vt 0.048799 0.981234
vt 0.048799 0.958955
vt 0.058447 0.960721
vt 0.067446 0.983721
vt 0.900897 0.967168
vt 0.897907 0.960871
vt 0.900897 0.943560
vt 0.338679 0.907947
vt 0.331734 0.938012
vt 0.329205 0.904119
vt 0.930503 0.588580
vt 0.548958 0.803347
vt 0.535230 0.791878
vt 0.553470 0.794097
vt 0.546820 0.598208
vt 0.520658 0.604582
vt 0.532319 0.583753
vt 0.588495 0.846529
vt 0.525472 0.744949
vt 0.528911 0.723865
vt 0.567690 0.790252
vt 0.545775 0.777606
vt 0.305660 0.915499
vt 0.328309 0.920951
vt 0.313373 0.929454
vt 0.998969 0.076574
vt 0.998969 0.104667
vt 0.991847 0.080391
vt 0.483242 0.561792
vt 0.503583 0.553378
vt 0.499007 0.570816
vt 0.312450 0.889619
vt 0.304928 0.908932
vt 0.522457 0.780628
vt 0.505500 0.731785
vt 0.520054 0.757286
vt 0.537632 0.779141
vt 0.329096 0.887826
vt 0.544226 0.756881
vt 0.585832 0.873529
vt 0.599292 0.881385
vt 0.593095 0.891588
vt 0.344962 0.890256
vt 0.506942 0.764893
vt 0.942563 0.610300
vt 0.551706 0.772072
vt 0.503839 0.751120
vt 0.503797 0.600930
vt 0.944520 0.627688
vt 0.926024 0.611124
vt 0.556137 0.577766
vt 0.533080 0.567952
vt 0.484778 0.549495
vt 0.344962 0.949309
vt 0.337688 0.966697
vt 0.327954 0.958270
vt 0.573483 0.844280
vt 0.570302 0.867056
vt 0.597357 0.860427
vt 0.015548 0.958627
vt 0.032220 0.958920
vt 0.016871 0.969604
vt -0.000000 0.957987
vt 0.010690 0.936142
vt 0.030332 0.928609
vt 0.552100 0.561540
vt 0.567318 0.560534
vt 0.570302 0.574019
vt -0.000000 0.920300
vt 0.533462 0.806794
vt 0.430374 0.979597
vt 0.416169 0.992374
vt 0.416169 0.961023
vt 0.575848 0.820213
vt 0.488548 0.535414
vt 0.502275 0.536971
vt 0.516273 0.567997
vt 0.516187 0.541662
vt 0.580409 0.896837
vt 0.306137 0.944969
vt 0.498003 0.740267
vt 0.529677 0.524991
vt 0.496508 0.509061
vt 0.506171 0.483744
vt 0.522188 0.501187
vt 0.536693 0.547696
vt 0.531829 0.522423
vt 0.547116 0.546507
vt 0.507436 0.504587
vt 0.616806 0.847349
vt 0.605524 0.877371
vt 0.568720 0.649033
vt 0.570302 0.643525
vt 0.570302 0.690635
vt 0.520299 0.490283
vt 0.504921 0.454632
vt 0.498010 0.740028
vt 0.446993 0.318649
vt 0.484260 0.304266
vt 0.490062 0.312637
vt 0.998736 0.309880
vt 0.991759 0.303946
vt 0.998736 0.282036
vt 0.994837 0.268110
vt 0.463299 0.299187
vt 0.477703 0.282361
vt 0.425583 0.959385
vt 0.465521 0.268774
vt 0.442765 0.266380
vt 0.952032 0.466190
vt 0.869617 0.633585
vt 0.142119 0.904395
vt 0.127199 0.896940
vt 0.143203 0.894909
vt 0.206120 0.790329
vt 0.898280 0.651360
vt 0.884677 0.636489
vt 0.901045 0.639487
vt 0.245220 0.652281
vt 0.665079 0.785962
vt 0.674646 0.784291
vt 0.675680 0.794979
vt 0.213124 0.823193
vt 0.198474 0.814667
vt 0.200285 0.801165
vt 0.258576 0.598509
vt 0.256115 0.614192
vt 0.248755 0.606378
vt 0.661569 0.833218
vt 0.676905 0.837673
vt 0.652234 0.855066
vt 0.133651 0.915383
vt 0.127199 0.936797
vt 0.283422 0.642258
vt 0.300473 0.642307
vt 0.278972 0.656091
vt 0.776918 0.976195
vt 0.785082 0.991269
vt 0.776918 0.997511
vt 0.686612 0.863336
vt 0.690560 0.849168
vt 0.265079 0.654868
vt 0.228263 0.797855
vt 0.186067 0.817166
vt 0.180369 0.837487
vt 0.265220 0.631382
vt 0.251434 0.626714
vt 0.241404 0.831471
vt 0.231750 0.845499
vt 0.228069 0.828829
vt 0.236416 0.656245
vt 0.897757 0.613051
vt 0.155313 0.929269
vt 0.135514 0.939742
vt 0.147727 0.912814
vt 0.659337 0.799799
vt 0.255863 0.659057
vt 0.242997 0.642056
vt 0.144896 0.947645
vt 0.142263 0.962662
vt 0.691974 0.794041
vt 0.691476 0.789384
vt 0.697736 0.807155
vt 0.193829 0.849235
vt 0.685111 0.777312
vt 0.685160 0.811754
vt 0.211872 0.849758
vt 0.304928 0.628299
vt 0.295376 0.626513
vt 0.675660 0.774841
vt 0.998492 0.806070
vt 0.998492 0.836654
vt 0.992286 0.831177
vt 0.547494 0.989620
vt 0.547494 0.962188
vt 0.563002 0.987790
vt 0.294485 0.617711
vt 0.276678 0.623839
vt 0.290367 0.607671
vt 0.243388 0.813010
vt 0.636238 0.832802
vt 0.239477 0.817634
vt 0.676196 0.821069
vt 0.696382 0.826642
vt 0.698599 0.854549
vt 0.667509 0.807228
vt 0.651304 0.821745
vt 0.271585 0.589230
vt 0.270404 0.602212
vt 0.703018 0.829911
vt 0.900095 0.664789
vt 0.883664 0.664506
vt 0.261646 0.584202
vt 0.864686 0.672653
vt 0.867251 0.657648
vt 0.459226 0.705614
vt 0.449030 0.715202
vt 0.447683 0.675496
vt 0.430121 0.645722
vt 0.446581 0.630524
vt 0.448814 0.645939
vt 0.062571 0.031344
vt 0.056692 0.059500
vt 0.304797 0.734874
vt 0.304797 0.762287
vt 0.303407 0.742372
vt 0.071261 0.018836
vt 0.049379 0.047990
vt 0.426230 0.688884
vt 0.389183 0.674280
vt 0.413722 0.663925
vt 0.654878 0.934150
vt 0.658584 0.946618
vt 0.652232 0.934531
vt 0.877626 0.680876
vt 0.874638 0.672709
vt 0.877666 0.672709
vt 0.398933 0.701090
vt 0.643724 0.976666
vt 0.636238 0.966500
vt 0.650279 0.971328
vt 0.703018 0.960075
vt 0.703018 0.990830
vt 0.696635 0.970740
vt 0.974454 0.551215
vt 0.982303 0.522388
vt 0.986780 0.546388
vt 0.409498 0.640220
vt 0.396569 0.632708
vt 0.423483 0.630522
vt 0.061890 0.028127
vt 0.387718 0.660663
vt 0.925552 0.661692
vt 0.916722 0.657739
vt 0.943081 0.636103
vt 0.954427 0.806070
vt 0.966080 0.828544
vt 0.949616 0.824980
vt 0.923046 0.636580
vt 0.437927 0.988240
vt 0.437927 0.965756
vt 0.452908 0.982533
vt 0.065463 0.007839
vt 0.081020 0.000000
vt 0.929723 0.984330
vt 0.930157 0.965171
vt 0.937509 0.974772
vt 0.956416 0.834966
vt 0.415193 0.616668
vt 0.449568 0.991289
vt 0.417322 0.717739
vt 0.439201 0.721531
vt 0.396977 0.990965
vt 0.391806 0.996975
vt 0.391806 0.973206
vt 0.876549 0.929282
vt 0.416937 0.622330
vt 0.946526 0.822071
vt 0.966594 0.849250
vt 0.959033 0.846343
vt 0.398474 0.619334
vt 0.406587 0.604582
vt 0.441268 0.652044
vt 0.454508 0.671836
vt 0.435375 0.666224
vt 0.383740 0.649643
vt 0.464339 0.659324
vt 0.383178 0.686208
vt 0.424698 0.651341
vt 0.427151 0.663310
vt 0.946920 0.865560
vt 0.938223 0.850611
vt 0.009048 0.681136
vt 0.009109 0.665813
vt 0.038076 0.687373
vt 0.381856 0.621029
vt 0.402848 0.721956
vt 0.966594 0.873910
vt 0.990714 0.146303
vt 0.990714 0.110721
vt 0.998967 0.119018
vt 0.034606 0.698407
vt 0.440969 0.694131
vt 0.446024 0.682100
vt 0.986780 0.573585
vt 0.015287 0.663624
vt 0.042441 0.698858
vt 0.010542 0.668422
vt 0.369874 0.636261
vt 0.374301 0.615484
vt 0.644048 0.948923
vt 0.946677 0.864008
vt 0.658584 0.953721
vt 0.667631 0.934150
vt 0.679204 0.947576
vt 0.039746 0.677891
vt 0.453082 0.677640
vt 0.937509 0.991852
vt 0.427559 0.732466
vt 0.062305 0.069756
vt 0.157749 0.976192
vt 0.162585 0.978036
vt 0.155316 0.986348
vt 0.845912 0.989433
vt 0.836766 0.994916
vt 0.836766 0.977071
vt 0.976357 0.947923
vt 0.980178 0.974106
vt 0.962811 0.955994
vt 0.353965 0.676602
vt 0.362168 0.660909
vt 0.162280 0.967724
vt 0.172237 0.971889
vt 0.155316 0.966286
vt 0.992384 0.972315
vt 0.992384 0.953260
vt 0.998049 0.962607
vt 0.464490 0.713019
vt 0.000000 0.659057
vt 0.980178 0.920909
vt 0.445649 0.745555
vt 0.447089 0.738390
vt 0.943081 0.658143
vt 0.789640 0.949214
vt 0.806748 0.955240
vt 0.798489 0.958590
vt 0.484374 0.908436
vt 0.490038 0.884727
vt 0.502690 0.890866
vt 0.321384 0.713740
vt 0.304928 0.723048
vt 0.311908 0.706801
vt 0.526654 0.907741
vt 0.505315 0.916523
vt 0.516659 0.892122
vt 0.495377 0.904383
vt 0.716679 0.419872
vt 0.732619 0.407545
vt 0.739922 0.416530
vt 0.734515 0.441975
vt 0.712033 0.428827
vt 0.452908 0.971937
vt 0.464239 0.965756
vt 0.465590 0.978057
vt 0.792933 0.938732
vt 0.452908 0.995305
vt 0.789640 0.980026
vt 0.319537 0.733524
vt 0.305066 0.747790
vt 0.713668 0.443570
vt 0.679243 0.970534
vt 0.658584 0.982155
vt 0.515262 0.932461
vt 0.363013 0.797658
vt 0.358104 0.784018
vt 0.370741 0.770728
vt 0.397570 0.767524
vt 0.401656 0.750162
vt 0.405506 0.774374
vt 0.530875 0.916924
vt 0.698175 0.472472
vt 0.708817 0.461175
vt 0.716133 0.475043
vt 0.318162 0.739065
vt 0.330598 0.773449
vt 0.338251 0.764191
vt 0.384095 0.773373
vt 0.734609 0.451585
vt 0.658621 0.423757
vt 0.353986 0.752844
vt 0.333714 0.741925
vt 0.360095 0.735638
vt 0.367042 0.748332
vt 0.386218 0.807358
vt 0.400646 0.799937
vt 0.341430 0.720021
vt 0.335447 0.693919
vt 0.366567 0.694080
vt 0.678985 0.426051
vt 0.689423 0.457258
vt 0.876550 0.991113
vt 0.878407 0.974037
vt 0.889982 0.991113
vt 0.693309 0.429328
vt 0.949618 0.995250
vt 0.959345 0.973423
vt 0.960144 0.995250
vt 0.952032 0.482148
vt 0.961435 0.468302
vt 0.963876 0.479020
vt 0.369356 0.808841
vt 0.377135 0.706361
vt 0.421457 0.757362
vt 0.409431 0.789554
vt 0.480618 0.928353
vt 0.469260 0.937636
vt 0.469260 0.887826
vt 0.745417 0.478004
vt 0.998927 0.730380
vt 0.992373 0.743274
vt 0.992373 0.716627
vt 0.684173 0.485549
vt 0.746096 0.458107
vt 0.754905 0.428821
vt 0.540365 0.857623
vt 0.526785 0.850418
vt 0.541440 0.840143
vt 0.248479 0.994826
vt 0.248479 0.969923
vt 0.260073 0.980125
vt 0.494449 0.825610
vt 0.520007 0.817471
vt 0.520199 0.830192
vt 0.482595 0.897838
vt 0.744029 0.968870
vt 0.973027 0.364153
vt 0.962439 0.383941
vt 0.950903 0.379506
vt 0.279445 0.992324
vt 0.269858 0.997608
vt 0.269858 0.969923
vt 0.569180 0.825608
vt 0.561131 0.828385
vt 0.565557 0.808074
vt 0.486799 0.817712
vt 0.488120 0.808074
vt 0.710559 0.478879
vt 0.374062 0.731814
vt 0.334138 0.785152
vt 0.347919 0.778143
vt 0.973027 0.406492
vt 0.964435 0.406827
vt 0.953094 0.498569
vt 0.715466 0.496566
vt 0.699186 0.495197
vt 0.318204 0.812096
vt 0.127199 0.911865
vt 0.106892 0.899592
vt 0.119558 0.894909
vt 0.101219 0.913839
vt 0.761832 0.460836
vt 0.334451 0.816082
vt 0.127199 0.943694
vt 0.110345 0.929790
vt 0.693075 0.500739
vt 0.975696 0.489344
vt 0.972640 0.466190
vt 0.535652 0.827975
vt 0.345459 0.663935
vt 0.510725 0.851668
vt 0.102439 0.951772
vt 0.436888 0.754905
vt 0.747089 0.487170
vt 0.729113 0.488170
vt 0.498103 0.844063
vt 0.979705 0.716627
vt 0.979705 0.697607
vt 0.989692 0.716385
vt 0.559724 0.857220
vt 0.983714 0.287746
vt 0.967021 0.284616
vt 0.983714 0.268110
vt 0.092437 0.921957
vt 0.978818 0.746722
vt 0.962603 0.749609
vt 0.967817 0.716627
vt 0.354229 0.813490
vt 0.721563 0.518095
vt 0.522034 0.868463
vt 0.715385 0.521809
vt 0.714236 0.540977
vt 0.431424 0.782268
vt 0.981592 0.314320
vt 0.724333 0.502371
vt 0.487574 0.938192
vt 0.502853 0.874993
vt 0.530875 0.955049
vt 0.547942 0.832904
vt 0.741408 0.520949
vt 0.358279 0.823794
vt 0.536524 0.873505
vt 0.602320 0.925717
vt 0.628518 0.930043
vt 0.609008 0.938915
vt 0.952032 0.511584
vt 0.625023 0.947063
vt 0.696601 0.934150
vt 0.693902 0.949909
vt 0.679243 0.936615
vt 0.551321 0.818151
vt 0.537267 0.816176
vt 0.559724 0.808074
vt 0.988204 0.731628
vt 0.978818 0.724995
vt 0.992373 0.716627
vt 0.717927 0.965787
vt 0.731137 0.978630
vt 0.717927 0.993117
vt 0.363075 0.766161
vt 0.126266 0.962709
vt 0.992373 0.748986
vt 0.984184 0.819291
vt 0.990894 0.806070
vt 0.992286 0.834047
vt 0.636030 0.938133
vt 0.636030 0.980860
vt 0.629086 0.946826
vt 0.947004 0.869139
vt 0.048791 0.717752
vt 0.774800 0.954591
vt 0.789350 0.940853
vt 0.789640 0.951703
vt 0.040462 0.730262
vt 0.923279 0.682355
vt 0.936284 0.673985
vt 0.930030 0.692788
vt 0.946912 0.884428
vt 0.064949 0.187955
vt 0.950903 0.069447
vt 0.936371 0.093017
vt 0.931870 0.081680
vt 0.064099 0.204433
vt 0.061229 0.792894
vt 0.056436 0.770671
vt 0.069794 0.775875
vt 0.918195 0.103820
vt 0.906984 0.097717
vt 0.658584 0.981837
vt 0.965675 0.891477
vt 0.949645 0.897193
vt 0.992028 0.661965
vt 0.998816 0.669089
vt 0.992028 0.690341
vt 0.475018 0.751659
vt 0.484374 0.772767
vt 0.479586 0.790298
vt 0.520548 0.957315
vt 0.525883 0.956685
vt 0.530875 0.972345
vt 0.901342 0.080012
vt 0.763574 0.965940
vt 0.767484 0.976195
vt 0.456348 0.743757
vt 0.460979 0.725968
vt 0.962525 0.888734
vt 0.523405 0.972563
vt 0.517357 0.955049
vt 0.057402 0.743717
vt 0.061289 0.737603
vt 0.997284 0.510643
vt 0.990344 0.519800
vt 0.990344 0.498618
vt 0.086417 0.747705
vt 0.066801 0.725984
vt 0.080343 0.726839
vt 0.193928 0.946131
vt 0.205870 0.974148
vt 0.180369 0.974148
vt 0.469853 0.714612
vt 0.778555 0.940826
vt 0.079393 0.759433
vt 0.758579 0.822556
vt 0.763534 0.833768
vt 0.758579 0.843609
vt 0.083982 0.765398
vt 0.914564 0.686691
vt 0.940260 0.875583
vt 0.054429 0.695184
vt 0.941230 0.887439
vt 0.905381 0.692248
vt 0.525744 0.972998
vt 0.473582 0.762506
vt 0.065495 0.718456
vt 0.089105 0.798340
vt 0.088651 0.777371
vt 0.530621 0.991674
vt 0.943060 0.627688
vt 0.074633 0.809381
vt 0.950903 0.072260
vt 0.092437 0.778248
vt 0.962180 0.096586
vt 0.483396 0.750054
vt 0.993752 0.527437
vt 0.986780 0.522388
vt 0.991879 0.766059
vt 0.998966 0.787991
vt 0.991879 0.793751
vt 0.471173 0.979369
vt 0.477034 0.987240
vt 0.471173 0.998029
vt 0.520581 0.970771
vt 0.763574 0.938732
vt 0.956612 0.112611
vt 0.083314 0.819271
vt 0.932587 0.945015
vt 0.938223 0.925981
vt 0.938223 0.962308
vt 0.952729 0.920908
vt 0.517357 0.984508
vt 0.703018 0.929073
vt 0.697150 0.960075
vt 0.697150 0.914824
vt 0.753271 0.900024
vt 0.759710 0.877508
vt 0.763297 0.887138
vt 0.968190 0.870481
vt 0.966594 0.857439
vt 0.984118 0.879908
vt 0.080024 0.292517
vt 0.063635 0.336106
vt 0.973336 0.884535
vt 0.894441 0.128528
vt 0.898668 0.137180
vt 0.879487 0.142628
vt 0.871267 0.672653
vt 0.871527 0.680694
vt 0.864686 0.680694
vt 0.796388 0.985827
vt 0.801007 0.980025
vt 0.801007 0.994474
vt 0.379481 0.973206
vt 0.391805 0.973206
vt 0.390475 0.993311
vt 0.908835 0.197069
vt 0.910722 0.164176
vt 0.916863 0.208888
vt 0.763297 0.910975
vt 0.966594 0.902617
vt 0.972202 0.908180
vt 0.367749 0.977540
vt 0.363436 0.990106
vt 0.360869 0.982293
vt 0.072003 0.283305
vt 0.064998 0.317117
vt 0.901543 0.216617
vt 0.880201 0.177200
vt 0.901521 0.168452
vt 0.367749 0.994219
vt 0.887306 0.110332
vt 0.078073 0.221462
vt 0.080264 0.246991
vt 0.915118 0.145142
vt 0.913394 0.135460
vt 0.898138 0.915798
vt 0.900897 0.937993
vt 0.898138 0.943559
vt 0.917968 0.151242
vt 0.079654 0.280881
vt 0.924922 0.106829
vt 0.990344 0.478698
vt 0.999548 0.482605
vt 0.990344 0.498618
vt 0.996819 0.466190
vt 0.999242 0.053035
vt 0.992439 0.070820
vt 0.989963 0.057917
vt 0.744908 0.905625
vt 0.875816 0.126633
vt 0.989963 0.043887
vt 0.994599 0.036993
vt 0.752141 0.925003
vt 0.921209 0.113861
vt 0.912133 0.137423
vt 0.916492 0.108871
vt 0.744980 0.944433
vt 0.384320 0.825109
vt 0.399871 0.814510
vt 0.388663 0.833613
vt 0.470685 0.793553
vt 0.464389 0.815758
vt 0.460572 0.782722
vt 0.447503 0.797013
vt 0.877386 0.085170
vt 0.873556 0.105303
vt 0.857669 0.108412
vt 0.036072 0.865145
vt 0.037378 0.855750
vt 0.052090 0.867441
vt 0.379481 0.973206
vt 0.379481 0.996892
vt 0.368976 0.982629
vt 0.056240 0.833933
vt 0.394450 0.838560
vt 0.410897 0.826112
vt 0.450270 0.830703
vt 0.442145 0.798156
vt 0.419698 0.856268
vt 0.404165 0.879073
vt 0.404000 0.862793
vt 0.450432 0.763106
vt 0.042895 0.880392
vt 0.061941 0.922245
vt 0.070326 0.920300
vt 0.070751 0.936359
vt 0.852340 0.097545
vt 0.440287 0.820731
vt 0.429251 0.829012
vt 0.437677 0.855715
vt 0.428738 0.856384
vt 0.785268 0.976195
vt 0.789640 0.983340
vt 0.785268 0.993506
vt 0.472539 0.812378
vt 0.054943 0.935653
vt 0.991129 0.784436
vt 0.979834 0.766474
vt 0.991879 0.766059
vt 0.060100 0.809953
vt 0.061774 0.846047
vt 0.412830 0.836100
vt 0.389064 0.854696
vt 0.927242 0.737749
vt 0.903238 0.745342
vt 0.909085 0.730125
vt 0.986522 0.757808
vt 0.989298 0.748986
vt 0.989298 0.764669
vt 0.924418 0.748781
vt 0.910696 0.756720
vt 0.394205 0.863231
vt 0.033144 0.897290
vt 0.029182 0.882526
vt 0.415957 0.813563
vt 0.430952 0.793910
vt 0.375773 0.844970
vt 0.444610 0.783986
vt 0.175394 0.939682
vt 0.175394 0.919693
vt 0.179486 0.930117
vt 0.825573 0.076411
vt 0.833214 0.089365
vt 0.789836 0.096075
vt 0.929783 0.760027
vt 0.862733 0.079241
vt 0.019214 0.912904
vt 0.978818 0.751507
vt 0.418768 0.800539
vt 0.806931 0.075811
vt 0.836987 0.102604
vt 0.047050 0.951096
vt 0.038205 0.936573
vt 0.962603 0.661965
vt 0.959537 0.686376
vt 0.953151 0.666440
vt 0.032220 0.958955
vt 0.944397 0.692092
vt 0.912248 0.770182
vt 0.927991 0.770917
vt 0.071227 0.830653
vt 0.942791 0.670360
vt 0.011592 0.902983
vt 0.908571 0.717218
vt 0.925527 0.715107
vt 0.041894 0.920300
vt 0.936284 0.790814
vt 0.791487 0.071907
vt 0.921543 0.786643
vt 0.926067 0.702011
vt 0.912400 0.702290
vt 0.369898 0.825648
vt 0.764168 0.086906
vt 0.750063 0.076648
vt 0.785116 0.063334
vt 0.612556 0.896837
vt 0.603628 0.908811
vt 0.628827 0.915527
vt 0.749452 0.064157
vt 0.762564 0.053449
vt 0.126094 0.875898
vt 0.115054 0.894886
vt 0.110487 0.880785
vt 0.836497 0.124601
vt 0.866890 0.117348
vt 0.862304 0.123297
vt 0.794511 0.205887
vt 0.782694 0.189045
vt 0.812800 0.203209
vt 0.851076 0.137490
vt 0.820559 0.147576
vt 0.831142 0.134116
vt 0.835406 0.150672
vt 0.836816 0.111168
vt 0.769639 0.105718
vt 0.874979 0.116061
vt 0.833478 0.173891
vt 0.814381 0.168001
vt 0.785440 0.108799
vt 0.864922 0.162539
vt 0.863944 0.198297
vt 0.838170 0.193964
vt 0.845285 0.212907
vt 0.452588 0.899292
vt 0.451733 0.913094
vt 0.437927 0.898852
vt 0.994679 0.152730
vt 0.990714 0.161315
vt 0.990714 0.146303
vt 0.118170 0.869875
vt 0.148830 0.877683
vt 0.805852 0.102263
vt 0.099358 0.858545
vt 0.092437 0.872860
vt 0.887000 0.218667
vt 0.804788 0.156165
vt 0.827060 0.154592
vt 0.457350 0.931824
vt 0.441875 0.944971
vt 0.442539 0.914418
vt 0.938223 0.806070
vt 0.929788 0.837644
vt 0.926943 0.815862
vt 0.800389 0.119977
vt 0.797242 0.170649
vt 0.802111 0.109388
vt 0.856831 0.143165
vt 0.871773 0.231927
vt 0.917879 0.828917
vt 0.469260 0.918012
vt 0.783341 0.123522
vt 0.805762 0.131538
vt 0.776614 0.137789
vt 0.838942 0.130126
vt 0.453744 0.949831
vt 0.857966 0.135884
vt 0.805788 0.145752
vt 0.795227 0.153923
vt 0.757254 0.127534
vt 0.784911 0.156924
vt 0.784898 0.143133
vt 0.180369 0.974148
vt 0.193855 0.974148
vt 0.193779 0.988871
vt 0.122922 0.840208
vt 0.101491 0.835344
vt 0.109678 0.830173
vt 0.602302 0.994404
vt 0.602302 0.973685
vt 0.613817 0.984246
vt 0.765852 0.179495
vt 0.138913 0.851824
vt 0.118231 0.859806
vt 0.098185 0.845449
vt 0.567805 0.775421
vt 0.569603 0.771148
vt 0.569603 0.791840
vt 0.611516 0.967724
vt 0.762617 0.152575
vt 0.441661 0.887826
vt 0.757263 0.118272
vt 0.760360 0.106868
vt 0.107435 0.981960
vt 0.107435 0.962710
vt 0.121291 0.970467
vt 0.092437 0.826162
vt 0.041086 0.390730
vt 0.039530 0.417205
vt 0.012761 0.409607
vt 0.027958 0.410305
vt 0.010497 0.434594
vt 0.030917 0.432550
vt 0.898505 0.262739
vt 0.927837 0.289018
vt 0.887374 0.293241
vt 0.930398 0.266631
vt 0.944480 0.293801
vt 0.028509 0.381926
vt 0.046886 0.359742
vt 0.908788 0.246872
vt 0.850664 0.288174
vt 0.877391 0.267142
vt 0.921952 0.308615
vt 0.890262 0.307457
vt 0.873866 0.317170
vt 0.950295 0.312344
vt 0.941883 0.325070
vt 0.904733 0.329149
vt 0.922692 0.238187
vt 0.019257 0.469876
vt 0.940606 0.347536
vt 0.433211 0.084655
vt 0.023156 0.481043
vt 0.416677 0.062878
vt 0.413528 0.064864
vt 0.407566 0.053689
vt 0.001476 0.435519
vt 0.002464 0.471889
vt 0.405226 0.041125
vt 0.416054 0.032713
vt 0.420760 0.048914
vt 0.865137 0.340659
vt 0.906950 0.354832
vt 0.878445 0.357951
vt 0.839567 0.449660
vt 0.422964 0.060560
vt 0.989963 0.036993
vt 0.950903 0.348256
vt 0.912661 0.372746
vt 0.854012 0.383151
vt 0.868836 0.367091
vt 0.016240 0.507788
vt 0.015352 0.517739
vt 0.514780 0.955049
vt 0.517074 0.987866
vt 0.500427 0.987866
vt 0.867092 0.972199
vt 0.876444 0.986316
vt 0.867092 0.997176
vt 0.846854 0.685800
vt 0.860877 0.709331
vt 0.855964 0.709525
vt 0.850156 0.346025
vt 0.389542 0.032775
vt 0.379440 0.049799
vt 0.393144 0.053159
vt 0.385019 0.080093
vt 0.414686 0.075924
vt 0.889466 0.388324
vt 0.917548 0.378263
vt 0.409248 0.013432
vt 0.405359 0.024044
vt 0.000000 0.487488
vt 0.833433 0.429900
vt 0.939192 0.369110
vt 0.334452 0.966697
vt 0.344962 0.984217
vt 0.334452 0.997165
vt 0.954702 0.628636
vt 0.968204 0.592112
vt 0.975469 0.616289
vt 0.360865 0.050678
vt 0.369184 0.060257
vt 0.954702 0.600756
vt 0.817928 0.283882
vt 0.819607 0.297271
vt 0.803719 0.298959
vt 0.359134 0.280572
vt 0.369154 0.319026
vt 0.354081 0.315977
vt 0.379784 0.278946
vt 0.401469 0.249657
vt 0.399453 0.269375
vt 0.847277 0.242070
vt 0.823142 0.228477
vt 0.378781 0.251687
vt 0.821952 0.322913
vt 0.843854 0.303802
vt 0.396804 0.173051
vt 0.430663 0.171501
vt 0.441547 0.189385
vt 0.803979 0.314202
vt 0.403638 0.204962
vt 0.442008 0.224300
vt 0.799821 0.234252
vt 0.783139 0.241024
vt 0.770172 0.215756
vt 0.409721 0.223857
vt 0.856912 0.275404
vt 0.360165 0.250942
vt 0.378322 0.204827
vt 0.374657 0.189829
vt 0.393775 0.194808
vt 0.396197 0.214619
vt 0.367021 0.221943
vt 0.387840 0.181089
vt 0.827588 0.266939
vt 0.797145 0.263003
vt 0.793930 0.287660
vt 0.353583 0.204996
vt 0.180369 0.678443
vt 0.160653 0.675409
vt 0.166787 0.659057
vt 0.138140 0.739089
vt 0.120692 0.752539
vt 0.112885 0.724741
vt 0.104017 0.743843
vt 0.434946 0.114392
vt 0.440282 0.102048
vt 0.449088 0.110494
vt 0.872334 0.738460
vt 0.861162 0.723149
vt 0.890169 0.739188
vt 0.862816 0.726974
vt 0.863347 0.745208
vt 0.858713 0.762875
vt 0.173681 0.702457
vt 0.154445 0.682943
vt 0.803194 0.370832
vt 0.834456 0.359650
vt 0.830835 0.377890
vt 0.352973 0.991469
vt 0.344962 0.996421
vt 0.344962 0.977540
vt 0.132691 0.710066
vt 0.149921 0.714898
vt 0.450475 0.111863
vt 0.445706 0.104953
vt 0.441648 0.094616
vt 0.099484 0.783616
vt 0.432902 0.082673
vt 0.791094 0.340101
vt 0.816155 0.337503
vt 0.164999 0.726043
vt 0.116133 0.683543
vt 0.104849 0.704349
vt 0.868378 0.762664
vt 0.427547 0.157432
vt 0.413423 0.106211
vt 0.399174 0.122775
vt 0.384974 0.119701
vt 0.424079 0.123435
vt 0.781794 0.319962
vt 0.100479 0.721608
vt 0.887513 0.778556
vt 0.883236 0.759921
vt 0.400877 0.097289
vt 0.149159 0.758035
vt 0.092437 0.697310
vt 0.784796 0.356581
vt 0.382309 0.098602
vt 0.092755 0.680102
vt 0.899506 0.751271
vt 0.764920 0.351623
vt 0.865647 0.779499
vt 0.876599 0.748260
vt 0.758819 0.322346
vt 0.147258 0.670067
vt 0.140025 0.686413
vt 0.781299 0.377018
vt 0.761619 0.370449
vt 0.428144 0.085339
vt 0.866635 0.731846
vt 0.471734 0.115482
vt 0.427490 0.096552
vt 0.448861 0.124217
vt 0.405280 0.137954
vt 0.863976 0.739611
vt 0.855397 0.766747
vt 0.900466 0.760746
vt 0.475142 0.115415
vt 0.423612 0.150371
vt 0.433062 0.138318
vt 0.442697 0.108488
vt 0.864608 0.712301
vt 0.716981 0.383013
vt 0.729707 0.371101
vt 0.734940 0.378486
vt 0.384220 0.158369
vt 0.876558 0.728298
vt 0.166686 0.753084
vt 0.970069 0.649962
vt 0.736563 0.338105
vt 0.899788 0.736464
vt 0.733816 0.355564
vt 0.409392 0.165543
vt 0.827505 0.490248
vt 0.832603 0.453249
vt 0.845904 0.483315
vt 0.829404 0.508175
vt 0.842804 0.509453
vt 0.448170 -0.000000
vt 0.798927 0.527649
vt 0.287813 0.874197
vt 0.273044 0.856494
vt 0.288832 0.861207
vt 0.940725 0.491345
vt 0.943593 0.504098
vt 0.922381 0.475430
vt 0.785419 0.548741
vt 0.802140 0.541759
vt 0.806363 0.504810
vt 0.782981 0.619406
vt 0.804825 0.642887
vt 0.795613 0.646016
vt 0.837117 0.912484
vt 0.834653 0.929964
vt 0.828295 0.913653
vt 0.763574 0.588201
vt 0.773765 0.584623
vt 0.774289 0.565294
vt 0.787693 0.569666
vt 0.786413 0.598995
vt 0.787143 0.590668
vt 0.803577 0.550823
vt 0.772455 0.619577
vt 0.838540 0.893248
vt 0.937555 0.505046
vt 0.922842 0.495827
vt 0.275675 0.868492
vt 0.822105 0.925903
vt 0.818584 0.897949
vt 0.933180 0.473893
vt 0.949823 0.501356
vt 0.952032 0.511783
vt 0.793514 0.619362
vt 0.946080 0.474510
vt 0.940014 0.428636
vt 0.941993 0.455215
vt 0.926341 0.442389
vt 0.864686 0.672918
vt 0.861439 0.685800
vt 0.852845 0.669755
vt 0.814832 0.668189
vt 0.952032 0.444629
vt 0.818909 0.662139
vt 0.835491 0.680752
vt 0.834456 0.864369
vt 0.845338 0.873282
vt 0.830659 0.890208
vt 0.817303 0.874713
vt 0.845867 0.858316
vt 0.839887 0.847712
vt 0.927713 0.418496
vt 0.848406 0.654916
vt 0.832765 0.660765
vt 0.835647 0.645389
vt 0.825502 0.825587
vt 0.829649 0.824978
vt 0.839717 0.833795
vt 0.916722 0.453660
vt 0.951557 0.429625
vt 0.824360 0.852015
vt 0.917002 0.437913
vt 0.918697 0.436866
vt 0.836746 0.676305
vt 0.812858 0.851600
vt 0.812858 0.871890
vt 0.938159 0.407545
vt 0.839744 0.836514
vt 0.925725 0.414000
vt 0.923487 0.427549
vt 0.312170 0.835919
vt 0.744357 0.616969
vt 0.731399 0.582583
vt 0.569180 0.871761
vt 0.742118 0.586886
vt 0.750669 0.563274
vt 0.746441 0.588045
vt 0.739050 0.563393
vt 0.721480 0.568888
vt 0.970223 0.200440
vt 0.985268 0.177332
vt 0.985286 0.200440
vt 0.763574 0.976195
vt 0.776918 0.976195
vt 0.774681 0.990249
vt 0.484374 0.868971
vt 0.486466 0.884727
vt 0.015100 0.990353
vt 0.016543 0.980132
vt 0.029188 0.987280
vt 0.857749 0.972199
vt 0.866474 0.974022
vt 0.867092 0.992928
vt 0.684768 0.963161
vt 0.696601 0.983345
vt 0.029188 0.969604
vt 0.729694 0.533350
vt 0.878624 0.930528
vt 0.892111 0.915798
vt 0.884412 0.952165
vt 0.683785 0.975082
vt 0.763574 0.476352
vt 0.756727 0.595417
vt 0.333643 0.840812
vt 0.322336 0.834108
vt 0.984184 0.849228
vt 0.978818 0.773644
vt 0.857749 0.999041
vt 0.846854 0.995224
vt 0.846854 0.972199
vt 0.857749 0.975241
vt 0.304928 0.824737
vt 0.628827 0.967724
vt 0.897219 0.966894
vt 0.893599 0.974037
vt 0.876550 0.959052
vt 0.716554 0.543731
vt 0.731344 0.546255
vt 0.743435 0.532468
vt 0.897219 0.948531
vt 0.943516 0.994045
vt 0.938223 0.973423
vt 0.949618 0.973423
vt 0.975023 0.162106
vt 0.748122 0.545189
vt 0.754931 0.540647
vt 0.205870 0.995905
vt 0.197116 0.979829
vt 0.319191 0.841125
vt 0.319100 0.862437
vt 0.960733 0.705720
vt 0.949574 0.722083
vt 0.379752 0.500665
vt 0.379114 0.516879
vt 0.366975 0.521741
vt 0.376544 0.485521
vt 0.394105 0.499849
vt 0.365322 0.508252
vt 0.556976 0.910892
vt 0.553608 0.929889
vt 0.530875 0.895532
vt 0.549384 0.884727
vt 0.387243 0.865757
vt 0.919521 0.942900
vt 0.932009 0.965171
vt 0.535646 0.911844
vt 0.979834 0.801886
vt 0.367752 0.871618
vt 0.954330 0.659891
vt 0.943081 0.651526
vt 0.954330 0.627688
vt 0.389695 0.474207
vt 0.399306 0.467792
vt 0.402248 0.482977
vt 0.984638 0.379790
vt 0.975076 0.385736
vt 0.973027 0.361307
vt 0.567687 0.901964
vt 0.992286 0.855991
vt 0.992286 0.836654
vt 0.997914 0.844603
vt 0.741932 0.040217
vt 0.758621 0.038300
vt 0.758579 0.854041
vt 0.760174 0.843609
vt 0.760174 0.864810
vt 0.725474 0.950491
vt 0.729878 0.965787
vt 0.706616 0.955561
vt 0.708009 0.943275
vt 0.351194 0.488888
vt 0.346282 0.502512
vt 0.346803 0.960384
vt 0.344962 0.945346
vt 0.368976 0.943721
vt 0.361490 0.484536
vt 0.758556 0.749439
vt 0.762088 0.739030
vt 0.762088 0.774688
vt 0.382670 0.887826
vt 0.973027 0.406827
vt 0.738172 0.877508
vt 0.741445 0.889895
vt 0.727595 0.894410
vt 0.744908 0.950944
vt 0.379647 0.871298
vt 0.564704 0.919994
vt 0.910231 0.961100
vt 0.339867 0.847248
vt 0.332820 0.866217
vt 0.740168 0.057670
vt 0.588952 0.923052
vt 0.570302 0.920945
vt 0.585140 0.909703
vt 0.301979 0.960053
vt 0.288396 0.969208
vt 0.288396 0.944178
vt 0.962603 0.773644
vt 0.979834 0.799834
vt 0.962603 0.801886
vt 0.936284 0.773428
vt 0.954981 0.772892
vt 0.944844 0.789386
vt 0.717022 0.906101
vt 0.723601 0.924344
vt 0.703018 0.909762
vt 0.960270 0.739966
vt 0.946562 0.751487
vt 0.367394 0.961656
vt 0.985275 0.520874
vt 0.975696 0.505441
vt 0.989283 0.505441
vt 0.730316 0.022446
vt 0.716619 0.062121
vt 0.340436 0.868191
vt 0.352685 0.827962
vt 0.900764 0.995095
vt 0.889981 0.983107
vt 0.900764 0.974037
vt 0.720022 0.077568
vt 0.351968 0.870962
vt 0.359939 0.870949
vt 0.951379 0.806070
vt 0.962603 0.802409
vt 0.763574 0.654187
vt 0.750693 0.631041
vt 0.719357 0.897932
vt 0.735345 0.930232
vt 0.368976 0.977540
vt 0.978459 0.036993
vt 0.978459 0.000000
vt 0.991371 0.009331
vt 0.709214 -0.000000
vt 0.700542 0.015980
vt 0.295080 0.987456
vt 0.706687 0.035577
vt 0.737158 0.911902
vt 0.542071 0.926112
vt 0.989690 0.024444
vt 0.719083 0.939097
vt 0.688402 0.018113
vt 0.755070 0.661515
vt 0.379256 0.536616
vt 0.940043 0.941417
vt 0.938223 0.926105
vt 0.959395 0.973424
vt 0.360399 0.467717
vt 0.328297 0.481990
vt 0.304928 0.450322
vt 0.322661 0.462328
vt 0.950321 0.920909
vt 0.962811 0.949696
vt 0.701393 0.054754
vt 0.691051 0.030461
vt 0.721886 0.050078
vt 0.938223 0.957136
vt 0.366154 0.530127
vt 0.530875 0.962188
vt 0.343152 0.464148
vt 0.551568 0.954306
vt 0.985353 0.953260
vt 0.992384 0.977535
vt 0.980178 0.968061
vt 0.985980 0.401459
vt 0.000000 0.920300
vt 0.744908 0.899279
vt 0.558452 0.943158
vt 0.932758 0.806070
vt 0.233698 0.984983
vt 0.240647 0.978129
vt 0.240647 0.994528
vt 0.403701 0.398865
vt 0.541763 0.963683
vt 0.547494 0.978750
vt 0.530875 0.988068
vt 0.683066 0.080134
vt 0.669389 0.096810
vt 0.657391 0.074706
vt 0.626292 0.084171
vt 0.369225 0.386036
vt 0.360533 0.367421
vt 0.375646 0.369548
vt 0.095014 0.980909
vt 0.092437 0.962710
vt 0.107435 0.968074
vt 0.107435 0.990173
vt 0.405860 0.423300
vt 0.406503 0.410100
vt 0.420738 0.428772
vt 0.361045 0.352826
vt 0.377026 0.363799
vt 0.399057 0.379741
vt 0.402921 0.456071
vt 0.130005 0.887067
vt 0.530875 0.962188
vt 0.372697 0.350968
vt 0.384984 0.337794
vt 0.386206 0.360820
vt 0.155316 0.894909
vt 0.739334 0.099599
vt 0.728125 0.082849
vt 0.746956 0.088425
vt 0.855622 0.850847
vt 0.853015 0.828259
vt 0.863229 0.844281
vt 0.660321 0.104618
vt 0.695708 0.119639
vt 0.689345 0.103653
vt 0.716441 0.106018
vt 0.391131 0.326494
vt 0.398431 0.343401
vt 0.597060 0.923925
vt 0.599354 0.941331
vt 0.699262 0.068356
vt 0.398431 0.360115
vt 0.826100 0.994371
vt 0.826100 0.974963
vt 0.835220 0.982437
vt 0.713689 0.124739
vt 0.614452 0.097088
vt 0.768660 0.721492
vt 0.771752 0.698388
vt 0.778420 0.714343
vt 0.777601 0.742057
vt 0.655855 0.114844
vt 0.633804 0.120043
vt 0.388731 0.382080
vt 0.373426 0.407106
vt 0.351315 0.408668
vt 0.354718 0.393056
vt 0.376017 0.458151
vt 0.602321 0.896837
vt 0.910015 0.842713
vt 0.926421 0.853027
vt 0.840921 0.688026
vt 0.841353 0.707745
vt 0.829618 0.699751
vt 0.900897 0.861500
vt 0.918523 0.859936
vt 0.709629 0.083269
vt 0.589128 0.946472
vt 0.906939 0.925981
vt 0.905102 0.886090
vt 0.920262 0.906353
vt 0.401271 0.429784
vt 0.413815 0.443732
vt 0.387019 0.446322
vt 0.850269 0.830380
vt 0.980178 0.987455
vt 0.386301 0.390299
vt 0.738046 0.119341
vt 0.846854 0.806070
vt 0.360724 0.455911
vt 0.407913 0.353357
vt 0.437927 0.955766
vt 0.123854 0.987732
vt 0.801163 0.699376
vt 0.800736 0.715032
vt 0.448593 0.965756
vt 0.728825 0.109787
vt 0.374818 0.944626
vt 0.394377 0.943721
vt 0.368976 0.954222
vt 0.394377 0.973206
vt 0.175394 0.908866
vt 0.178863 0.895991
vt 0.178863 0.910716
vt 0.248479 0.978129
vt 0.248479 0.996132
vt 0.242153 0.990535
vt 0.763574 0.687717
vt 0.780117 0.685800
vt 0.408676 0.417400
vt 0.804022 0.730004
vt 0.938223 0.869397
vt 0.403354 0.402120
vt 0.354765 0.341031
vt 0.177092 0.919692
vt 0.819264 0.728804
vt 0.852333 0.856541
vt 0.370777 0.430016
vt 0.388440 0.433063
vt 0.602321 0.953345
vt 0.929259 0.881613
vt 0.586653 0.961560
vt 0.872044 0.871729
vt 0.863335 0.876008
vt 0.414377 0.477581
vt 0.420200 0.422437
vt 0.882833 0.889909
vt 0.878711 0.912322
vt 0.866415 0.894928
vt 0.662495 0.910988
vt 0.663880 0.901388
vt 0.685042 0.899528
vt 0.575543 0.068270
vt 0.577045 0.054432
vt 0.585513 0.066073
vt 0.868441 0.915760
vt 0.395862 0.497203
vt 0.418440 0.507688
vt 0.397537 0.515776
vt 0.437417 0.461450
vt 0.442258 0.458235
vt 0.448814 0.478918
vt 0.682105 0.915524
vt 0.413955 0.440659
vt 0.695151 0.908324
vt 0.690324 0.922411
vt 0.969770 0.218738
vt 0.950903 0.218216
vt 0.970234 0.202857
vt 0.854054 0.881362
vt 0.832291 0.800075
vt 0.810521 0.810171
vt 0.816308 0.794600
vt 0.968169 0.228654
vt 0.660049 0.934150
vt 0.846010 0.824978
vt 0.831208 0.814565
vt 0.846853 0.800598
vt 0.900897 0.863142
vt 0.426466 0.475422
vt 0.436372 0.500526
vt 0.790005 0.808563
vt 0.695644 0.889948
vt 0.671093 0.897813
vt 0.670881 0.874940
vt 0.682436 0.884723
vt 0.667649 0.890030
vt 0.415040 0.461112
vt 0.392911 0.468563
vt 0.398112 0.465706
vt 0.657433 0.880162
vt 0.779343 0.794201
vt 0.763574 0.787520
vt 0.771487 0.777860
vt 0.428788 0.452639
vt 0.682879 0.873076
vt 0.434174 0.443791
vt 0.664998 0.871225
vt 0.393031 0.453438
vt 0.403966 0.470461
vt 0.653696 0.863336
vt 0.813502 0.761003
vt 0.642075 0.909945
vt 0.636238 0.919692
vt 0.792057 0.762178
vt 0.781718 0.758116
vt 0.976949 0.232085
vt 0.968618 0.245312
vt 0.607679 0.079660
vt 0.636238 0.873360
vt 0.869292 0.910151
vt 0.975362 0.257197
vt 0.950903 0.246063
vt 0.609914 0.110741
vt 0.787864 0.784391
vt 0.790575 0.821863
vt 0.772552 0.822720
vt 0.600543 0.124797
vt 0.580977 0.113904
vt 0.574414 0.094000
vt 0.856514 0.897112
vt 0.811186 0.775788
vt 0.423102 0.533326
vt 0.771397 0.799585
vt 0.574768 0.077607
vt 0.649924 0.883226
vt 0.846854 0.877558
vt 0.851989 0.861336
vt 0.962868 0.268110
vt 0.975225 0.264365
vt 0.402852 0.533574
vt 0.433646 0.438425
vt 0.865910 0.915798
vt 0.382375 0.475978
vt 0.384346 0.501242
vt 0.386916 0.523848
vt 0.570302 0.119279
vt 0.179090 0.939682
vt 0.179090 0.960699
vt 0.175394 0.955493
vt 0.391809 0.478300
vt 0.403726 0.324983
vt 0.420108 0.317148
vt 0.989122 0.661547
vt 0.975469 0.661547
vt 0.982204 0.637417
vt 0.431989 0.293603
vt 0.389224 0.300871
vt 0.303407 0.771562
vt 0.293971 0.788253
vt 0.288832 0.763328
vt 0.400933 0.307004
vt 0.411221 0.284904
vt 0.303407 0.734874
vt 0.124930 0.777424
vt 0.360984 0.921096
vt 0.348324 0.929320
vt 0.344962 0.905966
vt 0.876712 0.798527
vt 0.853284 0.785827
vt 0.765492 0.871722
vt 0.783842 0.867785
vt 0.763574 0.886480
vt 0.772194 0.886379
vt 0.629988 0.360867
vt 0.620206 0.356332
vt 0.631856 0.343657
vt 0.667340 0.387823
vt 0.671180 0.396080
vt 0.641599 0.389434
vt 0.143426 0.777970
vt 0.397770 0.901976
vt 0.389184 0.915399
vt 0.382951 0.901247
vt 0.812858 0.925760
vt 0.797122 0.906753
vt 0.810632 0.904163
vt 0.992028 0.685408
vt 0.979705 0.697437
vt 0.979705 0.661965
vt 0.693451 0.380371
vt 0.699476 0.396675
vt 0.623707 0.373913
vt 0.794300 0.927738
vt 0.983187 0.162106
vt 0.983187 0.110720
vt 0.990714 0.135108
vt 0.389319 0.887826
vt 0.374050 0.890600
vt 0.812858 0.830834
vt 0.792502 0.843634
vt 0.753072 0.802398
vt 0.755525 0.825195
vt 0.743601 0.804228
vt 0.607425 0.348199
vt 0.887916 0.797963
vt 0.570302 0.717785
vt 0.568281 0.693503
vt 0.570302 0.690635
vt 0.365014 0.907786
vt 0.105494 0.826162
vt 0.111320 0.800896
vt 0.136203 0.799051
vt 0.693123 0.365229
vt 0.680468 0.353909
vt 0.698651 0.351360
vt 0.389765 0.929631
vt 0.609212 0.362572
vt 0.129771 0.817934
vt 0.615968 0.385800
vt 0.794855 0.824978
vt 0.110104 0.781163
vt 0.356049 0.896032
vt 0.597406 0.333696
vt 0.614489 0.323190
vt 0.617233 0.337098
vt 0.797455 0.938732
vt 0.729572 0.820931
vt 0.712088 0.358320
vt 0.595363 0.366923
vt 0.667979 0.367610
vt 0.659505 0.351551
vt 0.304928 0.966697
vt 0.320206 0.966697
vt 0.309855 0.987953
vt 0.094225 0.806589
vt 0.364223 0.943721
vt 0.720496 0.804102
vt 0.344962 0.943506
vt 0.070751 0.936669
vt 0.070751 0.920300
vt 0.091765 0.933835
vt 0.092437 0.819274
vt 0.713535 0.833968
vt 0.731338 0.849219
vt 0.785384 0.878053
vt 0.804050 0.892376
vt 0.783083 0.897635
vt 0.434352 0.168478
vt 0.635440 0.343047
vt 0.703018 0.822163
vt 0.462205 0.130110
vt 0.439803 0.142694
vt 0.713083 0.392790
vt 0.224161 0.952484
vt 0.248479 0.959757
vt 0.224161 0.978129
vt 0.703018 0.853730
vt 0.703480 0.801989
vt 0.127199 0.962662
vt 0.141114 0.976208
vt 0.127199 0.990492
vt 0.903238 0.777382
vt 0.592426 0.351452
vt 0.758556 0.841238
vt 0.714559 0.863783
vt 0.753257 0.862746
vt 0.727246 0.877461
vt 0.715269 0.877508
vt 0.857973 0.806070
vt 0.846854 0.797328
vt 0.732756 0.789521
vt 0.728156 0.772797
vt 0.741970 0.779223
vt 0.708516 0.773614
vt 0.716688 0.743297
vt 0.734217 0.757514
vt 0.704567 0.407545
vt 0.739770 0.751197
vt 0.740070 0.775466
vt 0.179749 0.868809
vt 0.175394 0.854250
vt 0.179749 0.848520
vt 0.430374 0.996323
vt 0.430374 0.961022
vt 0.437620 0.974340
vt 0.850628 0.775325
vt 0.710104 0.740174
vt 0.732543 0.739030
vt 0.083795 0.967500
vt 0.483021 0.116268
s 0
usemtl Material
f 111/1/1 57/2/1 802/3/1
f 59/4/2 24/5/2 12/6/2
f 54/7/3 24/5/3 59/4/3
f 17/8/4 29/9/4 26/10/4
f 14/11/5 30/12/5 19/13/5
f 47/14/6 64/15/6 11/16/6
f 18/17/7 30/12/7 14/11/7
f 769/18/8 14/11/8 25/19/8
f 20/20/9 11/21/9 15/22/9
f 45/23/10 17/8/10 15/24/10
f 14/11/11 19/13/11 31/25/11
f 13/26/12 20/20/12 15/22/12
f 15/22/13 17/27/13 38/28/13
f 17/8/14 16/29/14 29/9/14
f 19/13/15 37/30/15 31/25/15
f 13/26/16 23/31/16 20/20/16
f 23/31/17 18/17/17 22/32/17
f 50/33/18 76/34/18 158/35/18
f 784/36/19 11/16/19 20/37/19
f 15/22/20 11/21/20 45/38/20
f 25/19/21 14/11/21 31/25/21
f 65/39/22 29/9/22 16/29/22
f 12/6/23 40/40/23 58/41/23
f 22/32/24 14/11/24 769/18/24
f 22/32/25 18/17/25 14/11/25
f 17/27/26 26/42/26 38/28/26
f 29/43/27 33/44/27 26/42/27
f 24/5/28 43/45/28 40/40/28
f 43/45/29 24/5/29 54/7/29
f 11/16/30 784/36/30 47/14/30
f 42/46/31 58/41/31 40/40/31
f 58/47/32 28/48/32 12/49/32
f 46/50/33 40/40/33 43/45/33
f 46/50/34 42/46/34 40/40/34
f 40/40/35 12/6/35 24/5/35
f 33/44/36 61/51/36 26/42/36
f 28/52/37 58/53/37 27/54/37
f 32/55/38 38/56/38 34/57/38
f 17/8/39 45/23/39 16/29/39
f 58/58/40 61/59/40 33/60/40
f 55/61/41 60/62/41 806/63/41
f 43/45/42 54/7/42 44/64/42
f 38/28/43 26/42/43 61/51/43
f 31/65/44 809/66/44 25/67/44
f 13/26/45 34/68/45 18/17/45
f 39/69/46 27/70/46 33/71/46
f 32/72/47 34/73/47 13/74/47
f 15/22/48 32/75/48 13/26/48
f 33/71/49 29/9/49 35/76/49
f 809/77/50 31/25/50 55/78/50
f 30/12/51 43/45/51 19/13/51
f 37/30/52 62/79/52 31/25/52
f 19/13/53 43/45/53 53/80/53
f 34/81/54 38/82/54 36/83/54
f 32/75/55 15/22/55 38/28/55
f 35/76/56 120/84/56 33/71/56
f 36/85/57 42/46/57 34/68/57
f 34/68/58 42/46/58 46/50/58
f 35/76/59 29/9/59 65/39/59
f 36/83/60 38/82/60 42/86/60
f 23/31/61 13/26/61 18/17/61
f 37/30/62 19/13/62 41/87/62
f 59/4/63 56/88/63 44/64/63
f 56/88/64 155/89/64 44/64/64
f 46/50/65 43/45/65 30/12/65
f 49/90/66 48/91/66 53/80/66
f 50/33/67 155/89/67 56/88/67
f 1/92/68 37/30/68 41/87/68
f 43/45/69 44/64/69 49/90/69
f 64/15/70 47/14/70 52/93/70
f 53/80/71 43/45/71 49/90/71
f 76/34/72 50/33/72 56/88/72
f 49/90/73 156/94/73 48/91/73
f 1/92/74 195/95/74 37/30/74
f 51/96/75 110/97/75 65/98/75
f 55/78/76 31/25/76 62/79/76
f 51/99/77 64/15/77 52/93/77
f 49/90/78 44/64/78 155/89/78
f 41/87/79 19/13/79 53/80/79
f 41/87/80 53/80/80 48/91/80
f 47/100/81 57/101/81 52/102/81
f 52/103/82 89/104/82 51/96/82
f 41/87/83 48/91/83 148/105/83
f 68/106/84 59/4/84 12/6/84
f 1/92/85 41/87/85 148/105/85
f 62/79/86 140/107/86 55/78/86
f 60/62/87 55/61/87 140/108/87
f 44/64/88 54/7/88 59/4/88
f 61/59/89 58/58/89 42/86/89
f 156/94/90 49/90/90 155/89/90
f 33/109/91 27/54/91 58/53/91
f 62/79/92 37/30/92 140/107/92
f 42/86/93 38/82/93 61/59/93
f 33/71/94 120/84/94 39/69/94
f 802/3/95 57/2/95 47/110/95
f 37/30/96 195/95/96 140/107/96
f 46/50/97 30/12/97 18/17/97
f 34/68/98 46/50/98 18/17/98
f 64/111/99 45/38/99 11/21/99
f 16/29/100 63/112/100 21/113/100
f 21/113/101 65/39/101 16/29/101
f 65/98/102 63/114/102 51/96/102
f 63/112/103 16/29/103 45/23/103
f 63/112/104 45/23/104 64/115/104
f 63/114/105 64/116/105 51/96/105
f 21/117/106 63/114/106 65/98/106
f 68/106/107 56/88/107 59/4/107
f 127/118/108 66/119/108 97/120/108
f 123/121/109 77/122/109 73/123/109
f 95/124/110 87/125/110 72/126/110
f 79/127/111 56/88/111 68/106/111
f 79/127/112 76/34/112 56/88/112
f 80/128/113 129/129/113 88/130/113
f 227/131/114 124/132/114 72/126/114
f 101/133/115 108/134/115 68/135/115
f 88/136/116 69/137/116 105/138/116
f 108/134/117 79/139/117 68/135/117
f 75/140/118 90/141/118 110/97/118
f 88/136/119 105/138/119 80/142/119
f 109/143/120 93/144/120 73/123/120
f 74/145/121 98/146/121 87/125/121
f 80/128/122 81/147/122 129/129/122
f 77/122/123 109/143/123 73/123/123
f 81/148/124 504/149/124 107/150/124
f 79/127/125 240/151/125 76/34/125
f 82/152/126 106/153/126 120/154/126
f 100/155/127 82/156/127 120/157/127
f 125/158/128 85/159/128 106/153/128
f 94/160/129 123/161/129 128/162/129
f 91/163/130 129/129/130 84/164/130
f 115/165/131 90/141/131 91/166/131
f 95/124/132 85/159/132 74/145/132
f 846/167/133 94/168/133 128/169/133
f 78/170/134 97/171/134 75/140/134
f 87/172/135 84/173/135 86/174/135
f 121/175/136 114/176/136 85/177/136
f 69/178/137 93/144/137 105/179/137
f 98/146/138 115/180/138 91/163/138
f 108/134/139 240/181/139 79/139/139
f 88/182/140 75/140/140 97/171/140
f 89/183/141 52/184/141 96/185/141
f 81/147/142 80/128/142 83/186/142
f 512/187/143 83/188/143 80/189/143
f 80/128/144 105/179/144 512/190/144
f 90/141/145 88/182/145 91/166/145
f 129/129/146 107/191/146 84/164/146
f 86/192/147 84/164/147 107/191/147
f 75/193/148 88/194/148 90/195/148
f 125/158/149 82/152/149 115/180/149
f 828/196/150 94/168/150 846/167/150
f 95/124/151 121/197/151 85/159/151
f 127/198/152 96/199/152 104/200/152
f 125/158/153 115/180/153 98/146/153
f 78/170/154 110/97/154 92/201/154
f 128/169/155 118/202/155 66/119/155
f 118/202/156 128/169/156 123/121/156
f 81/148/157 107/150/157 129/203/157
f 94/168/158 828/196/158 99/204/158
f 87/125/159 95/124/159 74/145/159
f 116/205/160 88/130/160 97/120/160
f 57/101/161 96/206/161 52/102/161
f 125/158/162 74/145/162 85/159/162
f 35/76/163 100/207/163 120/84/163
f 98/146/164 74/145/164 125/158/164
f 35/76/165 110/208/165 100/207/165
f 121/175/166 232/209/166 114/176/166
f 28/48/167 68/135/167 12/49/167
f 104/200/168 57/2/168 111/1/168
f 103/210/169 105/211/169 93/212/169
f 109/213/170 103/210/170 93/212/170
f 99/204/171 119/214/171 94/168/171
f 87/172/172 86/174/172 102/215/172
f 57/2/173 104/200/173 96/199/173
f 84/173/174 87/172/174 98/216/174
f 77/217/175 123/161/175 94/160/175
f 102/218/176 72/126/176 87/125/176
f 101/133/177 68/135/177 28/48/177
f 103/219/178 117/220/178 105/179/178
f 78/170/179 75/140/179 110/97/179
f 98/216/180 91/221/180 84/173/180
f 94/168/181 119/214/181 77/122/181
f 118/202/182 116/205/182 97/120/182
f 85/177/183 114/176/183 112/222/183
f 114/176/184 108/223/184 112/222/184
f 73/123/185 116/205/185 118/202/185
f 69/137/186 88/136/186 116/224/186
f 112/222/187 106/225/187 85/177/187
f 113/226/188 109/143/188 77/122/188
f 110/97/189 90/141/189 100/155/189
f 77/122/190 119/214/190 113/226/190
f 115/165/191 82/156/191 100/155/191
f 501/227/192 113/226/192 119/214/192
f 116/205/193 93/144/193 69/178/193
f 105/179/194 496/228/194 512/190/194
f 112/222/195 108/223/195 101/229/195
f 90/141/196 115/165/196 100/155/196
f 500/230/197 83/188/197 512/187/197
f 111/231/198 71/232/198 104/233/198
f 86/174/199 70/234/199 102/215/199
f 86/174/200 126/235/200 70/234/200
f 117/220/201 496/228/201 105/179/201
f 66/119/202 118/202/202 97/120/202
f 110/97/203 51/96/203 92/201/203
f 107/191/204 126/236/204 86/192/204
f 99/237/205 122/238/205 119/239/205
f 92/201/206 51/96/206 89/104/206
f 89/240/207 96/241/207 92/242/207
f 120/243/208 106/225/208 39/244/208
f 35/245/209 65/98/209 110/97/209
f 121/197/210 95/124/210 72/126/210
f 71/232/211 830/246/211 67/247/211
f 103/210/212 109/213/212 113/248/212
f 102/218/213 70/249/213 72/126/213
f 71/232/214 66/119/214 104/233/214
f 501/227/215 119/214/215 122/250/215
f 101/251/216 28/52/216 27/54/216
f 39/69/217 101/252/217 27/70/217
f 78/253/218 92/242/218 96/241/218
f 72/126/219 70/249/219 242/254/219
f 96/241/220 127/118/220 78/253/220
f 113/226/221 501/227/221 117/220/221
f 72/255/222 124/256/222 121/175/222
f 117/220/223 103/219/223 113/226/223
f 127/118/224 97/120/224 78/253/224
f 101/229/225 39/244/225 112/222/225
f 128/169/226 66/119/226 71/232/226
f 116/205/227 73/123/227 93/144/227
f 124/256/228 232/209/228 121/175/228
f 39/244/229 106/225/229 112/222/229
f 123/121/230 73/123/230 118/202/230
f 846/167/231 128/169/231 71/232/231
f 82/152/232 125/158/232 106/153/232
f 126/236/233 107/191/233 504/257/233
f 66/258/234 127/198/234 104/200/234
f 88/182/235 129/259/235 91/166/235
f 846/167/236 71/232/236 67/247/236
f 165/260/237 181/261/237 179/262/237
f 179/263/238 154/264/238 165/265/238
f 160/266/239 173/267/239 195/268/239
f 168/269/240 197/270/240 218/271/240
f 131/272/241 146/273/241 178/274/241
f 173/267/242 160/266/242 193/275/242
f 135/276/243 163/277/243 184/278/243
f 218/271/244 200/279/244 168/269/244
f 134/280/245 158/35/245 2/281/245
f 173/282/246 149/283/246 195/95/246
f 198/284/247 168/285/247 200/286/247
f 131/287/248 142/288/248 161/289/248
f 139/290/249 142/291/249 137/292/249
f 137/292/250 184/278/250 163/277/250
f 139/290/251 191/293/251 133/294/251
f 223/295/252 218/271/252 188/296/252
f 138/297/253 172/298/253 135/276/253
f 137/292/254 163/277/254 139/290/254
f 149/283/255 136/299/255 195/95/255
f 133/294/256 144/300/256 139/290/256
f 133/294/257 268/301/257 144/300/257
f 132/302/258 130/303/258 141/304/258
f 141/305/259 130/306/259 145/307/259
f 144/308/260 164/309/260 142/310/260
f 140/107/261 195/95/261 136/299/261
f 231/311/262 134/280/262 2/281/262
f 161/312/263 142/313/263 164/314/263
f 184/278/264 138/297/264 135/276/264
f 268/301/265 177/315/265 144/300/265
f 143/316/266 134/280/266 231/311/266
f 140/108/267 136/317/267 896/318/267
f 158/35/268 147/319/268 50/33/268
f 158/35/269 134/280/269 147/319/269
f 185/320/270 143/321/270 248/322/270
f 139/290/271 144/300/271 142/291/271
f 147/319/272 155/89/272 50/33/272
f 148/105/273 48/91/273 156/94/273
f 177/323/274 151/324/274 164/309/274
f 136/317/275 153/325/275 896/318/275
f 145/307/276 146/326/276 187/327/276
f 136/299/277 149/283/277 900/328/277
f 148/105/278 156/94/278 152/329/278
f 187/327/279 146/326/279 150/330/279
f 131/272/280 161/331/280 146/273/280
f 268/301/281 204/332/281 177/315/281
f 214/333/282 177/315/282 204/332/282
f 182/334/283 164/314/283 151/335/283
f 192/336/284 149/283/284 173/282/284
f 166/337/285 148/105/285 152/329/285
f 147/319/286 134/280/286 143/316/286
f 151/324/287 177/323/287 182/338/287
f 214/333/288 182/339/288 177/315/288
f 130/306/289 146/326/289 145/307/289
f 903/340/290 145/307/290 187/327/290
f 900/341/291 153/325/291 136/317/291
f 152/329/292 176/342/292 190/343/292
f 190/343/293 175/344/293 152/329/293
f 189/345/294 169/346/294 172/298/294
f 146/326/295 161/347/295 159/348/295
f 175/344/296 166/337/296 152/329/296
f 152/349/297 179/262/297 176/350/297
f 187/327/298 150/330/298 170/351/298
f 197/270/299 159/348/299 161/347/299
f 147/319/300 156/94/300 155/89/300
f 169/346/301 135/276/301 172/298/301
f 143/316/302 154/264/302 147/319/302
f 163/277/303 135/276/303 169/346/303
f 166/337/304 1/92/304 148/105/304
f 146/352/305 159/353/305 150/354/305
f 141/305/306 145/307/306 903/340/306
f 179/263/307 156/94/307 147/319/307
f 152/329/308 156/94/308 179/263/308
f 193/275/309 160/266/309 162/355/309
f 180/356/310 167/357/310 162/358/310
f 150/354/311 159/353/311 168/285/311
f 154/264/312 179/263/312 147/319/312
f 1/92/313 166/337/313 157/359/313
f 168/285/314 174/360/314 150/354/314
f 180/356/315 166/337/315 178/361/315
f 169/346/316 189/345/316 194/362/316
f 175/344/317 178/361/317 166/337/317
f 164/314/318 171/363/318 161/312/318
f 197/364/319 161/365/319 171/366/319
f 183/367/320 162/358/320 167/357/320
f 183/367/321 167/357/321 132/368/321
f 154/369/322 143/321/322 185/320/322
f 175/344/323 184/278/323 178/361/323
f 163/277/324 169/346/324 236/370/324
f 163/277/325 236/370/325 191/293/325
f 150/330/326 174/371/326 170/351/326
f 169/346/327 194/362/327 236/370/327
f 186/372/328 165/265/328 154/264/328
f 166/337/329 180/356/329 157/359/329
f 164/309/330 144/308/330 177/323/330
f 172/373/331 181/374/331 165/375/331
f 178/361/332 184/278/332 137/292/332
f 132/302/333 167/376/333 130/303/333
f 176/342/334 181/377/334 190/343/334
f 198/284/335 174/360/335 168/285/335
f 160/378/336 157/359/336 180/356/336
f 186/372/337 189/345/337 165/265/337
f 180/356/338 162/358/338 160/378/338
f 179/262/339 181/261/339 176/350/339
f 171/363/340 164/314/340 182/334/340
f 182/379/341 188/380/341 171/381/341
f 163/277/342 191/293/342 139/290/342
f 187/327/343 170/351/343 924/382/343
f 924/382/344 170/351/344 933/383/344
f 192/384/345 162/355/345 183/385/345
f 193/275/346 162/355/346 192/384/346
f 172/373/347 190/386/347 181/374/347
f 186/372/348 154/264/348 185/387/348
f 174/388/349 933/389/349 170/390/349
f 138/391/350 190/386/350 172/373/350
f 180/356/351 178/361/351 167/357/351
f 192/336/352 173/282/352 193/392/352
f 197/364/353 171/366/353 188/393/353
f 130/306/354 178/361/354 146/326/354
f 175/394/355 190/386/355 138/391/355
f 159/348/356 197/270/356 168/269/356
f 178/361/357 137/292/357 131/395/357
f 196/396/358 933/383/358 174/371/358
f 130/306/359 167/357/359 178/361/359
f 175/344/360 138/297/360 184/278/360
f 196/396/361 174/371/361 217/397/361
f 188/296/362 218/271/362 197/270/362
f 131/395/363 137/292/363 142/291/363
f 189/345/364 172/298/364 165/265/364
f 195/95/365 1/92/365 157/359/365
f 195/95/366 157/359/366 160/378/366
f 207/398/367 202/399/367 199/400/367
f 297/401/368 221/402/368 285/403/368
f 223/404/369 199/405/369 200/406/369
f 198/407/370 217/397/370 174/371/370
f 282/408/371 207/398/371 201/409/371
f 217/397/372 198/407/372 206/410/372
f 182/339/373 214/333/373 201/409/373
f 205/411/374 202/412/374 220/413/374
f 209/414/375 188/296/375 182/339/375
f 199/415/376 198/284/376 200/286/376
f 209/414/377 182/339/377 201/409/377
f 206/410/378 198/407/378 199/400/378
f 204/332/379 268/301/379 287/416/379
f 204/332/380 287/416/380 214/333/380
f 213/417/381 224/418/381 221/402/381
f 282/408/382 283/419/382 207/398/382
f 210/420/383 208/421/383 205/422/383
f 211/423/384 216/424/384 215/425/384
f 297/401/385 213/417/385 221/402/385
f 283/419/386 220/426/386 207/398/386
f 222/427/387 224/418/387 213/417/387
f 285/403/388 220/426/388 283/419/388
f 205/422/389 220/426/389 221/402/389
f 205/422/390 221/402/390 224/418/390
f 209/414/391 201/409/391 212/428/391
f 297/401/392 215/425/392 213/417/392
f 202/399/393 207/398/393 220/426/393
f 210/420/394 205/422/394 224/418/394
f 222/427/395 213/417/395 216/424/395
f 216/424/396 213/417/396 215/425/396
f 188/296/397 209/414/397 212/428/397
f 223/295/398 188/296/398 212/428/398
f 203/429/399 216/424/399 211/423/399
f 210/430/400 206/431/400 208/432/400
f 219/433/401 224/418/401 222/427/401
f 212/428/402 201/409/402 207/398/402
f 942/434/403 206/410/403 210/420/403
f 211/423/404 225/435/404 203/429/404
f 199/405/405 223/404/405 212/436/405
f 221/402/406 220/426/406 285/403/406
f 946/437/407 217/397/407 206/410/407
f 946/437/408 206/410/408 942/434/408
f 223/295/409 200/279/409 218/271/409
f 203/429/410 222/427/410 216/424/410
f 215/425/411 309/438/411 326/439/411
f 219/433/412 222/427/412 203/429/412
f 205/422/413 208/421/413 199/400/413
f 199/400/414 212/428/414 207/398/414
f 219/433/415 210/420/415 224/418/415
f 202/440/416 205/441/416 199/442/416
f 199/400/417 208/421/417 206/410/417
f 124/132/418 227/131/418 233/443/418
f 194/362/419 189/345/419 243/444/419
f 264/445/420 229/446/420 294/447/420
f 258/448/421 256/449/421 229/450/421
f 269/451/422 228/452/422 234/453/422
f 270/454/423 229/450/423 256/449/423
f 2/281/424 158/35/424 76/34/424
f 228/452/425 244/455/425 237/456/425
f 242/254/426 226/457/426 573/458/426
f 259/459/427 294/460/427 229/450/427
f 72/126/428 242/254/428 227/131/428
f 230/461/429 240/181/429 108/134/429
f 238/462/430 557/463/430 239/464/430
f 253/465/431 261/466/431 233/467/431
f 238/468/432 241/469/432 237/456/432
f 238/468/433 239/470/433 241/469/433
f 269/451/434 194/362/434 243/444/434
f 238/468/435 244/455/435 235/471/435
f 230/472/436 232/209/436 261/466/436
f 242/254/437 233/443/437 227/131/437
f 239/470/438 256/449/438 241/469/438
f 76/34/439 240/151/439 2/281/439
f 267/473/440 2/281/440 240/151/440
f 267/473/441 251/474/441 245/475/441
f 250/476/442 230/472/442 261/466/442
f 240/181/443 230/461/443 251/477/443
f 242/254/444 253/478/444 233/443/444
f 230/472/445 250/476/445 251/474/445
f 234/453/446 228/452/446 237/456/446
f 233/467/447 232/209/447 124/256/447
f 254/479/448 247/480/448 269/451/448
f 228/452/449 243/444/449 257/481/449
f 248/482/450 245/475/450 249/483/450
f 262/484/451 239/464/451 557/463/451
f 573/458/452 253/478/452 242/254/452
f 246/485/453 254/479/453 269/451/453
f 266/486/454 235/471/454 244/455/454
f 2/487/455 267/488/455 231/489/455
f 232/209/456 233/467/456 261/466/456
f 248/322/457 231/490/457 267/491/457
f 237/456/458 244/455/458 238/468/458
f 247/480/459 254/479/459 260/492/459
f 255/493/460 261/466/460 253/465/460
f 247/480/461 194/362/461 269/451/461
f 231/490/462 248/322/462 143/321/462
f 261/466/463 255/493/463 250/476/463
f 237/456/464 258/448/464 234/453/464
f 246/494/465 234/495/465 258/496/465
f 186/372/466 257/481/466 243/444/466
f 255/493/467 263/497/467 252/498/467
f 247/480/468 260/492/468 273/499/468
f 258/448/464 237/456/464 241/469/464
f 235/471/469 557/500/469 238/468/469
f 235/471/470 252/498/470 263/497/470
f 250/476/471 266/486/471 251/474/471
f 557/501/472 235/502/472 566/503/472
f 252/504/473 266/505/473 250/506/473
f 266/486/474 244/455/474 251/474/474
f 248/507/475 249/508/475 257/509/475
f 252/498/476 250/476/476 255/493/476
f 256/449/477 258/448/477 241/469/477
f 236/370/478 194/362/478 247/480/478
f 254/479/479 246/485/479 260/492/479
f 270/454/480 259/459/480 229/450/480
f 247/480/481 265/510/481 236/370/481
f 253/465/482 519/511/482 255/493/482
f 246/494/483 258/496/483 229/512/483
f 244/513/484 249/514/484 245/515/484
f 229/450/485 264/516/485 260/492/485
f 256/449/486 239/470/486 262/517/486
f 245/475/487 251/474/487 244/455/487
f 229/450/488 260/492/488 246/485/488
f 273/499/489 265/510/489 247/480/489
f 240/151/490 251/474/490 267/473/490
f 257/481/491 249/483/491 244/455/491
f 584/518/492 256/449/492 262/517/492
f 256/449/493 584/518/493 270/454/493
f 257/481/494 186/372/494 185/387/494
f 530/519/495 263/497/495 255/493/495
f 566/520/496 235/471/496 263/497/496
f 236/370/497 133/294/497 191/293/497
f 244/455/498 228/452/498 257/481/498
f 268/301/499 133/294/499 265/510/499
f 185/387/500 248/482/500 257/481/500
f 235/521/501 266/505/501 252/504/501
f 265/510/502 133/294/502 236/370/502
f 267/473/503 245/475/503 248/482/503
f 186/372/504 243/444/504 189/345/504
f 246/485/505 269/451/505 234/453/505
f 228/522/506 269/523/506 243/524/506
f 226/457/507 242/254/507 70/249/507
f 265/510/508 287/416/508 268/301/508
f 70/234/509 126/235/509 226/525/509
f 226/525/510 126/235/510 547/526/510
f 230/461/511 108/134/511 114/527/511
f 230/472/512 114/176/512 232/209/512
f 283/419/513 282/408/513 286/528/513
f 272/529/514 290/530/514 306/531/514
f 308/532/515 393/533/515 310/534/515
f 626/535/516 290/536/516 272/537/516
f 299/538/517 305/539/517 276/540/517
f 271/541/518 277/542/518 303/543/518
f 279/544/519 277/542/519 271/541/519
f 302/545/520 280/546/520 278/547/520
f 273/499/521 303/543/521 274/548/521
f 278/549/522 280/550/522 275/551/522
f 276/540/523 284/552/523 286/528/523
f 279/544/524 281/553/524 277/542/524
f 307/554/525 308/532/525 310/534/525
f 640/555/526 391/556/526 300/557/526
f 305/539/527 311/558/527 277/542/527
f 260/492/528 303/543/528 273/499/528
f 304/559/529 289/560/529 386/561/529
f 281/553/530 305/539/530 277/542/530
f 386/561/531 385/562/531 304/559/531
f 286/528/532 280/546/532 276/540/532
f 282/408/533 280/546/533 286/528/533
f 311/563/534 305/564/534 299/565/534
f 285/403/535 283/419/535 298/566/535
f 298/566/536 283/419/536 286/528/536
f 281/553/537 288/567/537 305/539/537
f 588/568/538 259/459/538 270/454/538
f 304/559/539 309/438/539 284/552/539
f 288/567/540 296/569/540 307/554/540
f 294/460/541 259/459/541 588/568/541
f 293/570/542 296/569/542 288/567/542
f 588/568/543 292/571/543 294/460/543
f 265/510/544 273/499/544 287/416/544
f 291/572/545 274/548/545 277/542/545
f 307/554/546 301/573/546 288/567/546
f 306/574/547 288/567/547 281/553/547
f 310/534/548 386/561/548 289/560/548
f 287/416/549 273/499/549 274/548/549
f 285/403/550 298/566/550 297/401/550
f 293/575/551 306/576/551 290/577/551
f 288/567/552 306/574/552 293/570/552
f 611/578/553 292/571/553 588/568/553
f 297/401/554 298/566/554 284/552/554
f 274/548/555 303/543/555 277/542/555
f 274/579/556 291/580/556 287/581/556
f 307/554/557 296/569/557 300/582/557
f 291/572/558 277/542/558 302/545/558
f 626/535/559 293/570/559 290/536/559
f 275/583/560 287/416/560 302/545/560
f 295/584/561 303/543/561 264/516/561
f 260/492/562 264/516/562 303/543/562
f 291/572/563 302/545/563 287/416/563
f 309/438/564 304/559/564 385/562/564
f 632/585/565 300/557/565 296/586/565
f 284/552/566 298/566/566 286/528/566
f 301/573/567 289/560/567 276/540/567
f 300/582/568 308/532/568 307/554/568
f 275/583/569 214/333/569 287/416/569
f 299/538/570 280/546/570 302/545/570
f 280/546/571 299/538/571 276/540/571
f 289/560/572 284/552/572 276/540/572
f 215/425/573 284/552/573 309/438/573
f 306/574/574 281/553/574 279/544/574
f 289/560/575 304/559/575 284/552/575
f 288/587/576 301/588/576 305/589/576
f 201/409/577 214/333/577 275/583/577
f 294/447/578 295/590/578 264/445/578
f 278/547/579 275/583/579 302/545/579
f 301/573/580 276/540/580 305/539/580
f 297/401/581 284/552/581 215/425/581
f 272/537/582 279/544/582 292/571/582
f 302/545/583 277/542/583 311/558/583
f 294/447/584 292/591/584 295/590/584
f 272/537/585 292/571/585 611/578/585
f 307/554/586 310/534/586 301/573/586
f 303/543/587 295/584/587 271/541/587
f 280/546/588 201/409/588 275/583/588
f 201/409/589 280/546/589 282/408/589
f 279/544/590 272/537/590 306/574/590
f 310/534/591 289/560/591 301/573/591
f 279/544/592 271/541/592 295/584/592
f 292/571/593 279/544/593 295/584/593
f 311/563/594 299/565/594 302/592/594
f 316/593/595 312/594/595 326/439/595
f 328/595/596 1064/596/596 329/597/596
f 324/598/597 314/599/597 327/600/597
f 312/594/598 1053/601/598 225/435/598
f 316/593/599 332/602/599 330/603/599
f 328/595/600 329/597/600 321/604/600
f 323/605/601 322/606/601 378/607/601
f 316/593/602 326/439/602 332/602/602
f 379/608/603 378/607/603 322/606/603
f 3/609/604 315/610/604 330/603/604
f 378/607/605 372/611/605 331/612/605
f 3/609/606 325/613/606 315/610/606
f 324/598/607 396/614/607 314/599/607
f 319/615/608 325/613/608 363/616/608
f 323/605/609 378/607/609 331/612/609
f 3/609/610 330/603/610 317/617/610
f 318/618/611 316/593/611 1064/596/611
f 314/599/612 320/619/612 317/617/612
f 324/598/613 327/600/613 384/620/613
f 330/603/614 323/605/614 327/600/614
f 319/615/615 321/604/615 315/610/615
f 318/618/616 312/594/616 316/593/616
f 327/621/617 317/622/617 330/623/617
f 367/624/618 325/613/618 3/609/618
f 328/595/619 321/604/619 319/615/619
f 332/602/620 322/606/620 323/605/620
f 1055/625/621 312/594/621 318/618/621
f 326/439/622 322/606/622 332/602/622
f 329/597/623 330/603/623 313/626/623
f 319/615/624 315/610/624 325/613/624
f 211/423/625 215/425/625 326/439/625
f 328/595/626 319/615/626 338/627/626
f 329/597/627 316/593/627 330/603/627
f 312/594/628 211/423/628 326/439/628
f 313/626/629 330/603/629 315/610/629
f 1053/601/630 312/594/630 1055/625/630
f 326/439/631 309/438/631 322/606/631
f 313/626/632 315/610/632 321/604/632
f 331/612/633 327/600/633 323/605/633
f 1064/596/634 316/593/634 329/597/634
f 321/604/635 329/597/635 313/626/635
f 312/594/636 225/435/636 211/423/636
f 332/602/637 323/605/637 330/603/637
f 317/617/638 320/619/638 3/609/638
f 384/620/639 327/600/639 331/612/639
f 327/600/640 314/599/640 317/617/640
f 442/628/641 350/629/641 333/630/641
f 338/627/642 319/615/642 363/616/642
f 334/631/643 442/628/643 333/630/643
f 353/632/644 339/633/644 350/634/644
f 344/635/645 367/624/645 343/636/645
f 325/613/646 340/637/646 363/616/646
f 333/630/647 336/638/647 334/631/647
f 320/619/648 314/599/648 343/636/648
f 1073/639/649 334/640/649 336/641/649
f 338/627/650 363/616/650 337/642/650
f 346/643/651 353/632/651 350/634/651
f 350/634/652 349/644/652 346/643/652
f 365/645/653 335/646/653 408/647/653
f 361/648/654 418/649/654 342/650/654
f 367/624/655 344/635/655 341/651/655
f 339/652/656 358/653/656 356/654/656
f 357/655/657 340/637/657 367/624/657
f 348/656/658 334/657/658 1073/658/658
f 1186/659/659 348/660/659 1073/639/659
f 335/646/660 403/661/660 408/647/660
f 348/656/661 347/662/661 334/657/661
f 351/663/662 342/650/662 400/664/662
f 364/665/663 365/645/663 408/647/663
f 342/650/664 355/666/664 341/651/664
f 337/642/665 353/632/665 352/667/665
f 341/651/666 358/668/666 357/655/666
f 440/669/667 364/665/667 408/647/667
f 357/655/668 367/624/668 341/651/668
f 358/668/669 341/651/669 355/666/669
f 356/654/670 358/653/670 365/645/670
f 400/664/671 342/650/671 418/649/671
f 338/627/672 337/642/672 352/667/672
f 342/650/673 341/651/673 344/635/673
f 333/670/674 350/634/674 339/633/674
f 361/648/675 314/599/675 396/614/675
f 336/638/676 339/671/676 356/672/676
f 336/638/677 333/630/677 339/671/677
f 360/673/678 364/665/678 354/674/678
f 340/637/679 357/655/679 353/632/679
f 337/642/680 340/637/680 353/632/680
f 361/648/681 343/636/681 314/599/681
f 364/665/682 359/675/682 366/676/682
f 365/645/683 355/677/683 335/646/683
f 442/678/684 349/644/684 350/634/684
f 1077/679/685 362/680/685 366/681/685
f 1077/682/686 366/676/686 359/675/686
f 353/632/687 357/655/687 358/668/687
f 447/683/688 346/643/688 349/644/688
f 345/684/689 346/643/689 447/683/689
f 366/681/690 356/685/690 364/686/690
f 364/665/691 360/673/691 359/675/691
f 365/645/692 358/653/692 355/677/692
f 353/632/693 346/643/693 352/667/693
f 354/674/694 430/687/694 360/673/694
f 362/680/695 356/685/695 366/681/695
f 325/613/696 367/624/696 340/637/696
f 447/688/697 1091/689/697 345/690/697
f 336/641/698 356/654/698 362/691/698
f 359/675/699 360/673/699 1154/692/699
f 1097/693/700 359/675/700 1154/692/700
f 343/636/701 367/624/701 320/619/701
f 367/624/702 3/609/702 320/619/702
f 1154/692/703 360/673/703 430/687/703
f 345/684/704 352/667/704 346/643/704
f 354/674/705 364/665/705 440/669/705
f 361/648/706 417/694/706 418/649/706
f 365/645/707 364/665/707 356/654/707
f 361/648/708 344/635/708 343/636/708
f 344/635/709 361/648/709 342/650/709
f 342/650/710 335/695/710 355/666/710
f 342/650/711 351/663/711 335/695/711
f 335/695/712 351/663/712 413/696/712
f 353/632/713 358/668/713 339/633/713
f 363/616/714 340/637/714 337/642/714
f 1073/639/715 336/641/715 362/691/715
f 309/438/716 385/562/716 379/608/716
f 393/533/717 371/697/717 368/698/717
f 385/562/718 386/561/718 373/699/718
f 379/608/719 322/606/719 309/438/719
f 369/700/720 433/701/720 383/702/720
f 373/699/721 381/703/721 376/704/721
f 371/697/722 393/533/722 308/532/722
f 373/699/723 368/698/723 381/703/723
f 375/705/724 371/697/724 391/706/724
f 369/707/725 374/708/725 420/709/725
f 390/710/726 382/711/726 414/712/726
f 381/703/727 368/698/727 371/697/727
f 377/713/728 380/714/728 374/708/728
f 377/713/729 369/707/729 370/715/729
f 374/708/730 369/707/730 377/713/730
f 414/716/731 424/717/731 390/718/731
f 384/620/732 331/612/732 372/611/732
f 371/697/733 375/705/733 381/703/733
f 383/719/734 414/712/734 382/711/734
f 715/720/735 370/721/735 375/722/735
f 385/562/736 378/607/736 379/608/736
f 370/723/737 389/724/737 375/705/737
f 385/562/738 373/699/738 378/607/738
f 707/725/739 375/722/739 391/556/739
f 387/726/740 380/714/740 377/713/740
f 378/607/741 373/699/741 372/611/741
f 372/611/742 376/704/742 382/711/742
f 372/611/743 373/699/743 376/704/743
f 389/724/744 383/719/744 382/711/744
f 376/704/745 388/727/745 382/711/745
f 371/697/746 308/532/746 300/582/746
f 387/726/747 377/713/747 713/728/747
f 389/724/748 388/727/748 381/703/748
f 369/729/749 383/719/749 389/724/749
f 382/711/750 384/620/750 372/611/750
f 381/703/751 388/727/751 376/704/751
f 715/730/752 392/731/752 370/715/752
f 370/723/753 369/729/753 389/724/753
f 386/561/754 310/534/754 393/533/754
f 387/726/755 1117/732/755 380/714/755
f 391/556/756 371/733/756 300/557/756
f 375/705/757 389/724/757 381/703/757
f 390/710/758 396/614/758 324/598/758
f 389/724/759 382/711/759 388/727/759
f 377/713/760 370/715/760 713/728/760
f 390/710/761 324/598/761 384/620/761
f 368/698/762 373/699/762 386/561/762
f 383/719/763 433/734/763 414/712/763
f 368/698/764 386/561/764 393/533/764
f 370/715/765 392/731/765 713/728/765
f 390/710/766 384/620/766 382/711/766
f 707/725/767 715/720/767 375/722/767
f 361/648/768 395/735/768 417/694/768
f 402/736/769 488/737/769 415/738/769
f 397/739/770 398/740/770 440/669/770
f 397/739/771 440/669/771 412/741/771
f 424/717/772 429/742/772 407/743/772
f 405/744/773 423/745/773 419/746/773
f 478/747/774 464/748/774 394/749/774
f 335/695/775 413/696/775 403/750/775
f 401/751/776 411/752/776 399/753/776
f 396/614/777 395/735/777 361/648/777
f 409/754/778 425/755/778 401/756/778
f 418/649/779 434/757/779 400/664/779
f 401/751/780 419/746/780 411/752/780
f 410/758/781 439/759/781 438/760/781
f 400/664/782 434/757/782 351/663/782
f 424/717/783 414/716/783 429/742/783
f 424/761/784 396/614/784 390/710/784
f 408/647/785 403/661/785 465/762/785
f 439/759/786 410/758/786 404/763/786
f 416/764/787 439/759/787 404/763/787
f 425/755/788 409/754/788 439/759/788
f 409/754/789 427/765/789 438/760/789
f 424/717/790 395/766/790 396/767/790
f 477/768/791 439/769/791 416/770/791
f 431/771/792 405/744/792 428/772/792
f 427/765/793 409/754/793 399/773/793
f 429/742/794 411/752/794 407/743/794
f 404/763/795 398/740/795 416/764/795
f 402/774/796 405/744/796 473/775/796
f 421/776/797 477/777/797 416/764/797
f 473/775/798 405/744/798 406/778/798
f 431/771/799 406/778/799 405/744/799
f 409/779/800 401/780/800 399/781/800
f 412/741/801 440/669/801 408/647/801
f 439/759/802 435/782/802 425/755/802
f 413/696/803 351/663/803 426/783/803
f 465/762/804 412/741/804 408/647/804
f 416/764/805 398/740/805 397/739/805
f 475/784/806 435/782/806 482/785/806
f 413/696/807 426/783/807 403/750/807
f 439/759/808 477/777/808 435/782/808
f 374/708/809 380/714/809 432/786/809
f 417/694/810 434/757/810 418/649/810
f 420/709/811 432/786/811 427/765/811
f 415/738/812 407/787/812 423/788/812
f 411/752/813 423/745/813 407/743/813
f 394/749/814 426/783/814 351/663/814
f 397/739/815 412/741/815 416/764/815
f 421/789/816 416/790/816 412/791/816
f 432/786/817 420/709/817 374/708/817
f 401/756/818 425/755/818 419/792/818
f 419/746/819 428/772/819 405/744/819
f 432/786/820 380/714/820 1176/793/820
f 414/712/821 433/734/821 429/794/821
f 425/755/822 428/795/822 419/792/822
f 423/745/823 411/752/823 419/746/823
f 428/795/824 425/755/824 435/782/824
f 441/796/825 427/765/825 432/786/825
f 351/663/826 434/757/826 394/749/826
f 423/788/827 402/736/827 415/738/827
f 430/687/828 436/797/828 1154/692/828
f 441/796/829 432/786/829 1176/793/829
f 423/745/830 405/744/830 402/774/830
f 399/798/831 433/701/831 369/700/831
f 399/799/832 429/800/832 433/801/832
f 415/738/833 478/747/833 394/749/833
f 441/796/834 438/760/834 427/765/834
f 417/802/835 395/766/835 407/743/835
f 415/738/836 434/757/836 407/787/836
f 415/803/837 488/804/837 478/805/837
f 1176/793/838 380/714/838 437/806/838
f 430/687/839 354/674/839 398/740/839
f 399/753/840 411/752/840 429/742/840
f 431/807/841 428/795/841 435/782/841
f 438/760/842 441/796/842 410/758/842
f 434/757/843 415/738/843 394/749/843
f 436/797/844 430/687/844 398/740/844
f 404/763/845 436/797/845 398/740/845
f 399/773/846 420/709/846 427/765/846
f 369/707/847 420/709/847 399/773/847
f 407/787/848 434/757/848 417/694/848
f 404/763/849 422/808/849 436/797/849
f 422/808/850 441/796/850 1141/809/850
f 410/758/851 441/796/851 422/808/851
f 404/763/852 410/758/852 422/808/852
f 407/743/853 395/766/853 424/717/853
f 440/669/854 398/740/854 354/674/854
f 1141/809/855 441/796/855 1176/793/855
f 464/748/856 426/783/856 394/749/856
f 1117/732/857 437/806/857 380/714/857
f 409/754/858 438/760/858 439/759/858
f 445/810/859 443/811/859 450/812/859
f 458/813/860 451/814/860 347/662/860
f 348/656/861 1188/815/861 347/662/861
f 444/816/862 442/678/862 446/817/862
f 1188/815/863 458/813/863 347/662/863
f 443/818/864 442/678/864 444/816/864
f 442/819/865 451/814/865 446/820/865
f 445/821/866 442/678/866 443/818/866
f 449/822/867 444/816/867 446/817/867
f 1185/823/868 447/688/868 445/824/868
f 443/818/869 449/822/869 471/825/869
f 443/811/870 471/826/870 450/812/870
f 458/813/871 446/820/871 451/814/871
f 451/827/872 442/828/872 334/829/872
f 467/830/873 449/822/873 446/817/873
f 1188/815/874 454/831/874 458/813/874
f 445/821/875 349/644/875 442/678/875
f 447/683/876 349/644/876 445/821/876
f 451/814/877 334/657/877 347/662/877
f 449/822/878 443/818/878 444/816/878
f 1194/832/879 494/833/879 1193/834/879
f 486/835/880 457/836/880 485/837/880
f 495/838/881 485/837/881 457/836/881
f 494/833/882 1194/832/882 1190/839/882
f 466/840/883 453/841/883 493/842/883
f 492/843/884 494/844/884 468/845/884
f 464/748/885 478/747/885 485/837/885
f 1193/834/886 494/833/886 492/846/886
f 485/837/887 495/838/887 464/748/887
f 480/847/888 457/836/888 486/835/888
f 453/841/889 472/848/889 493/842/889
f 452/849/890 469/850/890 727/851/890
f 456/852/891 455/853/891 741/854/891
f 449/822/892 468/855/892 471/825/892
f 426/783/893 464/748/893 461/856/893
f 472/848/894 479/857/894 493/842/894
f 468/858/895 459/859/895 471/826/895
f 446/820/896 458/813/896 467/860/896
f 453/861/897 456/862/897 739/863/897
f 483/864/898 453/861/898 739/863/898
f 403/750/899 426/783/899 461/856/899
f 457/836/900 480/847/900 462/865/900
f 483/864/901 472/866/901 453/861/901
f 457/836/902 466/867/902 495/838/902
f 475/784/903 469/868/903 435/782/903
f 495/838/904 461/856/904 464/748/904
f 462/865/905 460/869/905 457/836/905
f 461/856/906 495/838/906 474/870/906
f 435/782/907 469/868/907 431/807/907
f 474/871/908 466/840/908 493/842/908
f 456/852/909 460/869/909 462/865/909
f 461/856/910 474/870/910 463/872/910
f 458/813/911 492/846/911 467/860/911
f 465/873/912 403/750/912 461/856/912
f 466/867/913 457/836/913 460/869/913
f 486/835/914 473/874/914 452/875/914
f 465/876/915 463/877/915 412/791/915
f 495/838/916 466/867/916 474/870/916
f 470/878/917 481/879/917 472/880/917
f 465/873/918 461/856/918 463/872/918
f 469/881/919 475/882/919 491/883/919
f 460/869/920 453/884/920 466/867/920
f 482/785/921 479/885/921 475/784/921
f 450/812/922 471/826/922 459/859/922
f 477/777/923 421/776/923 482/785/923
f 406/778/924 452/849/924 473/775/924
f 476/886/925 470/887/925 472/848/925
f 412/791/926 463/877/926 489/888/926
f 479/857/927 491/883/927 475/882/927
f 450/812/928 459/859/928 1198/889/928
f 476/890/929 472/866/929 483/864/929
f 454/831/930 492/846/930 458/813/930
f 435/782/931 477/777/931 482/785/931
f 489/888/932 463/877/932 493/842/932
f 491/883/933 479/857/933 472/848/933
f 481/891/934 491/883/934 472/848/934
f 453/861/935 460/892/935 456/862/935
f 492/846/936 454/831/936 5/893/936
f 469/850/937 406/778/937 431/771/937
f 739/863/938 476/890/938 483/864/938
f 489/888/939 421/789/939 412/791/939
f 406/778/940 469/850/940 452/849/940
f 480/847/941 484/894/941 455/853/941
f 488/804/942 485/895/942 478/805/942
f 462/865/943 480/847/943 455/853/943
f 487/896/944 468/897/944 494/833/944
f 469/881/945 491/883/945 763/898/945
f 467/830/946 468/855/946 449/822/946
f 487/899/947 490/900/947 468/901/947
f 489/902/948 482/785/948 421/776/948
f 467/860/949 492/846/949 468/897/949
f 473/874/950 488/737/950 402/736/950
f 763/898/951 491/883/951 470/887/951
f 484/894/952 480/847/952 486/835/952
f 462/865/953 455/853/953 456/852/953
f 479/903/954 489/904/954 493/905/954
f 479/906/955 482/907/955 489/908/955
f 486/835/956 485/837/956 488/737/956
f 452/875/957 484/894/957 486/835/957
f 491/883/958 481/891/958 470/887/958
f 487/896/959 494/833/959 1190/839/959
f 486/835/960 488/737/960 473/874/960
f 484/894/961 452/875/961 753/909/961
f 463/877/962 474/871/962 493/842/962
f 1193/834/963 492/846/963 5/893/963
f 496/228/964 503/910/964 512/190/964
f 508/911/965 497/912/965 510/913/965
f 496/228/966 510/913/966 499/914/966
f 496/915/967 506/916/967 503/917/967
f 499/914/968 497/912/968 6/918/968
f 499/914/969 510/913/969 497/912/969
f 513/919/970 6/918/970 497/912/970
f 496/228/971 555/920/971 506/921/971
f 502/922/972 497/912/972 508/911/972
f 499/914/973 555/920/973 496/228/973
f 507/923/974 498/924/974 523/925/974
f 81/147/975 83/186/975 504/257/975
f 500/926/976 504/257/976 83/186/976
f 502/922/977 508/911/977 1244/927/977
f 6/918/978 555/920/978 499/914/978
f 501/227/979 508/911/979 117/220/979
f 505/928/980 523/929/980 498/930/980
f 513/919/981 497/912/981 502/922/981
f 503/910/982 498/930/982 500/926/982
f 1233/931/983 502/922/983 1244/927/983
f 568/932/984 547/933/984 504/257/984
f 506/921/985 505/928/985 498/930/985
f 501/227/986 509/934/986 508/911/986
f 122/250/987 863/935/987 501/227/987
f 507/923/988 568/936/988 500/937/988
f 501/227/989 863/935/989 509/934/989
f 500/926/990 568/932/990 504/257/990
f 506/921/991 498/930/991 503/910/991
f 510/913/992 496/228/992 117/220/992
f 507/923/993 500/937/993 498/924/993
f 503/910/994 500/926/994 512/190/994
f 1233/931/995 513/919/995 502/922/995
f 1244/927/996 508/911/996 509/934/996
f 511/938/997 505/928/997 506/921/997
f 508/911/998 510/913/998 117/220/998
f 511/939/999 506/940/999 555/941/999
f 515/942/1000 516/943/1000 514/944/1000
f 678/945/1001 515/942/1001 660/946/1001
f 694/947/1002 514/944/1002 689/948/1002
f 515/942/1003 678/945/1003 677/949/1003
f 516/943/1004 689/948/1004 514/944/1004
f 556/950/1005 580/951/1005 518/952/1005
f 550/953/1006 562/954/1006 548/955/1006
f 517/956/1007 565/957/1007 580/951/1007
f 565/957/1008 518/952/1008 580/951/1008
f 522/958/1009 584/959/1009 549/960/1009
f 551/961/1010 548/955/1010 581/962/1010
f 628/963/1011 586/964/1011 532/965/1011
f 524/966/1012 525/967/1012 565/957/1012
f 524/966/1013 565/957/1013 569/968/1013
f 549/969/1014 554/970/1014 522/971/1014
f 505/928/1015 511/938/1015 523/929/1015
f 534/972/1016 586/973/1016 574/974/1016
f 528/975/1017 548/955/1017 551/961/1017
f 530/519/1018 566/520/1018 263/497/1018
f 685/976/1019 521/977/1019 520/978/1019
f 540/979/1020 534/972/1020 676/980/1020
f 1270/981/1021 524/966/1021 569/968/1021
f 534/972/1022 532/982/1022 586/973/1022
f 519/983/1023 530/984/1023 255/985/1023
f 567/986/1024 577/987/1024 535/988/1024
f 526/989/1025 522/971/1025 554/970/1025
f 517/956/1026 513/919/1026 527/990/1026
f 529/991/1027 676/980/1027 534/972/1027
f 569/968/1028 517/956/1028 527/990/1028
f 520/992/1029 535/988/1029 616/993/1029
f 578/994/1030 544/995/1030 528/975/1030
f 566/503/1031 541/996/1031 546/997/1031
f 532/982/1032 534/972/1032 540/979/1032
f 559/998/1033 543/999/1033 585/1000/1033
f 577/987/1034 582/1001/1034 535/988/1034
f 566/503/1035 546/997/1035 537/1002/1035
f 529/1003/1036 560/1004/1036 521/977/1036
f 558/1005/1037 537/1002/1037 546/997/1037
f 571/1006/1038 616/993/1038 535/988/1038
f 531/1007/1039 541/996/1039 530/1008/1039
f 528/975/1040 544/995/1040 538/1009/1040
f 559/998/1041 585/1000/1041 533/1010/1041
f 539/1011/1042 582/1012/1042 1314/1013/1042
f 652/1014/1043 532/982/1043 540/979/1043
f 525/967/1044 533/1010/1044 585/1000/1044
f 126/236/1045 504/257/1045 547/933/1045
f 536/1015/1046 541/996/1046 531/1007/1046
f 520/978/1047 521/977/1047 560/1004/1047
f 531/1016/1048 562/1017/1048 536/1018/1048
f 542/1019/1049 533/1020/1049 525/1021/1049
f 561/1022/1050 546/997/1050 536/1015/1050
f 562/954/1051 550/953/1051 536/1015/1051
f 543/999/1052 559/998/1052 576/1023/1052
f 559/998/1053 533/1010/1053 542/1024/1053
f 579/1025/1054 561/1022/1054 536/1015/1054
f 551/961/1055 523/929/1055 511/938/1055
f 544/995/1056 578/994/1056 553/1026/1056
f 563/1027/1057 545/1028/1057 538/1009/1057
f 576/1029/1058 559/1030/1058 575/1031/1058
f 552/1032/1059 563/1027/1059 538/1009/1059
f 572/1033/1060 558/1005/1060 546/997/1060
f 561/1022/1061 572/1033/1061 546/997/1061
f 549/969/1062 564/1034/1062 554/970/1062
f 537/1002/1063 558/1005/1063 549/1035/1063
f 559/1030/1064 542/1036/1064 7/1037/1064
f 553/1026/1065 543/999/1065 544/995/1065
f 563/1027/1066 552/1032/1066 567/986/1066
f 548/955/1067 528/975/1067 550/953/1067
f 549/1035/1068 558/1005/1068 564/1038/1068
f 570/1039/1069 551/1040/1069 511/1041/1069
f 570/1039/1070 511/1041/1070 556/1042/1070
f 548/955/1071 573/458/1071 226/457/1071
f 545/1028/1072 561/1022/1072 579/1025/1072
f 555/920/1073 556/950/1073 511/938/1073
f 543/999/1074 553/1026/1074 585/1000/1074
f 548/955/1075 562/954/1075 573/458/1075
f 563/1027/1076 561/1022/1076 545/1028/1076
f 537/1043/1077 262/517/1077 557/500/1077
f 543/999/1078 538/1009/1078 544/995/1078
f 555/920/1079 580/951/1079 556/950/1079
f 580/1044/1080 555/1045/1080 6/1046/1080
f 7/1037/1081 1314/1013/1081 575/1031/1081
f 549/1047/1082 262/517/1082 537/1043/1082
f 577/987/1083 552/1032/1083 576/1023/1083
f 507/923/1084 523/925/1084 581/1048/1084
f 581/1048/1085 568/936/1085 507/923/1085
f 7/1037/1086 575/1031/1086 559/1030/1086
f 568/932/1087 548/955/1087 547/933/1087
f 574/1049/1088 564/1038/1088 558/1005/1088
f 581/962/1089 548/955/1089 568/932/1089
f 582/1012/1090 577/1050/1090 576/1029/1090
f 567/986/1091 520/992/1091 583/1051/1091
f 574/1052/1092 586/964/1092 564/1034/1092
f 560/1053/1093 583/1051/1093 520/992/1093
f 578/994/1094 570/1054/1094 556/950/1094
f 547/526/1095 548/1055/1095 226/525/1095
f 583/1051/1096 561/1022/1096 563/1027/1096
f 577/987/1097 567/986/1097 552/1032/1097
f 566/503/1098 537/1002/1098 557/501/1098
f 569/968/1099 565/957/1099 517/956/1099
f 578/994/1100 556/950/1100 518/952/1100
f 567/986/1101 583/1051/1101 563/1027/1101
f 573/458/1102 519/1056/1102 253/478/1102
f 541/1057/1103 566/520/1103 530/519/1103
f 573/1058/1104 530/1059/1104 519/1060/1104
f 1270/981/1105 569/968/1105 527/990/1105
f 530/1008/1106 573/458/1106 531/1007/1106
f 570/1054/1107 528/975/1107 551/961/1107
f 570/1054/1108 578/994/1108 528/975/1108
f 541/996/1109 536/1015/1109 546/997/1109
f 582/1001/1110 571/1006/1110 535/988/1110
f 543/999/1111 552/1032/1111 538/1009/1111
f 562/1017/1112 531/1016/1112 573/1061/1112
f 558/1005/1113 572/1033/1113 574/1049/1113
f 550/953/1114 579/1025/1114 536/1015/1114
f 582/1012/1115 576/1029/1115 575/1031/1115
f 575/1031/1116 1314/1013/1116 582/1012/1116
f 574/1049/1117 572/1033/1117 560/1053/1117
f 565/957/1118 578/994/1118 518/952/1118
f 529/991/1119 534/972/1119 574/974/1119
f 560/1004/1120 529/1003/1120 574/1062/1120
f 262/517/1121 549/1047/1121 584/518/1121
f 525/967/1122 578/994/1122 565/957/1122
f 528/975/1123 579/1025/1123 550/953/1123
f 576/1023/1124 552/1032/1124 543/999/1124
f 583/1051/1125 572/1033/1125 561/1022/1125
f 525/967/1126 553/1026/1126 578/994/1126
f 526/1063/1127 270/1064/1127 584/1065/1127
f 525/967/1128 585/1000/1128 553/1026/1128
f 572/1033/1129 583/1051/1129 560/1053/1129
f 538/1009/1130 545/1028/1130 528/975/1130
f 579/1025/1131 528/975/1131 545/1028/1131
f 6/918/1132 517/956/1132 580/951/1132
f 535/988/1133 520/992/1133 567/986/1133
f 522/1066/1134 526/1063/1134 584/1065/1134
f 551/961/1135 581/962/1135 523/929/1135
f 625/1067/1136 582/1068/1136 539/1069/1136
f 526/989/1137 590/1070/1137 270/1071/1137
f 618/1072/1138 625/1073/1138 539/1074/1138
f 513/919/1139 517/956/1139 6/918/1139
f 571/1006/1140 582/1001/1140 625/1075/1140
f 588/1076/1141 270/1077/1141 590/1078/1141
f 637/1079/1142 607/1080/1142 606/1081/1142
f 606/1082/1143 646/1083/1143 637/1084/1143
f 603/1085/1144 610/1086/1144 591/1087/1144
f 609/1088/1145 588/1076/1145 590/1078/1145
f 633/1089/1146 641/1090/1146 619/1091/1146
f 598/1092/1147 272/1093/1147 644/1094/1147
f 601/1095/1148 592/1096/1148 636/1097/1148
f 641/1090/1149 594/1098/1149 619/1091/1149
f 587/1099/1150 623/1100/1150 702/1101/1150
f 594/1102/1151 702/1103/1151 623/1104/1151
f 589/1105/1152 712/1106/1152 640/1107/1152
f 704/1108/1153 712/1109/1153 589/1110/1153
f 1354/1111/1154 643/1112/1154 600/1113/1154
f 639/1114/1155 596/1115/1155 608/1116/1155
f 626/1117/1156 272/1093/1156 597/1118/1156
f 644/1119/1157 611/1120/1157 588/1121/1157
f 598/1092/1158 597/1118/1158 272/1093/1158
f 614/1122/1159 608/1116/1159 596/1115/1159
f 644/1123/1160 588/1124/1160 609/1125/1160
f 610/1126/1161 600/1113/1161 591/1127/1161
f 592/1096/1162 601/1095/1162 8/1128/1162
f 603/1129/1163 605/1130/1163 638/1131/1163
f 614/1132/1164 634/1133/1164 597/1118/1164
f 526/989/1165 604/1134/1165 590/1070/1165
f 604/1134/1166 609/1135/1166 590/1070/1166
f 595/1136/1167 591/1127/1167 600/1113/1167
f 601/1095/1168 607/1137/1168 710/1138/1168
f 634/1133/1169 614/1132/1169 627/1139/1169
f 599/1140/1170 587/1141/1170 702/1142/1170
f 526/989/1171 554/970/1171 604/1134/1171
f 602/1143/1172 599/1140/1172 702/1142/1172
f 624/1144/1173 604/1145/1173 554/1146/1173
f 598/1147/1174 639/1114/1174 608/1116/1174
f 615/1148/1175 622/1149/1175 616/993/1175
f 532/965/1176 652/1150/1176 645/1151/1176
f 597/1152/1177 598/1153/1177 608/1154/1177
f 609/1135/1178 604/1134/1178 624/1155/1178
f 613/1156/1179 622/1157/1179 615/1158/1179
f 644/1159/1180 609/1160/1180 624/1161/1180
f 686/1162/1181 629/1163/1181 698/1164/1181
f 621/1165/1182 710/1166/1182 607/1080/1182
f 603/1129/1183 622/1157/1183 610/1126/1183
f 613/1167/1184 610/1168/1184 622/1169/1184
f 691/1170/1185 594/1098/1185 645/1151/1185
f 616/1171/1186 686/1172/1186 520/978/1186
f 612/1173/1187 620/1174/1187 587/1175/1187
f 611/1176/1188 644/1177/1188 272/1178/1188
f 597/1179/1189 608/1116/1189 614/1122/1189
f 615/1158/1190 625/1180/1190 613/1156/1190
f 636/1181/1191 627/1139/1191 614/1132/1191
f 620/1182/1192 617/1183/1192 596/1184/1192
f 589/1110/1193 634/1185/1193 704/1108/1193
f 616/993/1194 571/1006/1194 615/1148/1194
f 643/1112/1195 1317/1186/1195 637/1084/1195
f 593/1187/1196 617/1188/1196 642/1189/1196
f 1317/1186/1197 630/1190/1197 637/1084/1197
f 622/1191/1198 686/1172/1198 616/1171/1198
f 620/1192/1199 639/1114/1199 619/1091/1199
f 293/570/1200 626/535/1200 296/569/1200
f 614/1193/1201 596/1184/1201 617/1183/1201
f 618/1194/1202 1373/1195/1202 625/1196/1202
f 622/1157/1203 629/1163/1203 686/1162/1203
f 636/1097/1204 617/1188/1204 635/1197/1204
f 639/1114/1205 620/1192/1205 596/1115/1205
f 624/1155/1206 598/1147/1206 644/1198/1206
f 627/1199/1207 704/1200/1207 634/1201/1207
f 617/1188/1208 593/1187/1208 635/1197/1208
f 617/1202/1209 636/1203/1209 614/1204/1209
f 592/1205/1210 8/1206/1210 704/1207/1210
f 637/1079/1211 621/1165/1211 607/1080/1211
f 619/1208/1212 594/1102/1212 623/1104/1212
f 621/1209/1213 637/1084/1213 630/1190/1213
f 624/1155/1214 554/970/1214 564/1034/1214
f 620/1210/1215 612/1211/1215 617/1212/1215
f 1373/1213/1216 613/1156/1216 625/1180/1216
f 642/1189/1217 617/1188/1217 612/1214/1217
f 619/1215/1218 623/1216/1218 620/1174/1218
f 625/1180/1219 615/1158/1219 571/1217/1219
f 592/1205/1220 704/1207/1220 627/1139/1220
f 605/1130/1221 631/1218/1221 593/1187/1221
f 711/1219/1222 621/1209/1222 630/1190/1222
f 636/1181/1223 592/1205/1223 627/1139/1223
f 586/964/1224 628/963/1224 564/1034/1224
f 631/1218/1225 605/1130/1225 646/1083/1225
f 634/1220/1226 296/569/1226 626/535/1226
f 602/1143/1227 629/1163/1227 599/1140/1227
f 642/1189/1228 599/1140/1228 638/1131/1228
f 597/1118/1229 634/1133/1229 626/1117/1229
f 613/1156/1230 600/1113/1230 610/1126/1230
f 564/1034/1231 628/963/1231 633/1089/1231
f 633/1089/1232 624/1155/1232 564/1034/1232
f 632/585/1233 296/586/1233 634/1185/1233
f 633/1089/1234 628/963/1234 641/1090/1234
f 635/1197/1235 593/1187/1235 631/1218/1235
f 633/1089/1236 639/1114/1236 624/1155/1236
f 601/1095/1237 636/1097/1237 631/1218/1237
f 635/1197/1238 631/1218/1238 636/1097/1238
f 629/1163/1239 602/1143/1239 698/1164/1239
f 599/1140/1240 629/1163/1240 638/1131/1240
f 637/1084/1241 646/1083/1241 605/1130/1241
f 642/1189/1242 612/1214/1242 599/1140/1242
f 598/1147/1243 624/1155/1243 639/1114/1243
f 1435/1221/1244 711/1219/1244 630/1190/1244
f 607/1137/1245 601/1095/1245 631/1218/1245
f 628/963/1246 532/965/1246 641/1090/1246
f 640/555/1247 300/557/1247 632/585/1247
f 632/1222/1248 589/1105/1248 640/1107/1248
f 637/1223/1249 605/1224/1249 603/1225/1249
f 612/1214/1250 587/1141/1250 599/1140/1250
f 638/1131/1251 629/1163/1251 622/1157/1251
f 595/1136/1252 643/1112/1252 637/1084/1252
f 637/1223/1253 603/1225/1253 595/1226/1253
f 603/1227/1254 591/1228/1254 595/1229/1254
f 712/1109/1255 391/556/1255 640/555/1255
f 603/1129/1256 638/1131/1256 622/1157/1256
f 619/1091/1257 639/1114/1257 633/1089/1257
f 631/1218/1258 606/1082/1258 607/1137/1258
f 645/1151/1259 641/1090/1259 532/965/1259
f 646/1083/1260 606/1082/1260 631/1218/1260
f 594/1098/1261 641/1090/1261 645/1151/1261
f 600/1113/1262 643/1112/1262 595/1136/1262
f 593/1187/1263 642/1189/1263 638/1131/1263
f 632/585/1264 634/1185/1264 589/1110/1264
f 587/1175/1265 620/1174/1265 623/1216/1265
f 638/1131/1266 605/1130/1266 593/1187/1266
f 663/1230/1267 647/1231/1267 683/1232/1267
f 667/1233/1268 652/1014/1268 540/979/1268
f 651/1234/1269 655/1235/1269 650/1236/1269
f 647/1237/1270 663/1238/1270 665/1239/1270
f 656/1240/1271 521/977/1271 685/976/1271
f 653/1241/1272 652/1150/1272 667/1242/1272
f 669/1243/1273 650/1236/1273 668/1244/1273
f 651/1245/1274 661/1246/1274 648/1247/1274
f 650/1248/1275 683/1249/1275 651/1250/1275
f 664/1251/1276 681/1252/1276 649/1253/1276
f 669/1254/1277 683/1232/1277 650/1255/1277
f 655/1235/1278 678/945/1278 679/1256/1278
f 661/1246/1279 647/1231/1279 648/1247/1279
f 652/1150/1280 653/1241/1280 693/1257/1280
f 659/1258/1281 693/1257/1281 653/1241/1281
f 658/1259/1282 650/1236/1282 655/1235/1282
f 672/1260/1283 663/1230/1283 683/1232/1283
f 653/1241/1284 666/1261/1284 658/1259/1284
f 668/1244/1285 650/1236/1285 658/1259/1285
f 654/1262/1286 662/1263/1286 664/1264/1286
f 675/1265/1287 663/1230/1287 672/1260/1287
f 658/1259/1288 655/1235/1288 679/1256/1288
f 694/947/1289 674/1266/1289 679/1256/1289
f 676/980/1290 657/1267/1290 667/1233/1290
f 660/946/1291 515/942/1291 514/944/1291
f 668/1244/1292 666/1261/1292 671/1268/1292
f 674/1266/1293 693/1257/1293 659/1258/1293
f 674/1266/1294 703/1269/1294 693/1257/1294
f 675/1270/1295 665/1239/1295 663/1238/1295
f 679/1256/1296 660/946/1296 514/944/1296
f 679/1256/1297 514/944/1297 694/947/1297
f 666/1271/1298 653/1272/1298 657/1267/1298
f 680/1273/1299 665/1239/1299 699/1274/1299
f 664/1251/1300 662/1275/1300 681/1252/1300
f 680/1276/1301 516/1277/1301 515/1278/1301
f 515/1278/1302 647/1231/1302 680/1276/1302
f 676/980/1303 667/1233/1303 540/979/1303
f 657/1279/1304 656/1240/1304 666/1280/1304
f 654/1262/1305 656/1240/1305 670/1281/1305
f 673/1282/1306 675/1283/1306 672/1284/1306
f 673/1282/1307 669/1285/1307 671/1286/1307
f 654/1262/1308 670/1281/1308 662/1263/1308
f 671/1286/1309 675/1283/1309 673/1282/1309
f 675/1283/1310 671/1286/1310 649/1287/1310
f 672/1260/1311 683/1232/1311 669/1254/1311
f 658/1259/1312 659/1258/1312 653/1241/1312
f 688/1288/1313 689/1289/1313 516/1290/1313
f 673/1282/1314 672/1284/1314 669/1285/1314
f 654/1262/1315 666/1280/1315 656/1240/1315
f 666/1291/1316 649/1287/1316 671/1286/1316
f 688/1288/1317 516/1290/1317 680/1273/1317
f 658/1259/1318 679/1256/1318 659/1258/1318
f 655/1235/1319 677/949/1319 678/945/1319
f 677/949/1320 655/1235/1320 648/1292/1320
f 675/1270/1321 649/1253/1321 681/1252/1321
f 654/1293/1322 649/1294/1322 666/1295/1322
f 521/977/1323 676/1296/1323 529/1003/1323
f 670/1297/1324 701/1298/1324 662/1275/1324
f 680/1273/1325 699/1274/1325 688/1288/1325
f 682/1299/1326 675/1270/1326 681/1252/1326
f 683/1232/1327 661/1246/1327 651/1245/1327
f 674/1266/1328 694/947/1328 703/1269/1328
f 662/1275/1329 701/1298/1329 681/1252/1329
f 680/1273/1330 647/1237/1330 665/1239/1330
f 681/1252/1331 687/1300/1331 682/1299/1331
f 683/1232/1332 647/1231/1332 661/1246/1332
f 674/1266/1333 659/1258/1333 679/1256/1333
f 682/1299/1334 699/1274/1334 665/1239/1334
f 675/1270/1335 682/1299/1335 665/1239/1335
f 678/945/1336 660/946/1336 679/1256/1336
f 521/977/1337 656/1240/1337 676/1296/1337
f 654/1262/1338 664/1264/1338 649/1301/1338
f 668/1244/1339 658/1259/1339 666/1261/1339
f 656/1240/1340 657/1279/1340 676/1296/1340
f 655/1235/1341 651/1234/1341 648/1292/1341
f 657/1267/1342 653/1272/1342 667/1233/1342
f 648/1247/1343 647/1231/1343 677/1302/1343
f 520/978/1344 686/1172/1344 685/976/1344
f 677/1302/1345 647/1231/1345 515/1278/1345
f 668/1244/1346 671/1268/1346 669/1243/1346
f 695/1303/1347 694/947/1347 689/948/1347
f 695/1304/1348 687/1300/1348 696/1305/1348
f 701/1298/1349 696/1305/1349 687/1300/1349
f 702/1142/1350 684/1306/1350 602/1143/1350
f 698/1164/1351 602/1143/1351 684/1306/1351
f 652/1150/1352 691/1170/1352 645/1151/1352
f 684/1306/1353 702/1142/1353 697/1307/1353
f 700/1308/1354 689/1289/1354 688/1288/1354
f 695/1304/1355 692/1309/1355 694/1310/1355
f 696/1305/1356 690/1311/1356 695/1304/1356
f 656/1240/1357 685/976/1357 670/1281/1357
f 670/1281/1358 685/976/1358 696/1312/1358
f 698/1164/1359 696/1305/1359 686/1162/1359
f 693/1257/1360 691/1170/1360 652/1150/1360
f 696/1312/1361 701/1313/1361 670/1281/1361
f 686/1172/1362 696/1312/1362 685/976/1362
f 702/1314/1363 594/1315/1363 697/1316/1363
f 692/1309/1364 697/1307/1364 691/1317/1364
f 691/1317/1365 697/1307/1365 594/1318/1365
f 688/1288/1366 699/1274/1366 700/1308/1366
f 698/1164/1367 690/1311/1367 696/1305/1367
f 684/1306/1368 690/1311/1368 698/1164/1368
f 700/1308/1369 695/1304/1369 689/1289/1369
f 703/1269/1370 691/1170/1370 693/1257/1370
f 692/1319/1371 703/1269/1371 694/947/1371
f 687/1300/1372 695/1304/1372 700/1308/1372
f 682/1299/1373 700/1308/1373 699/1274/1373
f 681/1252/1374 701/1298/1374 687/1300/1374
f 692/1319/1375 691/1170/1375 703/1269/1375
f 690/1311/1376 697/1307/1376 695/1304/1376
f 687/1300/1377 700/1308/1377 682/1299/1377
f 697/1307/1378 692/1309/1378 695/1304/1378
f 690/1311/1379 684/1306/1379 697/1307/1379
f 1433/1320/1380 711/1219/1380 1435/1221/1380
f 710/1138/1381 8/1128/1381 601/1095/1381
f 709/1321/1382 715/730/1382 705/1322/1382
f 704/1323/1383 8/1324/1383 712/1325/1383
f 8/1324/1384 705/1326/1384 712/1325/1384
f 710/1138/1385 705/1322/1385 8/1128/1385
f 709/1321/1386 705/1322/1386 710/1138/1386
f 714/1327/1387 706/1328/1387 621/1209/1387
f 705/1329/1388 391/556/1388 712/1109/1388
f 713/728/1389 392/731/1389 706/1328/1389
f 707/725/1390 391/556/1390 705/1329/1390
f 707/725/1391 705/1329/1391 715/720/1391
f 714/1327/1392 621/1209/1392 711/1219/1392
f 708/1330/1393 706/1328/1393 714/1327/1393
f 706/1328/1394 708/1330/1394 713/728/1394
f 621/1209/1395 706/1328/1395 709/1321/1395
f 714/1327/1396 1430/1331/1396 708/1330/1396
f 1433/1320/1397 714/1327/1397 711/1219/1397
f 708/1330/1398 387/726/1398 713/728/1398
f 621/1165/1399 709/1332/1399 710/1166/1399
f 1117/732/1400 387/726/1400 708/1330/1400
f 706/1328/1401 392/731/1401 709/1321/1401
f 392/731/1402 715/730/1402 709/1321/1402
f 452/849/1403 727/851/1403 753/1333/1403
f 720/1334/1404 718/1335/1404 762/1336/1404
f 734/1337/1405 763/898/1405 470/887/1405
f 719/1338/1406 721/1339/1406 734/1340/1406
f 727/851/1407 721/1339/1407 753/1333/1407
f 484/894/1408 738/1341/1408 455/853/1408
f 716/1342/1409 740/1343/1409 747/1344/1409
f 754/1345/1410 726/1346/1410 719/1347/1410
f 760/1348/1411 755/1349/1411 726/1350/1411
f 725/1351/1412 743/1352/1412 733/1353/1412
f 738/1341/1413 741/854/1413 455/853/1413
f 730/1354/1414 733/1355/1414 718/1335/1414
f 723/1356/1415 744/1357/1415 742/1358/1415
f 469/1359/1416 763/1360/1416 727/1361/1416
f 718/1362/1417 733/1353/1417 752/1363/1417
f 723/1356/1418 742/1358/1418 728/1364/1418
f 737/1365/1419 470/887/1419 476/886/1419
f 760/1366/1420 726/1346/1420 735/1367/1420
f 731/1368/1421 728/1364/1421 764/1369/1421
f 747/1370/1422 759/1371/1422 724/1372/1422
f 732/1373/1423 741/854/1423 738/1341/1423
f 763/1374/1424 734/1340/1424 727/851/1424
f 721/1339/1425 727/851/1425 734/1340/1425
f 757/1375/1426 761/1376/1426 756/1377/1426
f 756/1377/1427 761/1376/1427 730/1354/1427
f 734/1337/1428 470/887/1428 737/1365/1428
f 724/1378/1429 716/1342/1429 747/1344/1429
f 738/1341/1430 729/1379/1430 732/1373/1430
f 753/909/1431 764/1369/1431 722/1380/1431
f 723/1356/1432 728/1364/1432 731/1368/1432
f 750/1381/1433 735/1382/1433 761/1376/1433
f 733/1355/1434 730/1354/1434 761/1376/1434
f 748/1383/1435 732/1384/1435 729/1385/1435
f 764/1369/1436 728/1364/1436 722/1380/1436
f 743/1352/1437 752/1363/1437 733/1353/1437
f 735/1367/1438 726/1346/1438 754/1345/1438
f 754/1345/1439 736/1386/1439 735/1367/1439
f 728/1364/1440 729/1379/1440 738/1341/1440
f 741/1387/1441 732/1384/1441 748/1383/1441
f 739/863/1442 456/862/1442 741/1387/1442
f 729/1385/1443 749/1388/1443 748/1383/1443
f 724/1372/1444 751/1389/1444 754/1345/1444
f 718/1390/1445 744/1357/1445 762/1391/1445
f 476/890/1446 739/863/1446 746/1392/1446
f 754/1345/1447 751/1389/1447 736/1386/1447
f 729/1379/1448 728/1364/1448 742/1358/1448
f 722/1380/1449 728/1364/1449 738/1341/1449
f 741/1387/1450 746/1392/1450 739/863/1450
f 740/1343/1451 748/1383/1451 747/1344/1451
f 476/890/1452 746/1392/1452 740/1343/1452
f 735/1393/1453 733/1394/1453 761/1395/1453
f 736/1396/1454 733/1397/1454 735/1398/1454
f 720/1399/1455 717/1400/1455 756/1401/1455
f 746/1392/1456 741/1387/1456 740/1343/1456
f 747/1344/1457 748/1383/1457 749/1388/1457
f 740/1343/1458 741/1387/1458 748/1383/1458
f 476/886/1459 740/1402/1459 737/1365/1459
f 736/1403/1460 725/1351/1460 733/1353/1460
f 716/1404/1461 737/1365/1461 740/1402/1461
f 758/1405/1462 749/1388/1462 745/1406/1462
f 752/1363/1463 744/1407/1463 718/1362/1463
f 759/1408/1464 747/1344/1464 749/1388/1464
f 758/1405/1465 745/1406/1465 743/1352/1465
f 762/1391/1466 744/1357/1466 723/1356/1466
f 750/1381/1467 761/1376/1467 757/1375/1467
f 751/1409/1468 725/1351/1468 736/1403/1468
f 717/1400/1469 723/1356/1469 731/1368/1469
f 717/1400/1470 762/1391/1470 723/1356/1470
f 760/1348/1471 750/1410/1471 757/1411/1471
f 754/1345/1472 734/1337/1472 737/1365/1472
f 717/1400/1473 720/1399/1473 762/1391/1473
f 742/1412/1474 744/1407/1474 745/1406/1474
f 745/1406/1475 744/1407/1475 752/1363/1475
f 759/1408/1476 758/1405/1476 751/1409/1476
f 484/894/1477 753/909/1477 722/1380/1477
f 734/1337/1478 754/1345/1478 719/1347/1478
f 743/1352/1479 725/1351/1479 758/1405/1479
f 721/1339/1480 726/1413/1480 755/1414/1480
f 721/1339/1481 719/1338/1481 726/1413/1481
f 760/1348/1482 735/1415/1482 750/1410/1482
f 759/1371/1483 751/1389/1483 724/1372/1483
f 722/1380/1484 738/1341/1484 484/894/1484
f 755/1414/1485 731/1416/1485 764/1417/1485
f 758/1405/1486 725/1351/1486 751/1409/1486
f 752/1363/1487 743/1352/1487 745/1406/1487
f 755/1414/1488 764/1417/1488 753/1333/1488
f 718/1335/1489 720/1334/1489 756/1377/1489
f 749/1388/1490 758/1405/1490 759/1408/1490
f 756/1377/1491 730/1354/1491 718/1335/1491
f 716/1404/1492 754/1345/1492 737/1365/1492
f 756/1401/1493 717/1400/1493 757/1411/1493
f 757/1411/1494 755/1349/1494 760/1348/1494
f 755/1414/1495 753/1333/1495 721/1339/1495
f 754/1345/1496 716/1404/1496 724/1372/1496
f 717/1400/1497 755/1349/1497 757/1411/1497
f 755/1349/1498 717/1400/1498 731/1368/1498
f 749/1388/1499 742/1412/1499 745/1406/1499
f 729/1385/1500 742/1412/1500 749/1388/1500
f 798/1418/1501 803/1419/1501 768/1420/1501
f 775/1421/1502 766/1422/1502 782/1423/1502
f 770/1424/1503 809/77/1503 800/1425/1503
f 930/1426/1504 811/1427/1504 905/1428/1504
f 22/32/1505 774/1429/1505 23/31/1505
f 770/1424/1506 800/1425/1506 781/1430/1506
f 777/1431/1507 776/1432/1507 796/1433/1507
f 766/1434/1508 772/1435/1508 782/1436/1508
f 806/1437/1509 781/1438/1509 800/1439/1509
f 840/1440/1510 776/1432/1510 777/1431/1510
f 930/1441/1511 771/1442/1511 765/1443/1511
f 766/1444/1512 770/1445/1512 781/1446/1512
f 770/1447/1513 766/1448/1513 797/1449/1513
f 780/1450/1514 773/1451/1514 797/1452/1514
f 778/1453/1515 22/32/1515 769/18/1515
f 776/1432/1516 767/1454/1516 796/1433/1516
f 774/1429/1517 20/20/1517 23/31/1517
f 812/1455/1518 801/1456/1518 905/1457/1518
f 781/1458/1519 806/1459/1519 779/1460/1519
f 905/1457/1520 801/1456/1520 771/1461/1520
f 778/1453/1521 769/18/1521 25/19/1521
f 20/1462/1522 774/1463/1522 788/1464/1522
f 783/1465/1523 788/1466/1523 774/1429/1523
f 775/1467/1524 782/1468/1524 787/1469/1524
f 806/1459/1525 793/1470/1525 779/1460/1525
f 25/67/1526 809/66/1526 778/1471/1526
f 20/1462/1527 788/1464/1527 784/1472/1527
f 785/1473/1528 777/1431/1528 814/1474/1528
f 779/1475/1529 808/1476/1529 781/1477/1529
f 802/1478/1530 47/14/1530 784/36/1530
f 770/1479/1531 778/1471/1531 809/66/1531
f 808/1480/1532 779/1460/1532 793/1470/1532
f 806/1459/1533 60/1481/1533 786/1482/1533
f 767/1454/1534 773/1451/1534 780/1450/1534
f 783/1483/1535 22/1484/1535 778/1471/1535
f 774/1429/1536 22/32/1536 783/1465/1536
f 806/1459/1537 786/1482/1537 793/1470/1537
f 787/1485/1538 794/1486/1538 791/1487/1538
f 767/1454/1539 807/1488/1539 773/1451/1539
f 801/1489/1540 787/1485/1540 782/1423/1540
f 9/1490/1541 776/1432/1541 840/1440/1541
f 9/1490/1542 767/1454/1542 776/1432/1542
f 801/1489/1543 794/1486/1543 787/1485/1543
f 780/1450/1544 790/1491/1544 796/1433/1544
f 790/1491/1545 789/1492/1545 796/1433/1545
f 783/1483/1546 778/1471/1546 770/1479/1546
f 60/1481/1547 912/1493/1547 786/1482/1547
f 783/1483/1548 770/1479/1548 773/1451/1548
f 767/1454/1549 780/1450/1549 796/1433/1549
f 60/62/1550 140/108/1550 896/318/1550
f 813/1494/1551 808/1480/1551 793/1470/1551
f 772/1495/1552 808/1496/1552 813/1497/1552
f 787/1485/1553 791/1487/1553 790/1491/1553
f 788/1498/1554 783/1483/1554 773/1451/1554
f 777/1431/1555 855/1499/1555 840/1440/1555
f 789/1492/1556 790/1491/1556 791/1487/1556
f 912/1493/1557 60/1481/1557 896/1500/1557
f 777/1431/1558 785/1473/1558 855/1499/1558
f 777/1431/1559 796/1433/1559 789/1492/1559
f 807/1501/1560 784/1502/1560 788/1503/1560
f 765/1504/1561 772/1495/1561 813/1497/1561
f 791/1487/1562 794/1486/1562 768/1420/1562
f 791/1487/1563 792/1505/1563 789/1492/1563
f 792/1505/1564 814/1474/1564 777/1431/1564
f 768/1420/1565 795/1506/1565 791/1487/1565
f 789/1492/1566 792/1505/1566 777/1431/1566
f 773/1507/1567 770/1447/1567 797/1449/1567
f 786/1508/1568 804/1509/1568 793/1510/1568
f 803/1419/1569 814/1474/1569 792/1505/1569
f 807/1488/1570 802/1511/1570 784/1512/1570
f 773/1451/1571 807/1488/1571 788/1498/1571
f 790/1491/1572 780/1450/1572 797/1452/1572
f 801/1513/1573 782/1436/1573 765/1443/1573
f 813/1494/1574 793/1470/1574 804/1514/1574
f 782/1436/1575 772/1435/1575 765/1443/1575
f 810/1515/1576 799/1516/1576 864/1517/1576
f 797/1452/1577 775/1421/1577 790/1491/1577
f 804/1509/1578 786/1508/1578 912/1518/1578
f 768/1420/1579 805/1519/1579 798/1418/1579
f 787/1469/1580 790/1520/1580 775/1467/1580
f 814/1474/1581 865/1521/1581 785/1473/1581
f 809/77/1582 806/1522/1582 800/1425/1582
f 792/1505/1583 791/1487/1583 795/1506/1583
f 805/1523/1584 812/1524/1584 811/1525/1584
f 801/1513/1585 765/1443/1585 771/1442/1585
f 766/1526/1586 781/1527/1586 808/1528/1586
f 810/1529/1587 111/1530/1587 802/1531/1587
f 821/1532/1588 799/1533/1588 767/1454/1588
f 809/77/1589 55/78/1589 806/1522/1589
f 794/1534/1590 801/1535/1590 812/1524/1590
f 803/1419/1591 792/1505/1591 795/1506/1591
f 768/1420/1592 803/1419/1592 795/1506/1592
f 805/1523/1593 768/1536/1593 794/1534/1593
f 897/1537/1594 805/1538/1594 811/1539/1594
f 798/1418/1595 805/1519/1595 897/1540/1595
f 766/1541/1596 808/1496/1596 772/1495/1596
f 807/1488/1597 767/1454/1597 799/1533/1597
f 799/1542/1598 810/1529/1598 802/1531/1598
f 802/1511/1599 807/1488/1599 799/1533/1599
f 775/1421/1600 797/1452/1600 766/1422/1600
f 962/1543/1601 814/1474/1601 911/1544/1601
f 905/1457/1602 811/1545/1602 812/1455/1602
f 805/1523/1603 794/1534/1603 812/1524/1603
f 818/1546/1604 815/1547/1604 816/1548/1604
f 825/1549/1605 876/1550/1605 817/1551/1605
f 876/1552/1606 815/1553/1606 817/1554/1606
f 823/1555/1607 824/1556/1607 818/1557/1607
f 893/1558/1608 817/1551/1608 824/1556/1608
f 823/1559/1609 818/1560/1609 819/1561/1609
f 823/1559/1610 835/1562/1610 878/1563/1610
f 819/1564/1611 818/1565/1611 816/1566/1611
f 817/1551/1612 818/1557/1612 824/1556/1612
f 815/1547/1613 818/1546/1613 817/1567/1613
f 819/1561/1614 835/1562/1614 823/1559/1614
f 816/1566/1615 843/1568/1615 819/1564/1615
f 817/1551/1616 893/1558/1616 825/1549/1616
f 815/1547/1617 843/1569/1617 816/1548/1617
f 827/1570/1618 815/1553/1618 876/1552/1618
f 843/1571/1619 815/1553/1619 827/1570/1619
f 835/1562/1620 879/1572/1620 878/1563/1620
f 810/1515/1621 830/1573/1621 111/1574/1621
f 823/1555/1622 890/1575/1622 824/1556/1622
f 111/231/1623 830/246/1623 71/232/1623
f 877/1576/1624 854/1577/1624 885/1578/1624
f 829/1579/1625 882/1580/1625 837/1581/1625
f 823/1555/1626 878/1582/1626 890/1575/1626
f 849/1583/1627 822/1584/1627 858/1585/1627
f 892/1586/1628 841/1587/1628 843/1571/1628
f 892/1586/1629 845/1588/1629 841/1587/1629
f 885/1578/1630 826/1589/1630 877/1576/1630
f 858/1585/1631 822/1584/1631 832/1590/1631
f 853/1591/1632 67/247/1632 830/246/1632
f 838/1592/1633 831/1593/1633 836/1594/1633
f 826/1589/1634 887/1595/1634 829/1579/1634
f 844/1596/1635 826/1589/1635 834/1597/1635
f 881/1598/1636 825/1599/1636 820/1600/1636
f 864/1517/1637 830/1573/1637 810/1515/1637
f 860/1601/1638 833/1602/1638 828/196/1638
f 822/1584/1639 879/1572/1639 835/1562/1639
f 866/1603/1640 830/1604/1640 864/1605/1640
f 892/1586/1641 831/1593/1641 845/1588/1641
f 890/1606/1642 833/1602/1642 860/1601/1642
f 832/1590/1643 822/1584/1643 835/1562/1643
f 837/1581/1644 834/1597/1644 829/1579/1644
f 887/1607/1645 836/1608/1645 850/1609/1645
f 849/1583/1646 833/1602/1646 822/1584/1646
f 838/1592/1647 836/1594/1647 887/1595/1647
f 853/1610/1648 830/1611/1648 866/1612/1648
f 829/1579/1649 834/1597/1649 826/1589/1649
f 877/1576/1650 826/1589/1650 884/1613/1650
f 828/196/1651 833/1602/1651 99/204/1651
f 9/1490/1652 842/1614/1652 820/1600/1652
f 837/1581/1653 875/1615/1653 993/1616/1653
f 826/1589/1654 844/1596/1654 884/1613/1654
f 887/1617/1655 886/1618/1655 845/1619/1655
f 832/1590/1656 839/1620/1656 858/1585/1656
f 842/1614/1657 840/1440/1657 855/1499/1657
f 993/1621/1658 834/1622/1658 837/1623/1658
f 833/1602/1659 849/1583/1659 852/1624/1659
f 859/1625/1660 839/1620/1660 832/1590/1660
f 843/1626/1661 835/1562/1661 819/1561/1661
f 9/1490/1662 840/1440/1662 842/1614/1662
f 880/1627/1663 847/1628/1663 874/1629/1663
f 845/1630/1664 886/1631/1664 894/1632/1664
f 867/1633/1665 894/1634/1665 895/1635/1665
f 852/1624/1666 99/204/1666 833/1602/1666
f 845/1619/1667 838/1636/1667 887/1617/1667
f 828/196/1668 846/167/1668 67/247/1668
f 852/1637/1669 122/238/1669 99/237/1669
f 867/1638/1670 856/1639/1670 843/1640/1670
f 841/1641/1671 867/1642/1671 843/1643/1671
f 1230/1644/1672 869/1645/1672 852/1646/1672
f 841/1647/1673 845/1648/1673 894/1634/1673
f 860/1601/1674 828/196/1674 67/247/1674
f 851/1649/1675 849/1583/1675 858/1585/1675
f 841/1647/1676 894/1634/1676 867/1633/1676
f 860/1601/1677 67/247/1677 853/1591/1677
f 855/1499/1678 850/1650/1678 842/1614/1678
f 831/1593/1679 838/1592/1679 845/1588/1679
f 854/1577/1680 880/1651/1680 874/1652/1680
f 851/1649/1681 852/1624/1681 849/1583/1681
f 843/1640/1682 832/1653/1682 835/1654/1682
f 860/1655/1683 853/1610/1683 866/1612/1683
f 820/1600/1684 842/1614/1684 836/1594/1684
f 851/1649/1685 857/1656/1685 1230/1657/1685
f 850/1650/1686 855/1499/1686 887/1595/1686
f 880/1651/1687 854/1577/1687 1251/1658/1687
f 856/1659/1688 859/1660/1688 832/1661/1688
f 842/1614/1689 850/1650/1689 836/1594/1689
f 861/1662/1690 859/1660/1690 856/1659/1690
f 855/1499/1691 785/1473/1691 882/1580/1691
f 859/1625/1692 861/1663/1692 839/1620/1692
f 1230/1657/1693 852/1624/1693 851/1649/1693
f 870/1664/1694 1251/1658/1694 854/1577/1694
f 856/1659/1695 867/1665/1695 862/1666/1695
f 122/250/1696 852/1624/1696 869/1667/1696
f 891/1668/1697 866/1612/1697 864/1669/1697
f 832/1653/1698 843/1640/1698 856/1639/1698
f 872/1670/1699 847/1628/1699 895/1635/1699
f 864/1671/1700 799/1533/1700 821/1532/1700
f 875/1615/1701 785/1473/1701 865/1521/1701
f 895/1635/1702 847/1628/1702 888/1672/1702
f 862/1666/1703 867/1665/1703 868/1673/1703
f 869/1667/1704 863/935/1704 122/250/1704
f 977/1674/1705 865/1521/1705 814/1474/1705
f 1238/1675/1706 848/1676/1706 851/1649/1706
f 977/1674/1707 875/1615/1707 865/1521/1707
f 895/1635/1708 888/1672/1708 868/1677/1708
f 860/1655/1709 866/1612/1709 891/1668/1709
f 1238/1678/1710 851/1679/1710 858/1680/1710
f 862/1666/1711 861/1662/1711 856/1659/1711
f 962/1543/1712 977/1674/1712 814/1474/1712
f 869/1645/1713 1230/1644/1713 863/1681/1713
f 821/1682/1714 891/1683/1714 864/1684/1714
f 857/1656/1715 851/1649/1715 848/1676/1715
f 881/1598/1716 876/1552/1716 825/1599/1716
f 870/1664/1717 854/1577/1717 877/1576/1717
f 882/1580/1718 785/1473/1718 875/1615/1718
f 862/1666/1719 868/1673/1719 883/1685/1719
f 837/1581/1720 882/1580/1720 875/1615/1720
f 1232/1686/1721 1234/1687/1721 1230/1688/1721
f 9/1490/1722 820/1600/1722 767/1454/1722
f 821/1532/1723 767/1454/1723 820/1600/1723
f 870/1664/1724 877/1576/1724 873/1689/1724
f 857/1656/1725 1232/1690/1725 1230/1657/1725
f 847/1628/1726 848/1691/1726 888/1672/1726
f 1234/1692/1727 1229/1693/1727 1230/1657/1727
f 990/1694/1728 875/1615/1728 977/1674/1728
f 825/1695/1729 891/1683/1729 821/1682/1729
f 848/1676/1730 871/1696/1730 857/1656/1730
f 874/1629/1731 847/1628/1731 872/1670/1731
f 825/1549/1732 893/1558/1732 891/1697/1732
f 871/1696/1733 1232/1690/1733 857/1656/1733
f 1238/1698/1734 888/1672/1734 848/1691/1734
f 878/1582/1735 833/1699/1735 890/1575/1735
f 854/1700/1736 874/1629/1736 872/1670/1736
f 873/1689/1737 877/1576/1737 884/1613/1737
f 878/1563/1738 879/1572/1738 833/1602/1738
f 871/1696/1739 1235/1701/1739 1232/1690/1739
f 861/1662/1740 862/1666/1740 883/1685/1740
f 887/1595/1741 855/1499/1741 882/1580/1741
f 873/1689/1742 884/1613/1742 889/1702/1742
f 847/1628/1743 871/1703/1743 848/1691/1743
f 891/1697/1744 824/1556/1744 890/1575/1744
f 884/1704/1745 987/1705/1745 889/1706/1745
f 860/1655/1746 891/1668/1746 890/1707/1746
f 887/1595/1747 882/1580/1747 829/1579/1747
f 847/1628/1748 880/1627/1748 871/1703/1748
f 987/1705/1749 1282/1708/1749 889/1706/1749
f 880/1709/1750 1228/1710/1750 871/1711/1750
f 820/1600/1751 836/1594/1751 881/1598/1751
f 885/1712/1752 886/1713/1752 826/1714/1752
f 892/1715/1753 827/1716/1753 831/1717/1753
f 854/1700/1754 872/1670/1754 885/1712/1754
f 879/1718/1755 822/1719/1755 833/1720/1755
f 893/1558/1756 824/1556/1756 891/1697/1756
f 872/1670/1757 886/1713/1757 885/1712/1757
f 827/1570/1758 876/1552/1758 881/1598/1758
f 887/1595/1759 826/1589/1759 886/1721/1759
f 894/1634/1760 886/1713/1760 895/1635/1760
f 868/1673/1761 867/1665/1761 895/1722/1761
f 895/1635/1762 886/1713/1762 872/1670/1762
f 827/1570/1763 881/1598/1763 831/1593/1763
f 827/1716/1764 892/1715/1764 843/1723/1764
f 1228/1724/1765 880/1725/1765 1251/1726/1765
f 831/1593/1766 881/1598/1766 836/1594/1766
f 825/1599/1767 821/1532/1767 820/1600/1767
f 907/1727/1768 932/1728/1768 898/1729/1768
f 813/1494/1769 804/1514/1769 925/1730/1769
f 925/1731/1770 765/1504/1770 813/1497/1770
f 897/1732/1771 898/1733/1771 902/1734/1771
f 765/1504/1772 925/1731/1772 907/1735/1772
f 904/1736/1773 899/1737/1773 953/1738/1773
f 912/1493/1774 896/1500/1774 901/1739/1774
f 933/383/1775 899/1740/1775 924/382/1775
f 933/1741/1776 929/1742/1776 899/1743/1776
f 929/1744/1777 933/383/1777 196/396/1777
f 919/1745/1778 932/1746/1778 921/1747/1778
f 944/1748/1779 899/1743/1779 929/1742/1779
f 916/1749/1780 899/1743/1780 944/1748/1780
f 930/1441/1781 765/1443/1781 907/1750/1781
f 901/1739/1782 927/1751/1782 918/1752/1782
f 915/1753/1783 932/1754/1783 919/1755/1783
f 915/1756/1784 919/1757/1784 976/1758/1784
f 917/1759/1785 931/1760/1785 141/1761/1785
f 916/1749/1786 953/1762/1786 899/1743/1786
f 897/1732/1787 902/1734/1787 798/1763/1787
f 798/1763/1788 902/1734/1788 803/1764/1788
f 910/1765/1789 803/1419/1789 902/1766/1789
f 901/1739/1790 896/1500/1790 153/1767/1790
f 922/1768/1791 913/1769/1791 917/1759/1791
f 907/1735/1792 925/1731/1792 926/1770/1792
f 926/1770/1793 925/1731/1793 928/1771/1793
f 903/1772/1794 906/1773/1794 141/1774/1794
f 913/1775/1795 918/1776/1795 917/1777/1795
f 901/1739/1796 153/1767/1796 927/1751/1796
f 811/1778/1797 930/1779/1797 897/1780/1797
f 915/1756/1798 902/1766/1798 898/1781/1798
f 897/1732/1799 907/1782/1799 898/1733/1799
f 921/1747/1800 928/1771/1800 914/1783/1800
f 906/1784/1801 903/1785/1801 187/1786/1801
f 814/1474/1802 803/1419/1802 911/1544/1802
f 911/1544/1803 803/1419/1803 910/1765/1803
f 923/1787/1804 918/1776/1804 913/1775/1804
f 904/1736/1805 953/1738/1805 908/1788/1805
f 909/1789/1806 912/1493/1806 901/1739/1806
f 909/1790/1807 804/1509/1807 912/1518/1807
f 920/1791/1808 909/1789/1808 901/1739/1808
f 915/1756/1809 910/1765/1809 902/1766/1809
f 989/1792/1810 908/1788/1810 953/1738/1810
f 917/1759/1811 141/1761/1811 906/1793/1811
f 915/1756/1812 986/1794/1812 910/1765/1812
f 920/1795/1813 804/1509/1813 909/1790/1813
f 914/1783/1814 989/1796/1814 921/1747/1814
f 908/1797/1815 989/1796/1815 914/1783/1815
f 922/1768/1816 917/1759/1816 906/1793/1816
f 900/328/1817 149/283/1817 192/336/1817
f 922/1768/1818 906/1793/1818 187/1798/1818
f 918/1752/1819 920/1791/1819 901/1739/1819
f 930/1799/1820 905/1457/1820 771/1461/1820
f 921/1747/1821 970/1800/1821 919/1745/1821
f 192/384/1822 153/325/1822 900/341/1822
f 927/1801/1823 153/325/1823 192/384/1823
f 923/1787/1824 913/1775/1824 904/1802/1824
f 192/384/1825 931/1803/1825 927/1801/1825
f 970/1800/1826 921/1747/1826 989/1796/1826
f 932/1804/1827 915/1756/1827 898/1781/1827
f 183/1805/1828 132/302/1828 141/304/1828
f 141/304/1829 931/1806/1829 183/1805/1829
f 925/1731/1830 920/1795/1830 928/1771/1830
f 922/1807/1831 899/1808/1831 904/1809/1831
f 928/1810/1832 920/1811/1832 918/1812/1832
f 913/1769/1833 922/1768/1833 904/1813/1833
f 183/385/1834 931/1803/1834 192/384/1834
f 907/1782/1835 897/1732/1835 930/1814/1835
f 904/1802/1836 908/1797/1836 923/1787/1836
f 932/1746/1837 926/1770/1837 921/1747/1837
f 928/1771/1838 921/1747/1838 926/1770/1838
f 928/1771/1839 918/1776/1839 923/1787/1839
f 908/1797/1840 914/1783/1840 923/1787/1840
f 927/1801/1841 931/1803/1841 917/1815/1841
f 999/1816/1842 970/1800/1842 989/1796/1842
f 914/1817/1843 928/1818/1843 923/1819/1843
f 918/1752/1844 927/1751/1844 917/1820/1844
f 932/1746/1845 907/1735/1845 926/1770/1845
f 187/1798/1846 899/1821/1846 922/1768/1846
f 924/1822/1847 899/1823/1847 187/1824/1847
f 925/1731/1848 804/1509/1848 920/1795/1848
f 937/1825/1849 196/1826/1849 217/1827/1849
f 948/1828/1850 929/1829/1850 950/1830/1850
f 949/1831/1851 1053/601/1851 1058/1832/1851
f 948/1828/1852 950/1830/1852 938/1833/1852
f 943/1834/1853 951/1835/1853 1044/1836/1853
f 948/1837/1854 935/1838/1854 943/1839/1854
f 935/1840/1855 948/1841/1855 938/1842/1855
f 1011/1843/1856 944/1844/1856 948/1845/1856
f 1059/1846/1857 949/1847/1857 1058/1848/1857
f 937/1825/1858 217/1827/1858 946/1849/1858
f 936/1850/1859 938/1833/1859 939/1851/1859
f 939/1852/1860 951/1853/1860 936/1854/1860
f 941/1855/1861 949/1831/1861 1059/1856/1861
f 952/1857/1862 1019/1858/1862 941/1859/1862
f 1044/1860/1863 951/1853/1863 939/1852/1863
f 944/1748/1864 1011/1861/1864 916/1749/1864
f 929/1744/1865 196/396/1865 937/1862/1865
f 946/437/1866 942/434/1866 945/1863/1866
f 940/1864/1867 941/1859/1867 939/1865/1867
f 929/1866/1868 937/1867/1868 950/1868/1868
f 941/1859/1869 940/1864/1869 934/1869/1869
f 945/1863/1870 210/420/1870 219/433/1870
f 942/434/1871 210/420/1871 945/1863/1871
f 941/1855/1872 934/1870/1872 949/1831/1872
f 1059/1846/1873 952/1857/1873 941/1859/1873
f 948/1871/1874 944/1748/1874 929/1742/1874
f 1011/1861/1875 948/1871/1875 943/1834/1875
f 947/1872/1876 219/1873/1876 934/1874/1876
f 947/1872/1877 945/1875/1877 219/1873/1877
f 949/1831/1878 203/429/1878 225/435/1878
f 947/1876/1879 934/1877/1879 940/1878/1879
f 946/1849/1880 950/1879/1880 937/1825/1880
f 943/1834/1881 1015/1880/1881 1011/1861/1881
f 941/1859/1882 1044/1836/1882 939/1865/1882
f 939/1881/1883 945/1882/1883 947/1876/1883
f 219/433/1884 949/1831/1884 934/1870/1884
f 946/1849/1885 945/1883/1885 950/1879/1885
f 951/1835/1886 938/1884/1886 936/1885/1886
f 939/1881/1887 947/1876/1887 940/1878/1887
f 949/1831/1888 219/433/1888 203/429/1888
f 943/1834/1889 935/1886/1889 938/1884/1889
f 1053/601/1890 949/1831/1890 225/435/1890
f 945/1883/1891 939/1887/1891 950/1879/1891
f 939/1851/1892 938/1833/1892 950/1830/1892
f 938/1884/1893 951/1835/1893 943/1834/1893
f 995/1888/1894 971/1889/1894 954/1890/1894
f 963/1891/1895 955/1892/1895 1003/1893/1895
f 1003/1893/1896 955/1892/1896 1000/1894/1896
f 998/1895/1897 1028/1896/1897 1010/1897/1897
f 959/1898/1898 1001/1899/1898 967/1900/1898
f 965/1901/1899 1001/1902/1899 955/1903/1899
f 1001/1899/1900 965/1904/1900 967/1900/1900
f 969/1905/1901 954/1890/1901 982/1906/1901
f 916/1749/1902 1028/1896/1902 953/1762/1902
f 1001/1907/1903 966/1908/1903 955/1892/1903
f 955/1892/1904 966/1908/1904 1000/1894/1904
f 958/1909/1905 957/1910/1905 1262/1911/1905
f 911/1544/1906 910/1765/1906 992/1912/1906
f 992/1912/1907 1000/1894/1907 966/1908/1907
f 960/1913/1908 959/1898/1908 967/1900/1908
f 956/1914/1909 992/1915/1909 966/1916/1909
f 998/1895/1910 1010/1897/1910 981/1917/1910
f 1001/1907/1911 980/1918/1911 966/1908/1911
f 988/1919/1912 980/1918/1912 1001/1907/1912
f 1001/1907/1913 975/1920/1913 1002/1921/1913
f 1001/1922/1914 959/1923/1914 975/1924/1914
f 963/1891/1915 976/1758/1915 965/1925/1915
f 1006/1926/1916 956/1914/1916 966/1916/1916
f 973/1927/1917 954/1928/1917 969/1929/1917
f 965/1904/1918 974/1930/1918 964/1931/1918
f 961/1932/1919 973/1933/1919 969/1905/1919
f 996/1934/1920 967/1935/1920 964/1936/1920
f 974/1937/1921 976/1938/1921 919/1939/1921
f 967/1935/1922 968/1940/1922 960/1941/1922
f 972/1942/1923 973/1933/1923 961/1932/1923
f 978/1943/1924 959/1898/1924 960/1913/1924
f 975/1944/1925 959/1898/1925 978/1943/1925
f 983/1945/1926 1006/1946/1926 966/1908/1926
f 992/1912/1927 910/1765/1927 1003/1893/1927
f 966/1908/1928 980/1918/1928 983/1945/1928
f 1287/1947/1929 995/1888/1929 954/1890/1929
f 911/1544/1930 992/1912/1930 956/1948/1930
f 964/1931/1931 967/1900/1931 965/1904/1931
f 974/1930/1932 919/1745/1932 970/1800/1932
f 844/1596/1933 834/1597/1933 971/1889/1933
f 956/1949/1934 962/1950/1934 911/1951/1934
f 983/1945/1935 982/1906/1935 971/1889/1935
f 996/1952/1936 1005/1953/1936 994/1954/1936
f 1262/1911/1937 972/1942/1937 961/1932/1937
f 967/1935/1938 996/1934/1938 968/1940/1938
f 982/1906/1939 954/1890/1939 971/1889/1939
f 960/1941/1940 968/1940/1940 991/1955/1940
f 998/1895/1941 981/1917/1941 979/1956/1941
f 977/1674/1942 962/1543/1942 956/1948/1942
f 971/1889/1943 834/1597/1943 993/1616/1943
f 990/1694/1944 977/1674/1944 956/1948/1944
f 1311/1957/1945 975/1944/1945 978/1943/1945
f 976/1938/1946 974/1937/1946 965/1958/1946
f 993/1616/1947 1004/1959/1947 971/1889/1947
f 996/1952/1948 979/1956/1948 1005/1953/1948
f 961/1932/1949 982/1906/1949 988/1919/1949
f 968/1960/1950 996/1952/1950 994/1954/1950
f 1020/1961/1951 1005/1953/1951 979/1956/1951
f 910/1765/1952 986/1794/1952 963/1891/1952
f 983/1962/1953 1004/1963/1953 1006/1926/1953
f 975/1964/1954 985/1965/1954 1002/1966/1954
f 971/1967/1955 1004/1963/1955 983/1962/1955
f 957/1968/1956 1002/1966/1956 985/1965/1956
f 978/1969/1957 960/1941/1957 997/1970/1957
f 910/1765/1958 963/1891/1958 1003/1893/1958
f 984/1971/1959 974/1930/1959 970/1800/1959
f 984/1971/1960 970/1800/1960 999/1816/1960
f 1002/1966/1961 957/1968/1961 958/1972/1961
f 1311/1957/1962 985/1973/1962 975/1944/1962
f 984/1974/1963 979/1975/1963 996/1934/1963
f 982/1906/1964 983/1945/1964 988/1919/1964
f 988/1919/1965 983/1945/1965 980/1918/1965
f 986/1794/1966 915/1756/1966 976/1758/1966
f 1004/1963/1967 990/1976/1967 956/1914/1967
f 964/1931/1968 974/1930/1968 984/1971/1968
f 978/1969/1969 997/1970/1969 1307/1977/1969
f 979/1956/1970 981/1917/1970 1020/1961/1970
f 956/1914/1971 1006/1926/1971 1004/1963/1971
f 968/1960/1972 994/1954/1972 991/1978/1972
f 1307/1977/1973 1311/1979/1973 978/1969/1973
f 960/1941/1974 991/1955/1974 997/1970/1974
f 989/1792/1975 953/1738/1975 998/1980/1975
f 993/1616/1976 875/1615/1976 990/1694/1976
f 990/1694/1977 1004/1959/1977 993/1616/1977
f 998/1980/1978 999/1981/1978 989/1792/1978
f 1000/1894/1979 992/1912/1979 1003/1893/1979
f 1001/1907/1980 1002/1921/1980 988/1919/1980
f 984/1974/1981 996/1934/1981 964/1936/1981
f 987/1982/1982 995/1888/1982 1287/1947/1982
f 1264/1983/1983 991/1978/1983 994/1954/1983
f 991/1978/1984 1265/1984/1984 997/1985/1984
f 988/1919/1985 1002/1921/1985 958/1909/1985
f 971/1986/1986 987/1705/1986 844/1987/1986
f 1265/1984/1987 991/1978/1987 1264/1983/1987
f 982/1906/1988 961/1932/1988 969/1905/1988
f 1028/1896/1989 998/1895/1989 953/1762/1989
f 995/1988/1990 987/1705/1990 971/1986/1990
f 958/1909/1991 961/1932/1991 988/1919/1991
f 963/1891/1992 986/1794/1992 976/1758/1992
f 961/1932/1993 958/1909/1993 1262/1911/1993
f 844/1987/1994 987/1705/1994 884/1704/1994
f 997/1985/1995 1268/1989/1995 1307/1990/1995
f 963/1891/1996 965/1925/1996 955/1892/1996
f 999/1981/1997 998/1980/1997 979/1975/1997
f 984/1974/1998 999/1981/1998 979/1975/1998
f 1017/1991/1999 994/1992/1999 1025/1993/1999
f 1028/1896/2000 916/1749/2000 1011/1861/2000
f 1024/1994/2001 1039/1995/2001 1036/1996/2001
f 1107/1997/2002 1008/1998/2002 1043/1999/2002
f 1046/2000/2003 1045/2001/2003 1042/2002/2003
f 1045/2001/2004 1046/2000/2004 1007/2003/2004
f 1010/1897/2005 1039/1995/2005 1018/2004/2005
f 981/1917/2006 1010/1897/2006 1018/2004/2006
f 1264/1983/2007 994/1954/2007 1012/2005/2007
f 1015/1880/2008 1009/2006/2008 1011/1861/2008
f 1041/2007/2009 1043/1999/2009 1040/2008/2009
f 994/1954/2010 1017/2009/2010 1012/2005/2010
f 1016/2010/2011 1019/1858/2011 1021/2011/2011
f 1043/1999/2012 1049/2012/2012 1118/2013/2012
f 1033/2014/2013 1026/2015/2013 1045/2016/2013
f 1011/2017/2014 1009/2018/2014 1039/2019/2014
f 1018/2004/2015 1039/1995/2015 1024/1994/2015
f 1041/2007/2016 1049/2012/2016 1043/1999/2016
f 1017/1991/2017 1034/2020/2017 1320/2021/2017
f 1005/1953/2018 1020/1961/2018 1025/2022/2018
f 1049/2012/2019 1016/2010/2019 1021/2011/2019
f 1018/2004/2020 1020/1961/2020 981/1917/2020
f 1018/2023/2021 1025/1993/2021 1020/2024/2021
f 952/1857/2022 1066/2025/2022 1019/1858/2022
f 1026/2026/2023 1033/2027/2023 1040/2008/2023
f 1025/2022/2024 994/1954/2024 1005/1953/2024
f 1034/2020/2025 1025/1993/2025 1018/2023/2025
f 1022/2028/2026 1347/2029/2026 1023/2030/2026
f 1023/2031/2027 1347/2032/2027 1014/2033/2027
f 1049/2012/2028 1021/2011/2028 1118/2013/2028
f 1019/1858/2029 1066/2025/2029 1021/2011/2029
f 1048/2034/2030 1018/2004/2030 1024/1994/2030
f 1026/2026/2031 1040/2008/2031 1038/2035/2031
f 1034/2036/2032 1018/2004/2032 1048/2034/2032
f 1016/2010/2033 1041/2007/2033 1032/2037/2033
f 1021/2011/2034 1066/2025/2034 1056/2038/2034
f 1014/2033/2035 1347/2032/2035 1030/2039/2035
f 1038/2040/2036 1022/2028/2036 1026/2015/2036
f 1029/2041/2037 1027/2042/2037 1037/2043/2037
f 1036/1996/2038 1046/2000/2038 1035/2044/2038
f 1047/2045/2039 1347/2029/2039 1022/2028/2039
f 1015/1880/2040 1031/2046/2040 1009/2006/2040
f 1022/2028/2041 1023/2030/2041 1026/2015/2041
f 1044/1836/2042 1015/1880/2042 943/1834/2042
f 1035/2044/2043 1024/1994/2043 1036/1996/2043
f 1045/2016/2044 1026/2015/2044 1023/2030/2044
f 1013/2047/2045 1045/2001/2045 1023/2048/2045
f 1336/2049/2046 1029/2041/2046 1037/2043/2046
f 1008/1998/2047 1022/2050/2047 1038/2035/2047
f 1039/1995/2048 1028/1896/2048 1011/1861/2048
f 1013/2047/2049 1014/2051/2049 1027/2042/2049
f 1032/2037/2050 1015/1880/2050 1044/1836/2050
f 1032/2037/2051 1031/2046/2051 1015/1880/2051
f 1032/2037/2052 1033/2027/2052 1031/2046/2052
f 1013/2052/2053 1023/2053/2053 1014/2054/2053
f 1032/2037/2054 1041/2007/2054 1033/2027/2054
f 1025/1993/2055 1034/2020/2055 1017/1991/2055
f 1027/2055/2056 1035/2056/2056 1042/2057/2056
f 1336/2058/2057 1037/2059/2057 1030/2060/2057
f 1022/2050/2058 1008/1998/2058 1098/2061/2058
f 1032/2037/2059 1044/1836/2059 1016/2010/2059
f 1029/2062/2060 1034/2020/2060 1048/2063/2060
f 1046/2000/2061 1031/2046/2061 1007/2003/2061
f 1048/2063/2062 1027/2055/2062 1029/2062/2062
f 1320/2021/2063 1034/2020/2063 1029/2062/2063
f 1037/2043/2064 1027/2042/2064 1014/2051/2064
f 1040/2008/2065 1033/2027/2065 1041/2007/2065
f 1038/2035/2066 1040/2008/2066 1043/1999/2066
f 1044/1836/2067 941/1859/2067 1019/1858/2067
f 1048/2063/2068 1024/2064/2068 1035/2056/2068
f 1039/1995/2069 1009/2006/2069 1036/1996/2069
f 1027/2055/2070 1048/2063/2070 1035/2056/2070
f 1007/2065/2071 1031/2066/2071 1033/2067/2071
f 1030/2060/2072 1037/2059/2072 1014/2068/2072
f 1098/2061/2073 1047/2069/2073 1022/2050/2073
f 1007/2070/2074 1033/2014/2074 1045/2016/2074
f 1346/2071/2075 1320/2072/2075 1029/2041/2075
f 1016/2010/2076 1044/1836/2076 1019/1858/2076
f 1346/2073/2077 1029/2074/2077 1336/2075/2077
f 1016/2010/2078 1049/2012/2078 1041/2007/2078
f 1039/1995/2079 1010/1897/2079 1028/1896/2079
f 1045/2001/2080 1013/2047/2080 1042/2002/2080
f 1042/2002/2081 1013/2047/2081 1027/2042/2081
f 1046/2000/2082 1009/2006/2082 1031/2046/2082
f 1036/1996/2083 1009/2006/2083 1046/2000/2083
f 1035/2056/2084 1046/2076/2084 1042/2057/2084
f 1038/2035/2085 1043/1999/2085 1008/1998/2085
f 1050/2077/2086 1064/596/2086 1060/2078/2086
f 1062/2079/2087 1061/2080/2087 1063/2081/2087
f 1060/2078/2088 328/595/2088 1065/2082/2088
f 1101/2083/2089 1056/2038/2089 1066/2025/2089
f 1060/2078/2090 1064/596/2090 328/595/2090
f 1101/2083/2091 1070/2084/2091 1057/2085/2091
f 1069/2086/2092 1062/2087/2092 1070/2084/2092
f 1069/2088/2093 1061/2080/2093 1062/2079/2093
f 1055/625/2094 1051/2089/2094 1058/1832/2094
f 1058/1832/2095 1053/601/2095 1055/625/2095
f 1066/2025/2096 952/1857/2096 1054/2090/2096
f 1116/2091/2097 1052/2092/2097 1057/2085/2097
f 1057/2085/2098 1067/2093/2098 1068/2094/2098
f 1061/2080/2099 1050/2077/2099 1060/2078/2099
f 1050/2077/2100 318/618/2100 1064/596/2100
f 952/1857/2101 1059/1846/2101 1058/1848/2101
f 1065/2082/2102 328/595/2102 338/627/2102
f 1055/625/2103 318/618/2103 1050/2077/2103
f 1072/2095/2104 1057/2085/2104 1068/2094/2104
f 1062/2087/2105 1063/2096/2105 1071/2097/2105
f 1069/2088/2106 1050/2077/2106 1061/2080/2106
f 1079/2098/2107 1072/2095/2107 1068/2094/2107
f 1051/2099/2108 952/1857/2108 1058/1848/2108
f 1068/2094/2109 1067/2093/2109 1079/2098/2109
f 1054/2090/2110 952/1857/2110 1051/2099/2110
f 1054/2090/2111 1051/2099/2111 1069/2086/2111
f 1061/2080/2112 1065/2082/2112 1063/2081/2112
f 1054/2090/2113 1070/2084/2113 1101/2083/2113
f 1070/2084/2114 1054/2090/2114 1069/2086/2114
f 1062/2087/2115 1071/2097/2115 1070/2084/2115
f 1067/2093/2116 1070/2084/2116 1071/2097/2116
f 1075/2100/2117 1063/2081/2117 1065/2082/2117
f 1066/2025/2118 1054/2090/2118 1101/2083/2118
f 1052/2092/2119 1101/2083/2119 1057/2085/2119
f 1060/2078/2120 1065/2082/2120 1061/2080/2120
f 1067/2093/2121 1071/2097/2121 1084/2101/2121
f 1057/2085/2122 1070/2084/2122 1067/2093/2122
f 1051/2089/2123 1055/625/2123 1050/2077/2123
f 1069/2088/2124 1051/2089/2124 1050/2077/2124
f 338/627/2125 1075/2100/2125 1065/2082/2125
f 1154/692/2126 1165/2102/2126 1097/693/2126
f 338/627/2127 1086/2103/2127 1075/2100/2127
f 1078/2104/2128 1085/2105/2128 1074/2106/2128
f 1071/2107/2129 1063/2081/2129 1076/2108/2129
f 1083/2109/2130 1094/2110/2130 4/2111/2130
f 1080/2112/2131 1088/2113/2131 1082/2114/2131
f 1165/2102/2132 1078/2104/2132 1097/693/2132
f 1091/689/2133 1185/823/2133 1186/2115/2133
f 1096/2116/2134 1078/2104/2134 1083/2109/2134
f 1077/679/2135 4/2117/2135 362/680/2135
f 1074/2106/2136 1083/2109/2136 1078/2104/2136
f 1076/2118/2137 1084/2101/2137 1071/2097/2137
f 1095/2119/2138 1168/2120/2138 1090/2121/2138
f 1092/2122/2139 352/667/2139 1087/2123/2139
f 352/2124/2140 345/2125/2140 1087/2126/2140
f 4/2127/2141 1077/2128/2141 1096/2129/2141
f 1083/2109/2142 4/2111/2142 1096/2116/2142
f 1079/2098/2143 1067/2093/2143 1084/2101/2143
f 1084/2101/2144 1088/2113/2144 1079/2098/2144
f 1078/2130/2145 1165/2131/2145 1177/2132/2145
f 1063/2081/2146 1075/2100/2146 1076/2108/2146
f 1082/2114/2147 1172/2133/2147 1080/2112/2147
f 1087/2134/2148 1083/2109/2148 1081/2135/2148
f 1089/2136/2149 1085/2105/2149 1168/2137/2149
f 1168/2137/2150 1085/2105/2150 1152/2138/2150
f 1089/2139/2151 1095/2119/2151 1081/2140/2151
f 352/667/2152 1086/2103/2152 338/627/2152
f 1083/2109/2153 1089/2136/2153 1081/2135/2153
f 1087/2134/2154 345/2141/2154 1091/2142/2154
f 1093/2143/2155 1076/2108/2155 1092/2122/2155
f 1091/689/2156 1186/2115/2156 1094/2144/2156
f 1095/2119/2157 1088/2113/2157 1093/2145/2157
f 1092/2122/2158 1075/2100/2158 1086/2103/2158
f 1086/2146/2159 352/2147/2159 1092/2148/2159
f 1094/2110/2160 1186/659/2160 1073/639/2160
f 1084/2101/2161 1076/2118/2161 1093/2145/2161
f 1089/2136/2162 1083/2109/2162 1074/2106/2162
f 1093/2143/2163 1092/2122/2163 1087/2123/2163
f 1087/2134/2164 1091/2142/2164 1094/2110/2164
f 1172/2149/2165 1090/2150/2165 1134/2151/2165
f 1087/2134/2166 1094/2110/2166 1083/2109/2166
f 1076/2108/2167 1075/2100/2167 1092/2122/2167
f 1088/2113/2168 1080/2112/2168 1079/2098/2168
f 1097/693/2169 1096/2116/2169 359/675/2169
f 1095/2119/2170 1090/2121/2170 1088/2113/2170
f 1082/2114/2171 1088/2113/2171 1090/2121/2171
f 1168/2120/2172 1095/2119/2172 1089/2139/2172
f 1093/2152/2173 1087/2134/2173 1081/2135/2173
f 1095/2153/2174 1093/2152/2174 1081/2135/2174
f 359/675/2175 1096/2116/2175 1077/682/2175
f 1097/693/2176 1078/2104/2176 1096/2116/2176
f 1088/2113/2177 1084/2101/2177 1093/2145/2177
f 1172/2149/2178 1082/2154/2178 1090/2150/2178
f 1079/2098/2179 1080/2112/2179 1072/2095/2179
f 1085/2105/2180 1089/2136/2180 1074/2106/2180
f 1094/2110/2181 1073/639/2181 4/2111/2181
f 1091/689/2182 447/688/2182 1185/823/2182
f 1073/639/2183 362/691/2183 4/2111/2183
f 1109/2155/2184 1120/2156/2184 1113/2157/2184
f 1123/2158/2185 1431/2159/2185 1098/2160/2185
f 1052/2092/2186 1056/2038/2186 1101/2083/2186
f 1112/2161/2187 1102/2162/2187 1436/2163/2187
f 1118/2013/2188 1125/2164/2188 1122/2165/2188
f 1112/2161/2189 1431/2159/2189 1123/2158/2189
f 1112/2161/2190 1108/2166/2190 1102/2162/2190
f 1106/2167/2191 1099/2168/2191 1072/2095/2191
f 1100/2169/2192 1184/2170/2192 1131/2171/2192
f 1099/2168/2193 1106/2167/2193 1124/2172/2193
f 1100/2169/2194 1131/2171/2194 1103/2173/2194
f 1126/2174/2195 1103/2173/2195 1131/2171/2195
f 1107/1997/2196 1127/2175/2196 1119/2176/2196
f 1123/2177/2197 1107/1997/2197 1119/2176/2197
f 1080/2112/2198 1106/2167/2198 1072/2095/2198
f 1127/2175/2199 1043/1999/2199 1122/2165/2199
f 1127/2175/2200 1107/1997/2200 1043/1999/2200
f 1104/2178/2201 1126/2174/2201 1102/2162/2201
f 1043/1999/2202 1118/2013/2202 1122/2165/2202
f 1105/2179/2203 1052/2092/2203 1116/2091/2203
f 1108/2166/2204 1123/2158/2204 1119/2180/2204
f 1131/2171/2205 1117/732/2205 1126/2174/2205
f 1121/2181/2206 1109/2182/2206 1111/2183/2206
f 1121/2181/2207 1115/2184/2207 1114/2185/2207
f 1121/2181/2208 1111/2183/2208 1115/2184/2208
f 1111/2183/2209 1113/2186/2209 1100/2169/2209
f 1111/2183/2210 1100/2169/2210 1103/2173/2210
f 1109/2155/2211 1110/2187/2211 1105/2179/2211
f 1109/2155/2212 1105/2179/2212 1116/2091/2212
f 1112/2161/2213 1123/2158/2213 1108/2166/2213
f 1021/2011/2214 1056/2038/2214 1118/2013/2214
f 1127/2175/2215 1114/2188/2215 1119/2176/2215
f 1111/2189/2216 1109/2155/2216 1113/2157/2216
f 1110/2187/2217 1114/2188/2217 1127/2175/2217
f 1057/2085/2218 1099/2168/2218 1116/2091/2218
f 1111/2183/2219 1103/2173/2219 1115/2184/2219
f 1115/2184/2220 1103/2173/2220 1104/2178/2220
f 1110/2190/2221 1121/2181/2221 1114/2185/2221
f 1116/2091/2222 1120/2156/2222 1109/2155/2222
f 1120/2156/2223 1116/2091/2223 1099/2168/2223
f 1110/2187/2224 1122/2165/2224 1125/2164/2224
f 1110/2187/2225 1127/2175/2225 1122/2165/2225
f 1121/2181/2226 1110/2190/2226 1109/2182/2226
f 1103/2173/2227 1126/2174/2227 1104/2178/2227
f 1118/2013/2228 1056/2038/2228 1125/2164/2228
f 1124/2172/2229 1120/2156/2229 1099/2168/2229
f 1107/1997/2230 1123/2177/2230 1008/1998/2230
f 1125/2164/2231 1052/2092/2231 1110/2187/2231
f 1098/2061/2232 1008/1998/2232 1123/2177/2232
f 1110/2187/2233 1052/2092/2233 1105/2179/2233
f 1124/2191/2234 1113/2192/2234 1120/2193/2234
f 1056/2038/2235 1052/2092/2235 1125/2164/2235
f 1072/2095/2236 1099/2168/2236 1057/2085/2236
f 1108/2166/2237 1119/2180/2237 1114/2185/2237
f 1102/2162/2238 1108/2166/2238 1115/2184/2238
f 1108/2166/2239 1114/2185/2239 1115/2184/2239
f 1115/2184/2240 1104/2178/2240 1102/2162/2240
f 1138/2194/2241 1136/2195/2241 1149/2196/2241
f 1136/2195/2242 1166/2197/2242 1149/2196/2242
f 1129/2198/2243 1130/2199/2243 1156/2200/2243
f 1135/2201/2244 1133/2202/2244 1128/2203/2244
f 1130/2204/2245 1182/2205/2245 1153/2206/2245
f 1113/2192/2246 1148/2207/2246 1171/2208/2246
f 1179/2209/2247 1134/2210/2247 1169/2211/2247
f 1124/2191/2248 1148/2207/2248 1113/2192/2248
f 1141/2212/2249 1174/2213/2249 422/2214/2249
f 1138/2194/2250 1162/2215/2250 1140/2216/2250
f 1135/2217/2251 1180/2218/2251 1133/2219/2251
f 1136/2195/2252 1178/2220/2252 1166/2197/2252
f 1085/2105/2253 1078/2104/2253 1177/2221/2253
f 1146/2222/2254 1106/2167/2254 1139/2223/2254
f 1140/2216/2255 1171/2208/2255 1148/2207/2255
f 1085/2105/2256 1177/2221/2256 1133/2219/2256
f 1140/2216/2257 1148/2207/2257 1150/2224/2257
f 1143/2225/2258 1162/2215/2258 1144/2226/2258
f 1181/2227/2259 1153/2206/2259 1182/2205/2259
f 1141/809/2260 1176/793/2260 1184/2170/2260
f 1143/2228/2261 1141/809/2261 1184/2170/2261
f 1142/2229/2262 1157/2230/2262 1179/2231/2262
f 1124/2172/2263 1106/2167/2263 1146/2222/2263
f 1157/2230/2264 1142/2229/2264 1160/2232/2264
f 1124/2172/2265 1146/2222/2265 1148/2233/2265
f 1149/2196/2266 1147/2234/2266 1144/2226/2266
f 1178/2235/2267 1181/2227/2267 1173/2236/2267
f 1152/2138/2268 1155/2237/2268 1168/2137/2268
f 1138/2194/2269 1175/2238/2269 1136/2195/2269
f 1147/2234/2270 1128/2239/2270 1144/2226/2270
f 1146/2222/2271 1139/2223/2271 1158/2240/2271
f 1169/2241/2272 1168/2137/2272 1155/2237/2272
f 1144/2226/2273 1128/2239/2273 1141/2242/2273
f 1135/2201/2274 1128/2203/2274 1147/2243/2274
f 1137/2244/2275 1148/2233/2275 1146/2222/2275
f 1141/2242/2276 1143/2225/2276 1144/2226/2276
f 1139/2223/2277 1134/2210/2277 1179/2209/2277
f 1100/2169/2278 1143/2228/2278 1184/2170/2278
f 1500/2245/2279 1153/2206/2279 1181/2227/2279
f 1145/2246/2280 1135/2201/2280 1147/2243/2280
f 1148/2233/2281 1137/2244/2281 1150/2247/2281
f 1143/2225/2282 1100/2248/2282 1159/2249/2282
f 1166/2197/2283 1147/2234/2283 1149/2196/2283
f 1158/2240/2284 1157/2250/2284 1163/2251/2284
f 1151/2252/2285 1085/2105/2285 1133/2219/2285
f 1180/2253/2286 1135/2201/2286 1145/2246/2286
f 1131/2171/2287 437/806/2287 1117/732/2287
f 1152/2138/2288 1085/2105/2288 1151/2252/2288
f 1159/2249/2289 1100/2248/2289 1171/2208/2289
f 1153/2254/2290 1156/2200/2290 1130/2199/2290
f 1146/2222/2291 1158/2240/2291 1137/2244/2291
f 1113/2192/2292 1171/2208/2292 1100/2248/2292
f 1158/2240/2293 1139/2223/2293 1179/2209/2293
f 1170/2255/2294 1152/2138/2294 1151/2252/2294
f 1142/2229/2295 1155/2237/2295 1152/2138/2295
f 1161/2256/2296 1129/2198/2296 1156/2200/2296
f 1160/2232/2297 1163/2257/2297 1157/2230/2297
f 1156/2258/2298 1153/2206/2298 1491/2259/2298
f 1145/2246/2299 1147/2243/2299 1166/2260/2299
f 1161/2256/2300 1156/2200/2300 1491/2261/2300
f 1165/2102/2301 1154/692/2301 436/797/2301
f 1129/2198/2302 1160/2232/2302 1142/2229/2302
f 1143/2225/2303 1159/2249/2303 1162/2215/2303
f 1151/2252/2304 1133/2219/2304 1180/2218/2304
f 1158/2240/2305 1179/2209/2305 1157/2250/2305
f 1173/2236/2306 1145/2246/2306 1166/2260/2306
f 1173/2236/2307 1181/2227/2307 1145/2246/2307
f 1137/2244/2308 1158/2240/2308 1163/2251/2308
f 1167/2262/2309 1163/2257/2309 1164/2263/2309
f 1160/2232/2310 1164/2263/2310 1163/2257/2310
f 1138/2194/2311 1140/2216/2311 1150/2224/2311
f 422/808/2312 1165/2102/2312 436/797/2312
f 1180/2218/2313 1170/2255/2313 1151/2252/2313
f 1165/2102/2314 422/808/2314 1174/2264/2314
f 1170/2265/2315 1180/2253/2315 1130/2204/2315
f 1478/2266/2316 1167/2267/2316 1164/2268/2316
f 1152/2138/2317 1170/2255/2317 1142/2229/2317
f 1137/2269/2318 1163/2257/2318 1167/2262/2318
f 1178/2235/2319 1173/2236/2319 1166/2260/2319
f 1080/2112/2320 1172/2133/2320 1106/2167/2320
f 1171/2208/2321 1162/2215/2321 1159/2249/2321
f 1165/2131/2322 1174/2270/2322 1177/2132/2322
f 1139/2223/2323 1106/2167/2323 1172/2133/2323
f 1150/2224/2324 1175/2238/2324 1138/2194/2324
f 1175/2238/2325 1150/2224/2325 1183/2271/2325
f 1139/2272/2326 1172/2149/2326 1134/2151/2326
f 1179/2231/2327 1169/2241/2327 1155/2237/2327
f 1131/2171/2328 1184/2170/2328 1176/793/2328
f 1140/2216/2329 1162/2215/2329 1171/2208/2329
f 1150/2247/2330 1137/2244/2330 1183/2273/2330
f 1169/2211/2331 1090/2121/2331 1168/2120/2331
f 1131/2171/2332 1176/793/2332 437/806/2332
f 1134/2210/2333 1090/2121/2333 1169/2211/2333
f 1141/2274/2334 1128/2203/2334 1174/2270/2334
f 1144/2226/2335 1162/2215/2335 1149/2196/2335
f 1160/2232/2336 1129/2198/2336 1161/2256/2336
f 1130/2204/2337 1180/2253/2337 1182/2205/2337
f 1133/2202/2338 1177/2132/2338 1174/2270/2338
f 1128/2203/2339 1133/2202/2339 1174/2270/2339
f 1132/2275/2340 1183/2273/2340 1137/2244/2340
f 1145/2246/2341 1181/2227/2341 1180/2253/2341
f 1181/2227/2342 1182/2205/2342 1180/2253/2342
f 1132/2276/2343 1137/2269/2343 1167/2262/2343
f 1179/2231/2344 1155/2237/2344 1142/2229/2344
f 1162/2215/2345 1138/2194/2345 1149/2196/2345
f 1160/2232/2346 1161/2256/2346 1164/2263/2346
f 1130/2199/2347 1129/2198/2347 1170/2255/2347
f 1142/2229/2348 1170/2255/2348 1129/2198/2348
f 1188/2277/2349 348/2278/2349 1187/2279/2349
f 1188/2277/2350 1187/2279/2350 448/2280/2350
f 448/2280/2351 1187/2279/2351 450/2281/2351
f 1186/2115/2352 1185/823/2352 1187/2279/2352
f 1187/2279/2353 445/824/2353 450/2281/2353
f 1186/659/2354 1187/2282/2354 348/660/2354
f 1185/823/2355 445/824/2355 1187/2279/2355
f 1188/2277/2356 448/2280/2356 5/2283/2356
f 1199/2284/2357 1202/2285/2357 1192/2286/2357
f 1189/2287/2358 1195/2288/2358 1227/2289/2358
f 1193/2290/2359 5/2283/2359 1198/2291/2359
f 5/2283/2360 454/2292/2360 1188/2277/2360
f 1197/2293/2361 1206/2294/2361 1201/2295/2361
f 1200/2296/2362 1202/2297/2362 1199/2298/2362
f 1198/2291/2363 5/2283/2363 448/2280/2363
f 1197/2293/2364 1190/2299/2364 1191/2300/2364
f 1190/2299/2365 1194/2301/2365 1191/2300/2365
f 1198/2291/2366 448/2280/2366 450/2281/2366
f 1198/2291/2367 1196/2302/2367 1193/2290/2367
f 1197/2293/2368 1191/2300/2368 1195/2303/2368
f 1196/2302/2369 1195/2303/2369 1194/2301/2369
f 1203/2304/2370 1196/2302/2370 459/2305/2370
f 1202/2285/2371 1190/839/2371 1192/2286/2371
f 1194/2301/2372 1193/2290/2372 1196/2302/2372
f 1201/2295/2373 1192/2306/2373 1197/2293/2373
f 1191/2300/2374 1194/2301/2374 1195/2303/2374
f 1200/2296/2375 1199/2298/2375 1227/2307/2375
f 1202/2285/2376 487/896/2376 1190/839/2376
f 1197/2293/2377 1192/2306/2377 1190/2299/2377
f 1203/2308/2378 468/901/2378 490/900/2378
f 490/900/2379 1200/2309/2379 1203/2308/2379
f 490/900/2380 487/899/2380 1200/2309/2380
f 1202/2285/2381 1200/2310/2381 487/896/2381
f 1199/2298/2382 1192/2311/2382 1201/2312/2382
f 1227/2289/2383 1214/2313/2383 1189/2287/2383
f 459/2314/2384 468/901/2384 1203/2308/2384
f 1196/2302/2385 1198/2291/2385 459/2305/2385
f 1195/2288/2386 1203/2308/2386 1227/2289/2386
f 1196/2315/2387 1203/2308/2387 1195/2288/2387
f 1197/2293/2388 1189/2316/2388 1206/2294/2388
f 1227/2289/2389 1203/2308/2389 1200/2309/2389
f 1189/2287/2390 1214/2313/2390 1206/2317/2390
f 1197/2293/2391 1195/2303/2391 1189/2316/2391
f 1207/2318/2392 1221/2319/2392 1212/2320/2392
f 1208/2321/2393 1223/2322/2393 1224/2323/2393
f 1211/2324/2394 1201/2295/2394 1206/2294/2394
f 1209/2325/2395 1221/2319/2395 1207/2318/2395
f 1211/2324/2396 1205/2326/2396 1216/2327/2396
f 1226/2328/2397 1222/2329/2397 1213/2330/2397
f 1211/2331/2398 1213/2330/2398 1201/2312/2398
f 1213/2330/2399 1211/2331/2399 1226/2328/2399
f 1226/2328/2400 1215/2332/2400 1222/2329/2400
f 1226/2328/2401 1210/2333/2401 1215/2332/2401
f 1212/2320/2402 1220/2334/2402 1207/2318/2402
f 1219/2335/2403 1217/2336/2403 1209/2337/2403
f 1223/2338/2404 1208/2339/2404 1204/2340/2404
f 1222/2341/2405 1214/2313/2405 1227/2289/2405
f 1219/2342/2406 1209/2325/2406 1207/2318/2406
f 1226/2328/2407 1216/2343/2407 1223/2338/2407
f 1222/2341/2408 1215/2344/2408 1218/2345/2408
f 1226/2328/2409 1223/2338/2409 1210/2333/2409
f 1217/2336/2410 1205/2326/2410 1209/2337/2410
f 1205/2326/2411 1217/2336/2411 1225/2346/2411
f 1225/2347/2412 1216/2343/2412 1205/2348/2412
f 1225/2346/2413 1217/2336/2413 1224/2323/2413
f 1224/2323/2414 1217/2336/2414 1219/2335/2414
f 1219/2342/2415 1207/2318/2415 1208/2349/2415
f 1223/2322/2416 1225/2346/2416 1224/2323/2416
f 1214/2313/2417 1212/2320/2417 1221/2319/2417
f 1208/2349/2418 1207/2318/2418 1220/2334/2418
f 1223/2338/2419 1204/2340/2419 1210/2333/2419
f 1227/2307/2420 1199/2298/2420 1213/2330/2420
f 1223/2338/2421 1216/2343/2421 1225/2347/2421
f 1224/2323/2422 1219/2335/2422 1208/2321/2422
f 1218/2345/2423 1220/2334/2423 1212/2320/2423
f 1206/2317/2424 1221/2319/2424 1209/2325/2424
f 1206/2294/2425 1209/2337/2425 1205/2326/2425
f 1218/2345/2426 1215/2344/2426 1220/2334/2426
f 1222/2341/2427 1212/2320/2427 1214/2313/2427
f 1215/2332/2428 1210/2333/2428 1220/2350/2428
f 1211/2324/2429 1206/2294/2429 1205/2326/2429
f 1227/2307/2430 1213/2330/2430 1222/2329/2430
f 1218/2345/2431 1212/2320/2431 1222/2341/2431
f 1201/2312/2432 1213/2330/2432 1199/2298/2432
f 1216/2343/2433 1226/2328/2433 1211/2331/2433
f 1204/2351/2434 1220/2334/2434 1210/2352/2434
f 1206/2317/2435 1214/2313/2435 1221/2319/2435
f 1208/2349/2436 1220/2334/2436 1204/2351/2436
f 1251/1658/2437 870/1664/2437 1242/2353/2437
f 1258/2354/2438 1233/931/2438 1237/2355/2438
f 1230/1644/2439 1229/2356/2439 863/1681/2439
f 1258/2354/2440 1237/2355/2440 1247/2357/2440
f 1239/2358/2441 1236/2359/2441 1253/2360/2441
f 1233/931/2442 1244/927/2442 1231/2361/2442
f 1247/2362/2443 1253/2363/2443 1236/2364/2443
f 1231/2365/2444 1237/2366/2444 1233/2367/2444
f 883/2368/2445 1238/1698/2445 839/2369/2445
f 839/1620/2446 1238/1675/2446 858/1585/2446
f 1244/2370/2447 1229/2371/2447 1240/2372/2447
f 1239/2373/2448 1246/2374/2448 1260/2375/2448
f 1235/2376/2449 1228/1710/2449 1249/2377/2449
f 1229/2371/2450 1241/2378/2450 1240/2372/2450
f 1241/2379/2451 1229/1693/2451 1234/1692/2451
f 870/2380/2452 873/2381/2452 1243/2382/2452
f 1252/2383/2453 1235/2376/2453 1249/2377/2453
f 861/1663/2454 883/2384/2454 839/1620/2454
f 1305/2385/2455 1258/2354/2455 1236/2359/2455
f 1250/2386/2456 1243/2387/2456 873/1689/2456
f 1251/1726/2457 1249/2388/2457 1228/1724/2457
f 1236/2359/2458 1239/2358/2458 1305/2385/2458
f 1232/1686/2459 1252/2389/2459 1234/1687/2459
f 1305/2390/2460 1239/2373/2460 1260/2375/2460
f 1239/2391/2461 1249/2392/2461 1242/2393/2461
f 889/1702/2462 1250/2386/2462 873/1689/2462
f 863/935/2463 1229/1693/2463 509/934/2463
f 1249/2394/2464 1251/1658/2464 1242/2353/2464
f 1244/927/2465 509/934/2465 1229/1693/2465
f 889/1706/2466 1282/1708/2466 1250/2395/2466
f 1246/2396/2467 1239/2397/2467 1242/2398/2467
f 1240/2399/2468 1241/2379/2468 1248/2400/2468
f 1231/2361/2469 1248/2400/2469 1237/2355/2469
f 1237/2355/2470 1248/2400/2470 1247/2357/2470
f 870/2380/2471 1243/2382/2471 1242/2398/2471
f 1234/1692/2472 1252/2401/2472 1241/2379/2472
f 1250/2402/2473 1246/2396/2473 1243/2382/2473
f 1231/2403/2474 1244/2404/2474 1240/2405/2474
f 1246/2396/2475 1242/2398/2475 1243/2382/2475
f 1248/2406/2476 1253/2363/2476 1247/2362/2476
f 1248/2400/2477 1231/2361/2477 1240/2399/2477
f 1245/2407/2478 1241/2379/2478 1252/2401/2478
f 1249/2408/2479 1245/2407/2479 1252/2401/2479
f 1248/2400/2480 1245/2407/2480 1239/2358/2480
f 1252/2401/2481 1232/1690/2481 1235/1701/2481
f 883/2368/2482 888/1672/2482 1238/1698/2482
f 888/1672/2483 883/2368/2483 868/1677/2483
f 1249/1779/2484 1239/2409/2484 1245/2410/2484
f 1248/2400/2485 1241/2379/2485 1245/2407/2485
f 1246/2411/2486 1250/2386/2486 1281/2412/2486
f 1239/2358/2487 1253/2360/2487 1248/2400/2487
f 871/1711/2488 1228/1710/2488 1235/2376/2488
f 527/990/2489 513/919/2489 1233/931/2489
f 1301/2413/2490 1272/2414/2490 957/1968/2490
f 1263/2415/2491 1312/2416/2491 1256/2417/2491
f 1269/2418/2492 539/1011/2492 1293/2419/2492
f 1274/2420/2493 1263/2415/2493 1256/2417/2493
f 1261/2421/2494 1288/2422/2494 1278/2423/2494
f 1290/2424/2495 1261/2421/2495 1278/2423/2495
f 1287/1947/2496 954/1890/2496 1259/2425/2496
f 1257/2426/2497 539/1074/2497 1269/2427/2497
f 1288/2422/2498 1280/2428/2498 1278/2423/2498
f 973/1927/2499 1259/2429/2499 954/1928/2499
f 1257/2426/2500 618/1072/2500 539/1074/2500
f 1287/1947/2501 1259/2425/2501 1306/2430/2501
f 1247/2431/2502 1236/2432/2502 1258/2433/2502
f 1351/2434/2503 1318/2435/2503 1257/2436/2503
f 1281/2437/2504 1260/2438/2504 1246/2439/2504
f 1267/2440/2505 1261/2421/2505 1290/2424/2505
f 1259/2441/2506 973/2442/2506 972/2443/2506
f 1291/2444/2507 1301/2445/2507 1307/1990/2507
f 1293/2419/2508 1263/2415/2508 1269/2418/2508
f 1259/2446/2509 972/2447/2509 1254/2448/2509
f 1266/2449/2510 1258/2450/2510 1305/2451/2510
f 1305/2451/2511 1260/2452/2511 1266/2449/2511
f 1313/2453/2512 1274/2420/2512 1292/2454/2512
f 1283/2455/2513 1258/2456/2513 1278/2457/2513
f 1308/2458/2514 1269/2418/2514 1263/2415/2514
f 972/2459/2515 1262/2460/2515 1254/2461/2515
f 997/1985/2516 1265/1984/2516 1268/1989/2516
f 957/1910/2517 1272/2462/2517 1262/1911/2517
f 1281/2437/2518 1266/2463/2518 1260/2438/2518
f 1259/2464/2519 1254/2465/2519 1306/2466/2519
f 1313/2453/2520 1308/2458/2520 1263/2415/2520
f 1266/2449/2521 1278/2467/2521 1258/2450/2521
f 1272/2462/2522 1254/2468/2522 1262/1911/2522
f 1267/2440/2523 1284/2469/2523 1261/2421/2523
f 1269/2427/2524 1351/2470/2524 1257/2426/2524
f 1250/2386/2525 1289/2471/2525 1271/2472/2525
f 1313/2453/2526 1263/2415/2526 1274/2420/2526
f 1304/2473/2527 1291/2444/2527 1307/1990/2527
f 1307/1990/2528 1268/1989/2528 1304/2473/2528
f 1250/2386/2529 1271/2472/2529 1281/2412/2529
f 1340/2474/2530 1265/2475/2530 1264/2476/2530
f 1277/2477/2531 1271/2478/2531 1289/2479/2531
f 1279/2480/2532 1274/2481/2532 1256/2482/2532
f 1267/2483/2533 1279/2484/2533 1284/2485/2533
f 1273/2486/2534 1275/2487/2534 1277/2488/2534
f 1301/2413/2535 1286/2489/2535 1272/2414/2535
f 1294/2490/2536 1272/2414/2536 1286/2489/2536
f 1280/2491/2537 1283/2455/2537 1278/2457/2537
f 1310/2492/2538 1281/2493/2538 1271/2494/2538
f 1301/2445/2539 1291/2444/2539 1286/2495/2539
f 1268/1989/2540 1265/1984/2540 1303/2496/2540
f 1294/2490/2541 1279/2484/2541 1267/2483/2541
f 987/1982/2542 1277/2497/2542 1282/2498/2542
f 1261/2421/2543 1284/2469/2543 1288/2422/2543
f 1275/2499/2544 1310/2500/2544 1271/2501/2544
f 1303/2496/2545 1265/1984/2545 1285/2502/2545
f 1277/2497/2546 987/1982/2546 1273/2503/2546
f 1279/2484/2547 1294/2490/2547 1286/2489/2547
f 1297/2504/2548 1273/2503/2548 987/1982/2548
f 1288/2505/2549 1284/2485/2549 1256/2506/2549
f 987/1982/2550 1287/1947/2550 1297/2504/2550
f 1299/2507/2551 1270/981/2551 1283/2508/2551
f 1297/2509/2552 1290/2510/2552 1273/2486/2552
f 1280/2491/2553 1299/2511/2553 1283/2455/2553
f 1274/2512/2554 1279/2513/2554 1276/2514/2554
f 1279/2515/2555 1286/2495/2555 1276/2516/2555
f 1271/2478/2556 1277/2477/2556 1275/2517/2556
f 1296/2518/2557 1286/2495/2557 1291/2444/2557
f 1287/1947/2558 1306/2430/2558 1297/2504/2558
f 1289/2471/2559 1250/2386/2559 1282/2498/2559
f 1306/2466/2560 1300/2519/2560 1297/2509/2560
f 1296/2518/2561 1276/2516/2561 1286/2495/2561
f 1282/2498/2562 1277/2497/2562 1289/2471/2562
f 1288/2422/2563 1299/2520/2563 1280/2428/2563
f 1274/2512/2564 1276/2514/2564 1292/2521/2564
f 1278/2467/2565 1310/2522/2565 1290/2510/2565
f 1292/2523/2566 1276/2516/2566 1296/2518/2566
f 524/966/2567 1270/981/2567 1295/2524/2567
f 1293/2419/2568 542/1036/2568 1295/2525/2568
f 1270/981/2569 1299/2507/2569 1295/2524/2569
f 1300/2526/2570 1309/2527/2570 1267/2528/2570
f 1290/2510/2571 1297/2509/2571 1300/2519/2571
f 525/967/2572 524/966/2572 1295/2524/2572
f 1295/2524/2573 542/1024/2573 525/967/2573
f 1269/2418/2574 1308/2458/2574 1298/2529/2574
f 1275/2487/2575 1290/2510/2575 1310/2522/2575
f 1293/2419/2576 1314/1013/2576 7/1037/2576
f 1273/2486/2577 1290/2510/2577 1275/2487/2577
f 1293/2419/2578 7/1037/2578 542/1036/2578
f 1296/2518/2579 1291/2444/2579 1304/2473/2579
f 1296/2530/2580 1304/2531/2580 1255/2532/2580
f 1272/2533/2581 1267/2528/2581 1309/2527/2581
f 1294/2534/2582 1267/2528/2582 1272/2533/2582
f 1302/2535/2583 1313/2536/2583 1255/2537/2583
f 1300/2526/2584 1267/2528/2584 1290/2538/2584
f 1299/2539/2585 1293/2419/2585 1295/2525/2585
f 1288/2422/2586 1293/2540/2586 1299/2520/2586
f 1313/2453/2587 1296/2530/2587 1255/2532/2587
f 1302/2541/2588 1298/2529/2588 1308/2458/2588
f 1258/2354/2589 527/990/2589 1233/931/2589
f 1293/2540/2590 1288/2422/2590 1312/2542/2590
f 1302/2541/2591 1308/2458/2591 1313/2453/2591
f 1301/2413/2592 957/1968/2592 985/1965/2592
f 1302/2543/2593 1333/2544/2593 1298/2545/2593
f 1306/2466/2594 1254/2465/2594 1300/2519/2594
f 1303/2496/2595 1302/2535/2595 1255/2537/2595
f 1266/2463/2596 1281/2437/2596 1310/2546/2596
f 1283/2508/2597 1270/981/2597 527/990/2597
f 1311/1957/2598 1301/2547/2598 985/1973/2598
f 1300/2519/2599 1254/2465/2599 1309/2548/2599
f 1266/2449/2600 1310/2522/2600 1278/2467/2600
f 1256/2549/2601 1312/2542/2601 1288/2422/2601
f 1258/2354/2602 1283/2508/2602 527/990/2602
f 1304/2473/2603 1268/1989/2603 1303/2496/2603
f 1256/2506/2604 1284/2485/2604 1279/2484/2604
f 1313/2453/2605 1292/2454/2605 1296/2530/2605
f 1304/2473/2606 1303/2496/2606 1255/2537/2606
f 1293/2419/2607 1312/2416/2607 1263/2415/2607
f 1311/1979/2608 1307/1977/2608 1301/2550/2608
f 1309/2551/2609 1254/2552/2609 1272/2553/2609
f 1314/1013/2610 1293/2419/2610 539/1011/2610
f 1323/2554/2611 1317/1186/2611 643/1112/2611
f 1365/2555/2612 1338/2556/2612 1335/2557/2612
f 1345/2558/2613 1319/2559/2613 1316/2560/2613
f 1319/2559/2614 1400/2561/2614 1316/2560/2614
f 1339/2562/2615 1367/2563/2615 1326/2564/2615
f 1321/2565/2616 1342/2566/2616 1315/2567/2616
f 1321/2565/2617 1315/2567/2617 1350/2568/2617
f 1361/2569/2618 1371/2570/2618 1396/2571/2618
f 1367/2563/2619 1360/2572/2619 1322/2573/2619
f 1323/2554/2620 643/1112/2620 1354/1111/2620
f 1315/2574/2621 1317/1186/2621 1323/2554/2621
f 1343/2575/2622 1373/1213/2622 1318/2435/2622
f 1012/2576/2623 1017/1991/2623 1320/2021/2623
f 1365/2555/2624 1335/2557/2624 1325/2577/2624
f 1326/2564/2625 1367/2563/2625 1322/2573/2625
f 1359/2578/2626 1368/2579/2626 1324/2580/2626
f 1349/2581/2627 1012/2576/2627 1320/2021/2627
f 1349/2582/2628 1366/2583/2628 1328/2584/2628
f 1315/2574/2629 1435/1221/2629 1317/1186/2629
f 1360/2572/2630 1359/2578/2630 1324/2580/2630
f 1332/2585/2631 1323/2586/2631 1357/2587/2631
f 1322/2573/2632 1360/2572/2632 1324/2580/2632
f 1330/2588/2633 1400/2561/2633 1319/2559/2633
f 1352/2589/2634 1327/2590/2634 1325/2591/2634
f 1437/2592/2635 1374/2593/2635 1368/2579/2635
f 1340/2474/2636 1328/2594/2636 1366/2595/2636
f 1303/2496/2637 1331/2596/2637 1302/2535/2637
f 1368/2579/2638 1321/2597/2638 1324/2580/2638
f 1333/2598/2639 1302/2599/2639 1331/2600/2639
f 1368/2579/2640 1374/2593/2640 1321/2597/2640
f 1352/2589/2641 1325/2591/2641 1335/2601/2641
f 1400/2561/2642 1330/2588/2642 1402/2602/2642
f 1332/2603/2643 1357/2604/2643 1329/2605/2643
f 1317/1186/2644 1435/1221/2644 630/1190/2644
f 1334/2606/2645 1332/2603/2645 1329/2605/2645
f 1402/2602/2646 1330/2588/2646 1370/2607/2646
f 1402/2602/2647 1370/2607/2647 1390/2608/2647
f 1322/2573/2648 1324/2580/2648 1350/2609/2648
f 1324/2580/2649 1321/2597/2649 1350/2609/2649
f 1362/2610/2650 1352/2611/2650 1335/2612/2650
f 1269/2418/2651 1298/2529/2651 1356/2613/2651
f 1340/2474/2652 1264/2476/2652 1328/2594/2652
f 1012/2614/2653 1328/2594/2653 1264/2476/2653
f 1328/2584/2654 1012/2005/2654 1349/2582/2654
f 1336/2615/2655 1030/2039/2655 1344/2616/2655
f 1326/2564/2656 1322/2573/2656 1350/2609/2656
f 1331/2617/2657 1345/2618/2657 1333/2619/2657
f 1338/2620/2658 1336/2615/2658 1353/2621/2658
f 1341/2622/2659 1345/2558/2659 1331/2596/2659
f 1285/2623/2660 1265/2475/2660 1340/2474/2660
f 1362/2624/2661 1335/2625/2661 1339/2626/2661
f 1358/2627/2662 1337/2628/2662 1343/2575/2662
f 1363/2629/2663 1358/2627/2663 1343/2575/2663
f 1332/2585/2664 1372/2630/2664 1323/2586/2664
f 1341/2622/2665 1325/2591/2665 1327/2590/2665
f 1344/2616/2666 1030/2039/2666 1347/2032/2666
f 1356/2631/2667 1298/2545/2667 1333/2544/2667
f 1345/2558/2668 1341/2622/2668 1327/2590/2668
f 1339/2562/2669 1355/2632/2669 1362/2610/2669
f 1344/2616/2670 1353/2621/2670 1336/2615/2670
f 1338/2633/2671 1320/2072/2671 1346/2071/2671
f 1350/2634/2672 1323/2586/2672 1372/2630/2672
f 1333/2635/2673 1363/2629/2673 1356/2613/2673
f 1315/2574/2674 1342/2636/2674 1435/1221/2674
f 1347/2029/2675 1047/2045/2675 1344/2637/2675
f 1346/2073/2676 1336/2075/2676 1338/2638/2676
f 1363/2639/2677 1333/2619/2677 1369/2640/2677
f 1348/2641/2678 1344/2637/2678 1047/2045/2678
f 1365/2642/2679 1349/2582/2679 1320/2072/2679
f 1337/2628/2680 1358/2627/2680 600/1113/2680
f 1358/2627/2681 1354/1111/2681 600/1113/2681
f 1365/2642/2682 1320/2072/2682 1338/2633/2682
f 1337/2628/2683 600/1113/2683 613/1156/2683
f 1363/2629/2684 1351/2434/2684 1356/2613/2684
f 1348/2643/2685 1047/2644/2685 1359/2645/2685
f 1431/2646/2686 1359/2645/2686 1047/2644/2686
f 1269/2418/2687 1356/2613/2687 1351/2434/2687
f 1331/2596/2688 1303/2496/2688 1341/2622/2688
f 1360/2647/2689 1344/2648/2689 1348/2649/2689
f 1326/2564/2690 1355/2632/2690 1339/2562/2690
f 1327/2590/2691 1352/2589/2691 1330/2588/2691
f 1351/2650/2692 1343/2651/2692 1318/2652/2692
f 1363/2629/2693 1343/2575/2693 1351/2434/2693
f 1371/2570/2694 1361/2569/2694 1355/2632/2694
f 1357/2604/2695 1354/2653/2695 1358/2654/2695
f 1285/2623/2696 1340/2474/2696 1366/2595/2696
f 1357/2655/2697 1323/2554/2697 1354/1111/2697
f 1333/2619/2698 1377/2656/2698 1369/2640/2698
f 1353/2621/2699 1344/2616/2699 1360/2657/2699
f 1359/2578/2700 1431/2159/2700 1368/2579/2700
f 1372/2658/2701 1355/2632/2701 1350/2609/2701
f 1098/2160/2702 1431/2159/2702 1047/2659/2702
f 1360/2647/2703 1348/2649/2703 1359/2660/2703
f 1319/2559/2704 1327/2590/2704 1330/2588/2704
f 1326/2564/2705 1350/2609/2705 1355/2632/2705
f 1377/2656/2706 1333/2619/2706 1316/2661/2706
f 1372/2630/2707 1332/2585/2707 1364/2662/2707
f 1329/2605/2708 1357/2604/2708 1358/2654/2708
f 1352/2611/2709 1362/2610/2709 1370/2663/2709
f 1338/2620/2710 1353/2621/2710 1335/2625/2710
f 1366/2583/2711 1349/2582/2711 1365/2642/2711
f 1325/2591/2712 1366/2583/2712 1365/2642/2712
f 1352/2589/2713 1370/2607/2713 1330/2588/2713
f 1363/2639/2714 1329/2605/2714 1358/2654/2714
f 1362/2610/2715 1355/2632/2715 1361/2569/2715
f 1361/2569/2716 1390/2664/2716 1362/2610/2716
f 1366/2595/2717 1341/2665/2717 1285/2623/2717
f 1345/2618/2718 1316/2661/2718 1333/2619/2718
f 1367/2666/2719 1353/2621/2719 1360/2657/2719
f 1335/2625/2720 1353/2621/2720 1367/2666/2720
f 1285/2623/2721 1341/2665/2721 1303/2667/2721
f 1334/2668/2722 1376/2669/2722 1332/2585/2722
f 1376/2669/2723 1364/2662/2723 1332/2585/2723
f 1339/2626/2724 1335/2625/2724 1367/2666/2724
f 1315/2574/2725 1323/2554/2725 1350/2609/2725
f 1341/2622/2726 1366/2583/2726 1325/2591/2726
f 618/2670/2727 1318/2435/2727 1373/1213/2727
f 1370/2663/2728 1362/2610/2728 1390/2664/2728
f 1364/2671/2729 1371/2570/2729 1372/2658/2729
f 1369/2640/2730 1334/2606/2730 1363/2639/2730
f 1318/2435/2731 618/2670/2731 1257/2436/2731
f 1319/2559/2732 1345/2558/2732 1327/2590/2732
f 1321/2597/2733 1374/2593/2733 1342/2636/2733
f 1377/2656/2734 1334/2606/2734 1369/2640/2734
f 1337/2628/2735 613/1156/2735 1373/1213/2735
f 1343/2575/2736 1337/2628/2736 1373/1213/2736
f 1355/2632/2737 1372/2658/2737 1371/2570/2737
f 1329/2605/2738 1363/2639/2738 1334/2606/2738
f 1385/2672/2739 1408/2673/2739 1398/2674/2739
f 1405/2675/2740 1420/2676/2740 1425/2677/2740
f 1395/2678/2741 1425/2679/2741 1420/2680/2741
f 1408/2673/2742 1424/2681/2742 1398/2674/2742
f 1392/2682/2743 1421/2683/2743 1422/2684/2743
f 1379/2685/2744 1375/2686/2744 1380/2687/2744
f 1425/2677/2745 1378/2688/2745 1405/2675/2745
f 1390/2664/2746 1361/2569/2746 1382/2689/2746
f 1381/2690/2747 1383/2691/2747 1378/2688/2747
f 1389/2692/2748 1384/2693/2748 1386/2694/2748
f 1376/2669/2749 1409/2695/2749 1364/2662/2749
f 1381/2696/2750 1418/2697/2750 1383/2698/2750
f 1389/2692/2751 1401/2699/2751 1384/2693/2751
f 1416/2700/2752 1378/2688/2752 1383/2691/2752
f 1384/2701/2753 1411/2702/2753 1386/2703/2753
f 1385/2672/2754 1334/2668/2754 1377/2704/2754
f 1388/2705/2755 1380/2687/2755 1397/2706/2755
f 1418/2697/2756 1416/2707/2756 1383/2698/2756
f 1376/2669/2757 1385/2672/2757 1398/2674/2757
f 1386/2708/2758 1381/2690/2758 1425/2677/2758
f 1398/2674/2759 1409/2695/2759 1376/2669/2759
f 1386/2708/2760 1425/2677/2760 1395/2709/2760
f 1385/2672/2761 1376/2669/2761 1334/2668/2761
f 1391/2710/2762 1389/2711/2762 1387/2712/2762
f 1410/2713/2763 1403/2714/2763 1419/2715/2763
f 1391/2710/2764 1387/2712/2764 1406/2716/2764
f 1393/2717/2765 1424/2718/2765 1408/2719/2765
f 1386/2708/2766 1395/2709/2766 1387/2712/2766
f 1379/2685/2767 1380/2687/2767 1388/2705/2767
f 1375/2686/2768 1379/2685/2768 1399/2720/2768
f 1397/2706/2769 1421/2683/2769 1388/2705/2769
f 1396/2571/2770 1371/2570/2770 1364/2671/2770
f 1389/2711/2771 1391/2710/2771 1401/2721/2771
f 1411/2702/2772 1381/2696/2772 1386/2703/2772
f 1409/2722/2773 1396/2571/2773 1364/2671/2773
f 1379/2685/2774 1388/2705/2774 1410/2713/2774
f 1413/2723/2775 1391/2710/2775 1406/2716/2775
f 1382/2689/2776 1407/2724/2776 1390/2664/2776
f 1382/2689/2777 1361/2569/2777 1396/2571/2777
f 1410/2713/2778 1388/2705/2778 1415/2725/2778
f 1413/2723/2779 1406/2716/2779 1394/2726/2779
f 1400/2727/2780 1377/2656/2780 1316/2661/2780
f 1412/2728/2781 1405/2675/2781 1393/2729/2781
f 1419/2715/2782 1382/2689/2782 1410/2713/2782
f 1377/2656/2783 1417/2730/2783 1385/2731/2783
f 1378/2688/2784 1416/2700/2784 1405/2675/2784
f 1410/2713/2785 1399/2720/2785 1379/2685/2785
f 1401/2699/2786 1391/2732/2786 1413/2733/2786
f 1400/2727/2787 1417/2730/2787 1377/2656/2787
f 1416/2700/2788 1393/2729/2788 1405/2675/2788
f 1399/2720/2789 1410/2713/2789 1382/2689/2789
f 1402/2602/2790 1404/2734/2790 1400/2561/2790
f 1406/2716/2791 1403/2735/2791 1394/2726/2791
f 1417/2730/2792 1408/2719/2792 1385/2731/2792
f 1423/2736/2793 1409/2695/2793 1398/2674/2793
f 1415/2725/2794 1403/2714/2794 1410/2713/2794
f 1389/2711/2795 1386/2708/2795 1387/2712/2795
f 1394/2737/2796 1414/2738/2796 1413/2733/2796
f 1407/2739/2797 1402/2602/2797 1390/2608/2797
f 1417/2730/2798 1412/2740/2798 1408/2719/2798
f 1416/2707/2799 1397/2741/2799 1380/2742/2799
f 1382/2743/2800 1419/2744/2800 1407/2739/2800
f 1401/2699/2801 1413/2733/2801 1414/2738/2801
f 1392/2682/2802 1388/2705/2802 1421/2683/2802
f 1392/2682/2803 1415/2725/2803 1388/2705/2803
f 1393/2717/2804 1408/2719/2804 1412/2740/2804
f 1414/2738/2805 1384/2693/2805 1401/2699/2805
f 1418/2697/2806 1381/2696/2806 1411/2702/2806
f 1406/2745/2807 1407/2739/2807 1419/2744/2807
f 1409/2695/2808 1423/2736/2808 1375/2746/2808
f 1404/2747/2809 1417/2730/2809 1400/2727/2809
f 1404/2747/2810 1412/2740/2810 1417/2730/2810
f 1397/2741/2811 1416/2707/2811 1418/2697/2811
f 1421/2683/2812 1397/2706/2812 1418/2748/2812
f 1402/2602/2813 1420/2680/2813 1404/2734/2813
f 1423/2749/2814 1424/2718/2814 1393/2717/2814
f 1402/2602/2815 1387/2750/2815 1420/2680/2815
f 1387/2750/2816 1395/2678/2816 1420/2680/2816
f 1420/2676/2817 1412/2728/2817 1404/2751/2817
f 1427/2752/2818 1396/2753/2818 1409/2695/2818
f 1427/2752/2819 1409/2695/2819 1375/2746/2819
f 1426/2754/2820 1394/2737/2820 1403/2755/2820
f 1418/2748/2821 1411/2756/2821 1422/2684/2821
f 1420/2676/2822 1405/2675/2822 1412/2728/2822
f 1422/2684/2823 1421/2683/2823 1418/2748/2823
f 1427/2757/2824 1382/2689/2824 1396/2571/2824
f 1380/2758/2825 1375/2746/2825 1423/2736/2825
f 1394/2737/2826 1426/2754/2826 1414/2738/2826
f 1380/2742/2827 1423/2749/2827 1393/2717/2827
f 1427/2757/2828 1399/2720/2828 1382/2689/2828
f 1403/2714/2829 1415/2725/2829 1426/2759/2829
f 1414/2760/2830 1392/2682/2830 1422/2684/2830
f 1422/2684/2831 1384/2761/2831 1414/2760/2831
f 1406/2745/2832 1419/2744/2832 1403/2762/2832
f 1384/2761/2833 1422/2684/2833 1411/2756/2833
f 1398/2763/2834 1424/2764/2834 1423/2765/2834
f 1428/2766/2835 1392/2682/2835 1414/2760/2835
f 1428/2766/2836 1415/2725/2836 1392/2682/2836
f 1416/2707/2837 1380/2742/2837 1393/2717/2837
f 1399/2720/2838 1427/2757/2838 1375/2686/2838
f 1381/2690/2839 1378/2688/2839 1425/2677/2839
f 1428/2766/2840 1414/2760/2840 1426/2759/2840
f 1426/2759/2841 1415/2725/2841 1428/2766/2841
f 1407/2739/2842 1406/2745/2842 1402/2602/2842
f 1406/2745/2843 1387/2750/2843 1402/2602/2843
f 1434/2767/2844 1439/2768/2844 1374/2593/2844
f 1430/1331/2845 1102/2162/2845 1126/2174/2845
f 1430/1331/2846 714/1327/2846 1433/1320/2846
f 1437/2769/2847 1368/2770/2847 1431/2771/2847
f 1432/2772/2848 1433/1320/2848 1439/2768/2848
f 1433/1320/2849 1432/2772/2849 1430/1331/2849
f 1112/2161/2850 1436/2163/2850 1438/2773/2850
f 1440/2774/2851 1437/2775/2851 1438/2776/2851
f 1439/2768/2852 1434/2767/2852 1440/2777/2852
f 1430/1331/2853 1126/2174/2853 1117/732/2853
f 1439/2768/2854 1435/1221/2854 1342/2636/2854
f 1440/2777/2855 1436/2163/2855 1429/2778/2855
f 1374/2593/2856 1439/2768/2856 1342/2636/2856
f 1374/2593/2857 1437/2592/2857 1434/2767/2857
f 1431/2159/2858 1438/2773/2858 1437/2592/2858
f 1429/2778/2859 1436/2163/2859 1102/2162/2859
f 1440/2777/2860 1429/2778/2860 1439/2768/2860
f 1429/2778/2861 1430/1331/2861 1432/2772/2861
f 1432/2772/2862 1439/2768/2862 1429/2778/2862
f 1102/2162/2863 1430/1331/2863 1429/2778/2863
f 1438/2776/2864 1436/2779/2864 1440/2774/2864
f 1439/2768/2865 1433/1320/2865 1435/1221/2865
f 1440/2777/2866 1434/2767/2866 1437/2592/2866
f 1112/2161/2867 1438/2773/2867 1431/2159/2867
f 1430/1331/2868 1117/732/2868 708/1330/2868
f 1175/2238/2869 1441/2780/2869 1136/2195/2869
f 1455/2781/2870 1475/2782/2870 1461/2783/2870
f 1471/2784/2871 1496/2785/2871 1500/2245/2871
f 1479/2786/2872 1474/2787/2872 10/2788/2872
f 10/2788/2873 1474/2787/2873 1487/2789/2873
f 1443/2790/2874 1450/2791/2874 1442/2792/2874
f 1472/2793/2875 1495/2794/2875 1446/2795/2875
f 1445/2796/2876 1441/2780/2876 1175/2238/2876
f 1454/2797/2877 1451/2798/2877 1452/2799/2877
f 1454/2800/2878 1490/2801/2878 1451/2802/2878
f 1475/2803/2879 1474/2804/2879 1448/2805/2879
f 1462/2806/2880 1478/2266/2880 1481/2807/2880
f 1443/2790/2881 1447/2808/2881 1450/2791/2881
f 1490/2801/2882 1454/2800/2882 1488/2809/2882
f 1474/2810/2883 1471/2811/2883 1448/2812/2883
f 1456/2813/2884 1452/2799/2884 1442/2814/2884
f 1471/2815/2885 1479/2786/2885 1473/2816/2885
f 1474/2787/2886 1479/2786/2886 1471/2815/2886
f 1479/2817/2887 10/2818/2887 1468/2819/2887
f 1456/2813/2888 1454/2797/2888 1452/2799/2888
f 1450/2791/2889 1449/2820/2889 1442/2792/2889
f 1465/2821/2890 1471/2784/2890 1500/2245/2890
f 1465/2821/2891 1500/2245/2891 1178/2235/2891
f 1479/2822/2892 1498/2823/2892 1473/2824/2892
f 1455/2781/2893 1453/2825/2893 1451/2798/2893
f 1448/2826/2894 1467/2827/2894 1464/2828/2894
f 1469/2829/2895 1459/2830/2895 1464/2831/2895
f 1451/2798/2896 1476/2832/2896 1455/2781/2896
f 1447/2808/2897 1458/2833/2897 1450/2791/2897
f 1459/2834/2898 1448/2826/2898 1464/2828/2898
f 1458/2833/2899 1447/2808/2899 1463/2835/2899
f 1471/2815/2900 1473/2816/2900 1494/2836/2900
f 1460/2837/2901 1178/2220/2901 1136/2195/2901
f 1442/2814/2902 1452/2799/2902 1453/2825/2902
f 1136/2195/2903 1441/2780/2903 1460/2837/2903
f 1445/2796/2904 1175/2238/2904 1183/2271/2904
f 1443/2838/2905 1442/2814/2905 1453/2825/2905
f 1458/2833/2906 1449/2820/2906 1450/2791/2906
f 1489/2839/2907 1454/2840/2907 1456/2841/2907
f 1489/2842/2908 1488/2809/2908 1454/2800/2908
f 1468/2819/2909 10/2818/2909 1485/2843/2909
f 1464/2828/2910 1445/2796/2910 1183/2271/2910
f 1466/2844/2911 1464/2831/2911 1183/2273/2911
f 1449/2820/2912 1458/2833/2912 1484/2845/2912
f 1442/2792/2913 1449/2820/2913 1456/2841/2913
f 1459/2830/2914 1477/2846/2914 1461/2847/2914
f 1449/2820/2915 1489/2839/2915 1456/2841/2915
f 1459/2848/2916 1469/2849/2916 1477/2850/2916
f 1467/2827/2917 1448/2826/2917 1465/2851/2917
f 1484/2845/2918 1458/2833/2918 1463/2835/2918
f 1476/2832/2919 1457/2852/2919 1455/2781/2919
f 1469/2829/2920 1462/2806/2920 1477/2846/2920
f 1466/2844/2921 1469/2829/2921 1464/2831/2921
f 1485/2843/2922 1470/2853/2922 1468/2819/2922
f 1472/2793/2923 1462/2806/2923 1481/2807/2923
f 1478/2266/2924 1462/2806/2924 1469/2829/2924
f 1474/2854/2925 1475/2782/2925 1457/2852/2925
f 1455/2781/2926 1457/2852/2926 1475/2782/2926
f 1495/2855/2927 1472/2856/2927 1481/2857/2927
f 1465/2851/2928 1460/2837/2928 1467/2827/2928
f 1455/2781/2929 1461/2783/2929 1453/2825/2929
f 1471/2858/2930 1465/2851/2930 1448/2826/2930
f 1132/2275/2931 1466/2844/2931 1183/2273/2931
f 1480/2859/2932 1485/2843/2932 1486/2860/2932
f 1462/2806/2933 1472/2793/2933 1477/2846/2933
f 1457/2861/2934 1476/2862/2934 1487/2789/2934
f 1476/2862/2935 1482/2863/2935 1487/2789/2935
f 1466/2864/2936 1132/2276/2936 1167/2262/2936
f 1467/2827/2937 1460/2837/2937 1441/2780/2937
f 1461/2847/2938 1477/2846/2938 1453/2865/2938
f 1453/2865/2939 1477/2846/2939 1443/2790/2939
f 1474/2787/2940 1457/2861/2940 1487/2789/2940
f 1463/2866/2941 1485/2843/2941 1480/2859/2941
f 1470/2853/2942 1485/2843/2942 1463/2866/2942
f 1477/2846/2943 1447/2808/2943 1443/2790/2943
f 1446/2795/2944 1447/2808/2944 1477/2846/2944
f 1167/2267/2945 1469/2829/2945 1466/2844/2945
f 1167/2267/2946 1478/2266/2946 1469/2829/2946
f 1164/2263/2947 1161/2256/2947 1444/2867/2947
f 1445/2796/2948 1464/2828/2948 1441/2780/2948
f 1478/2868/2949 1164/2263/2949 1444/2867/2949
f 1444/2869/2950 1481/2807/2950 1478/2266/2950
f 1472/2793/2951 1446/2795/2951 1477/2846/2951
f 1441/2780/2952 1464/2828/2952 1467/2827/2952
f 1447/2808/2953 1446/2795/2953 1463/2835/2953
f 1448/2870/2954 1459/2871/2954 1475/2872/2954
f 1484/2873/2955 1463/2866/2955 1480/2859/2955
f 1452/2799/2956 1451/2798/2956 1453/2825/2956
f 1446/2874/2957 1470/2853/2957 1463/2866/2957
f 1459/2875/2958 1461/2876/2958 1475/2877/2958
f 1178/2235/2959 1500/2245/2959 1181/2227/2959
f 1490/2801/2960 1476/2862/2960 1451/2802/2960
f 1178/2235/2961 1460/2878/2961 1465/2821/2961
f 1483/2879/2962 1449/2820/2962 1484/2845/2962
f 1490/2801/2963 1482/2863/2963 1476/2862/2963
f 1485/2843/2964 10/2818/2964 1487/2880/2964
f 1488/2809/2965 1482/2863/2965 1490/2801/2965
f 1484/2873/2966 1480/2859/2966 1483/2881/2966
f 1487/2880/2967 1482/2882/2967 1486/2860/2967
f 1487/2880/2968 1486/2860/2968 1485/2843/2968
f 1480/2859/2969 1486/2860/2969 1483/2881/2969
f 1483/2879/2970 1489/2839/2970 1449/2820/2970
f 1483/2881/2971 1488/2883/2971 1489/2884/2971
f 1483/2881/2972 1486/2860/2972 1488/2883/2972
f 1482/2882/2973 1488/2883/2973 1486/2860/2973
f 1494/2885/2974 1496/2785/2974 1471/2784/2974
f 1496/2785/2975 1494/2885/2975 1501/2886/2975
f 1492/2887/2976 1502/2888/2976 1498/2889/2976
f 1495/2890/2977 1493/2891/2977 1502/2888/2977
f 1446/2874/2978 1492/2887/2978 1470/2853/2978
f 1497/2892/2979 1502/2888/2979 1493/2891/2979
f 1499/2893/2980 1481/2807/2980 1444/2869/2980
f 1497/2892/2981 1494/2894/2981 1473/2895/2981
f 1498/2896/2982 1497/2897/2982 1473/2898/2982
f 1492/2887/2983 1479/2817/2983 1468/2819/2983
f 1495/2899/2984 1499/2900/2984 1493/2901/2984
f 1492/2887/2985 1498/2889/2985 1479/2817/2985
f 1491/2259/2986 1496/2785/2986 1499/2902/2986
f 1496/2785/2987 1501/2886/2987 1499/2902/2987
f 1493/2891/2988 1499/2903/2988 1501/2904/2988
f 1498/2889/2989 1502/2888/2989 1497/2892/2989
f 1446/2874/2990 1495/2890/2990 1502/2888/2990
f 1499/2905/2991 1495/2855/2991 1481/2857/2991
f 1499/2906/2992 1161/2256/2992 1491/2261/2992
f 1496/2785/2993 1153/2206/2993 1500/2245/2993
f 1446/2874/2994 1502/2888/2994 1492/2887/2994
f 1501/2904/2995 1494/2894/2995 1497/2892/2995
f 1492/2887/2996 1468/2819/2996 1470/2853/2996
f 1491/2259/2997 1153/2206/2997 1496/2785/2997
f 1161/2256/2998 1499/2906/2998 1444/2867/2998
f 1493/2891/2999 1501/2904/2999 1497/2892/2999
